Customer ID,Customer Status,Date Order was placed,Delivery Date,Order ID,Product ID,Quantity Ordered,Total Retail Price for This Order,Cost Price Per Unit
579,Silver,01-Jan-17,07-Jan-17,123002578,220101400106,2,92.6,20.7
7574,SILVER,01-Jan-17,05-Jan-17,123004074,210201000009,1,21.7,9.95
28861,Gold,01-Jan-17,04-Jan-17,123000871,230100500068,1,1.7,0.8
43796,Gold,01-Jan-17,06-Jan-17,123002851,220100100633,1,47.9,24.05
54673,Gold,01-Jan-17,04-Jan-17,123003607,220200200043,1,36.9,18.3
74503,Silver,01-Jan-17,04-Jan-17,123000487,240200100007,1,24.7,11.8
1870,Silver,02-Jan-17,02-Jan-17,123006324,240100400009,1,65.5,25.6
2351,Silver,02-Jan-17,02-Jan-17,123005769,240600100089,2,44,9.1
3073,Silver,02-Jan-17,02-Jan-17,123008467,240200100215,1,108.7,56.3
5907,Gold,02-Jan-17,06-Jan-17,123008924,220200300083,1,53,26.6
7309,SILVER,02-Jan-17,07-Jan-17,123006398,220200200021,1,64,37.85
9216,Silver,02-Jan-17,02-Jan-17,123009762,220100100108,1,114.2,57.2
9542,Silver,02-Jan-17,06-Jan-17,123009779,220200100226,2,266.4,66.7
12409,Gold,02-Jan-17,02-Jan-17,123005849,240200100047,2,29.6,7.5
12601,Silver,02-Jan-17,07-Jan-17,123009881,240800100075,2,647.2,133.55
14679,Silver,02-Jan-17,07-Jan-17,123009905,240500100046,1,69.8,22.4
16958,GOLD,02-Jan-17,02-Jan-17,123009956,220200200045,3,339,51.45
17705,Silver,02-Jan-17,02-Jan-17,123008541,230100300001,1,12.7,5.75
18363,Silver,02-Jan-17,03-Jan-17,123009987,240800100080,2,423.2,94.25
18432,Silver,02-Jan-17,04-Jan-17,123009996,240600100165,1,22.8,9.75
18802,Gold,02-Jan-17,02-Jan-17,123006561,240500100011,1,39.2,17.85
19121,Silver,02-Jan-17,02-Jan-17,123006600,240800200042,2,95.8,20.9
19669,GOLD,02-Jan-17,02-Jan-17,123008945,230100500095,1,96.9,40
20504,Gold,02-Jan-17,04-Jan-17,123010084,220200300121,2,169.8,38.7
21446,Gold,02-Jan-17,06-Jan-17,123008948,240300300032,2,94.6,20.2
23400,Silver,02-Jan-17,02-Jan-17,123008591,210200600085,1,36.6,16.55
25625,Gold,02-Jan-17,02-Jan-17,123006672,240500200069,1,10.2,4.85
27779,Silver,02-Jan-17,02-Jan-17,123010227,230100100033,2,103,23.75
28821,Gold,02-Jan-17,07-Jan-17,123006707,240300300005,2,256,55.8
29095,Silver,02-Jan-17,02-Jan-17,123010254,240800200008,8,1202,60.1
29494,Silver,02-Jan-17,02-Jan-17,123009270,240500100055,1,93.2,37.3
30556,SILVER,02-Jan-17,02-Jan-17,123010296,220100700027,1,57.9,29.05
30802,GOLD,02-Jan-17,02-Jan-17,123008037,240100300005,1,45,19.2
31447,Gold,02-Jan-17,06-Jan-17,123008053,210200400047,1,30.6,15.4
33957,Silver,02-Jan-17,06-Jan-17,123008997,220200200085,1,41.4,18
35331,Silver,02-Jan-17,06-Jan-17,123009271,230100100024,2,91,20.8
35484,Silver,02-Jan-17,04-Jan-17,123010388,240800100099,2,51.4,10.4
35675,Gold,02-Jan-17,02-Jan-17,123008662,220101300016,1,24.3,10.9
35983,Gold,02-Jan-17,02-Jan-17,123010401,220100100232,1,40.5,20.35
38619,Silver,02-Jan-17,02-Jan-17,123008100,220200200066,1,88.2,38.4
39859,Gold,02-Jan-17,02-Jan-17,123010492,240800200018,2,78.8,16.35
40639,Gold,02-Jan-17,02-Jan-17,123006897,220200300117,1,99.6,45.35
40959,Silver,02-Jan-17,02-Jan-17,123009289,240100300001,1,35.5,17.9
43110,Silver,02-Jan-17,02-Jan-17,123007162,230100100015,2,213.8,45.5
43450,SILVER,02-Jan-17,02-Jan-17,123005983,220100100218,2,73.4,18.45
43894,Silver,02-Jan-17,02-Jan-17,123010577,220100500016,1,196,86.45
43941,Silver,02-Jan-17,02-Jan-17,123010597,220101300012,1,18.4,8.3
45734,Gold,02-Jan-17,02-Jan-17,123009293,220101200019,1,47.4,20.55
49196,Gold,02-Jan-17,02-Jan-17,123006025,240100100379,2,3,0.7
50740,Gold,02-Jan-17,12-Jan-17,123010721,230100500087,1,91.1,37.95
51269,Gold,02-Jan-17,07-Jan-17,123008749,220100100617,1,37.3,18.75
52897,Silver,02-Jan-17,02-Jan-17,123010782,220100400004,1,100.9,50.55
55397,Silver,02-Jan-17,02-Jan-17,123010869,220101400385,1,24.8,12.35
57190,Gold,02-Jan-17,02-Jan-17,123006992,220200100126,1,33.4,16.8
58517,Silver,02-Jan-17,02-Jan-17,123010943,220100100638,1,55.6,23.7
58709,Silver,02-Jan-17,02-Jan-17,123010973,240100400057,1,217.5,161.2
59593,PLATINUM,02-Jan-17,02-Jan-17,123010979,240800100090,2,413.8,82.8
62216,SILVER,02-Jan-17,04-Jan-17,123007573,240500200141,1,101.1,48.1
62236,Gold,02-Jan-17,02-Jan-17,123007583,240200200070,1,24.3,13
63455,Silver,02-Jan-17,02-Jan-17,123011082,240700200019,1,16.9,8.6
65598,Silver,02-Jan-17,03-Jan-17,123011212,240500200140,1,28,13.4
70285,Silver,02-Jan-17,02-Jan-17,123007173,230100100059,2,268.8,57.05
71485,Gold,02-Jan-17,02-Jan-17,123006109,210201000133,2,24,3.8
71955,Gold,02-Jan-17,02-Jan-17,123008192,240100100591,1,99.3,45.2
72062,Gold,02-Jan-17,03-Jan-17,123009072,220200100107,1,179,89.6
72333,Gold,02-Jan-17,02-Jan-17,123007641,210200300053,1,42.4,21.3
72617,Silver,02-Jan-17,02-Jan-17,123008196,240800200053,4,98.4,11.8
73736,GOLD,02-Jan-17,02-Jan-17,123008210,210200600018,1,38.8,18.05
74605,GOLD,02-Jan-17,07-Jan-17,123008222,240100200002,1,15.3,6.05
74813,Gold,02-Jan-17,02-Jan-17,123006126,230100500091,2,382,80.45
75510,Silver,02-Jan-17,02-Jan-17,123008247,210200900022,1,11.4,5.15
75673,GOLD,02-Jan-17,02-Jan-17,123007660,220100700039,1,55.1,27.65
76263,Silver,02-Jan-17,02-Jan-17,123009087,210200600122,1,70,30.45
76405,Silver,02-Jan-17,02-Jan-17,123009094,240800200049,2,40,9.25
78982,Gold,02-Jan-17,02-Jan-17,123007759,220200100090,2,177.2,44.4
83947,Silver,02-Jan-17,02-Jan-17,123006193,240100100155,2,66.6,14.85
84704,Gold,02-Jan-17,03-Jan-17,123008341,240100400087,1,117.2,58.55
85502,Silver,02-Jan-17,02-Jan-17,123007231,230100700008,1,494.4,241
85636,SILVER,02-Jan-17,02-Jan-17,123007867,220200300036,1,93.8,41.75
87274,Gold,02-Jan-17,02-Jan-17,123009180,220200100047,2,149.6,36.85
87322,GOLD,02-Jan-17,03-Jan-17,123006229,220100100265,2,89.4,22.45
88346,Gold,02-Jan-17,04-Jan-17,123006250,220101400067,3,35.7,5.4
89765,SILVER,02-Jan-17,02-Jan-17,123008368,240300300057,2,715.2,149.05
92956,Silver,02-Jan-17,02-Jan-17,123009195,230100100013,2,226.2,58.9
93084,Gold,02-Jan-17,02-Jan-17,123007948,240100100572,1,25.8,11.05
94196,Gold,02-Jan-17,02-Jan-17,123009206,220100100458,1,122.4,61.15
1155,Silver,03-Jan-17,03-Jan-17,123012964,220200100099,2,315.6,79
1419,Silver,03-Jan-17,03-Jan-17,123015824,240800200020,2,326.8,74.3
1562,Gold,03-Jan-17,03-Jan-17,123015830,220100100530,1,52.2,26.2
2501,Gold,03-Jan-17,04-Jan-17,123011798,220200200078,3,323.1,46.8
2910,Silver,03-Jan-17,03-Jan-17,123011816,240800200051,6,156.6,12.45
5017,Silver,03-Jan-17,05-Jan-17,123015934,220200300070,1,100.2,45.6
5167,Gold,03-Jan-17,03-Jan-17,123015943,230100100059,2,268.8,57.05
5806,GOLD,03-Jan-17,03-Jan-17,123015958,240100100256,1,46.8,22.05
8028,Gold,03-Jan-17,03-Jan-17,123016014,230100200004,1,99.9,50.05
8978,Gold,03-Jan-17,03-Jan-17,123011962,220101400181,1,49.5,22.1
9305,Silver,03-Jan-17,03-Jan-17,123013798,240100300004,1,22.9,9.1
9785,Gold,03-Jan-17,03-Jan-17,123011967,230100700002,1,220,135
9867,Silver,03-Jan-17,05-Jan-17,123011989,240300200034,3,146.1,22.1
10705,Gold,03-Jan-17,03-Jan-17,123016083,210201000031,1,28.2,12.6
12743,Silver,03-Jan-17,06-Jan-17,123014535,220101400105,1,51.7,23.6
13162,Gold,03-Jan-17,05-Jan-17,123015460,230100300023,1,34.8,14.55
14958,Platinum,03-Jan-17,03-Jan-17,123016296,210200600078,1,9.4,4.05
15780,Silver,03-Jan-17,03-Jan-17,123016303,220200200021,1,64,37.85
16924,SILVER,03-Jan-17,03-Jan-17,123016319,210200600025,1,38.5,17.9
20641,Gold,03-Jan-17,03-Jan-17,123014556,220101400422,1,69.5,34.7
20643,Gold,03-Jan-17,03-Jan-17,123016401,230100600010,1,125.3,61.35
20991,Silver,03-Jan-17,04-Jan-17,123016410,240100100409,1,35.3,18.4
21537,Gold,03-Jan-17,03-Jan-17,123012105,220100100356,1,35.2,17.7
23706,SILVER,03-Jan-17,03-Jan-17,123014578,220200100139,1,57.3,28.75
24817,Gold,03-Jan-17,03-Jan-17,123012171,220200300115,1,84.9,38.65
25017,Silver,03-Jan-17,08-Jan-17,123013094,220200200022,1,57.3,33.9
26667,SILVER,03-Jan-17,04-Jan-17,123012193,240800200052,4,97.2,11.65
27982,Gold,03-Jan-17,03-Jan-17,123016657,220200100150,2,89.8,22.55
28326,Gold,03-Jan-17,03-Jan-17,123014614,240700400002,1,33.6,14.65
29063,Gold,03-Jan-17,03-Jan-17,123013112,240200200019,1,129.8,12.25
30160,Silver,03-Jan-17,03-Jan-17,123016715,220100300020,2,22.6,4.55
32777,Silver,03-Jan-17,03-Jan-17,123014993,240200200079,1,93.2,8.75
32953,Gold,03-Jan-17,03-Jan-17,123012328,230100600036,1,103.2,50.4
34354,SILVER,03-Jan-17,03-Jan-17,123013117,240100100382,2,17.8,4.15
35072,SILVER,03-Jan-17,03-Jan-17,123012350,240100100042,2,219.4,50.85
35655,Silver,03-Jan-17,03-Jan-17,123012377,220100100277,1,34.6,17.4
36387,Silver,03-Jan-17,04-Jan-17,123012386,230100200022,2,213,50.65
36528,Gold,03-Jan-17,04-Jan-17,123014666,220200100160,2,69.8,17.55
37240,Gold,03-Jan-17,03-Jan-17,123016895,220100100408,1,6.7,3.4
37448,Silver,03-Jan-17,03-Jan-17,123012413,240800100089,2,219.8,44
37453,Silver,03-Jan-17,03-Jan-17,123016897,220101400304,1,16,8.1
37670,Gold,03-Jan-17,05-Jan-17,123011389,230100500096,2,71,17.25
40942,GOLD,03-Jan-17,03-Jan-17,123017002,240500100057,1,38.4,17.1
41552,Silver,03-Jan-17,06-Jan-17,123017017,240800200064,2,77.6,15.55
41728,Silver,03-Jan-17,04-Jan-17,123015040,220200100097,2,179.6,45
41857,Gold,03-Jan-17,03-Jan-17,123014690,220200100160,1,34.9,17.55
43336,Gold,03-Jan-17,03-Jan-17,123014705,210200300036,1,19.4,9.8
43532,Gold,03-Jan-17,03-Jan-17,123013203,220200100104,1,94.3,47.25
43763,Silver,03-Jan-17,03-Jan-17,123012496,240100100700,1,97.9,42.05
44142,Gold,03-Jan-17,03-Jan-17,123017077,210200300018,1,19.3,9.75
45031,Silver,03-Jan-17,03-Jan-17,123017122,210201000081,1,27.7,12.4
45220,SILVER,03-Jan-17,03-Jan-17,123014724,220100100038,1,19.7,9.95
47727,Silver,03-Jan-17,03-Jan-17,123014746,220101400061,2,102,23.3
48131,Silver,03-Jan-17,05-Jan-17,123012571,220200200036,1,60.2,27.4
49016,Gold,03-Jan-17,03-Jan-17,123014751,220200300153,1,79.4,37
49627,GOLD,03-Jan-17,03-Jan-17,123015081,240700300004,1,17,8.1
50115,Platinum,03-Jan-17,03-Jan-17,123014004,240100100191,1,13.2,5.45
50121,Gold,03-Jan-17,03-Jan-17,123014008,240100100649,1,77.1,32.85
52297,Silver,03-Jan-17,03-Jan-17,123014764,210200500006,1,24,11.95
54264,Silver,03-Jan-17,08-Jan-17,123012664,230100600036,1,103.2,50.4
55412,Silver,03-Jan-17,07-Jan-17,123014034,240100100053,1,22.8,11.45
55859,Silver,03-Jan-17,09-Jan-17,123015585,230100100006,2,352,74.55
56023,Gold,03-Jan-17,03-Jan-17,123014798,220100100043,1,18.1,7.8
57345,Gold,03-Jan-17,03-Jan-17,123014814,220100400006,1,113.9,57.05
57585,Gold,03-Jan-17,03-Jan-17,123014818,210200100008,1,56.4,25
57721,Silver,03-Jan-17,03-Jan-17,123012703,220200300029,1,71.6,32.6
57835,Gold,03-Jan-17,07-Jan-17,123012713,230100500081,1,73,30.35
59179,Gold,03-Jan-17,03-Jan-17,123012715,220100800052,1,85.4,40.7
59852,Silver,03-Jan-17,03-Jan-17,123017557,240800200009,2,171.2,34.3
60839,GOLD,03-Jan-17,03-Jan-17,123017575,220100100197,1,101.3,50.75
62039,Gold,03-Jan-17,03-Jan-17,123013358,220100100036,1,41.2,20.7
71302,Gold,03-Jan-17,07-Jan-17,123014115,240100100083,1,11.6,4.75
72047,Silver,03-Jan-17,08-Jan-17,123015148,220200300161,2,45.2,9.65
72529,Silver,03-Jan-17,05-Jan-17,123011785,240200200088,1,66.7,27.45
72948,Silver,03-Jan-17,03-Jan-17,123014136,240200100225,1,147.2,74.9
74053,Silver,03-Jan-17,05-Jan-17,123011560,210200400029,5,243.5,24.45
75260,GOLD,03-Jan-17,07-Jan-17,123015632,230100100058,2,96.6,20.5
75787,Gold,03-Jan-17,03-Jan-17,123014158,220100500018,1,65.8,30
76424,Silver,03-Jan-17,12-Jan-17,123014172,240100300005,1,45,19.2
78336,GOLD,03-Jan-17,09-Jan-17,123013545,210201000087,1,20,9.15
78776,Gold,03-Jan-17,09-Jan-17,123015747,230100500094,2,173.2,34.1
80827,GOLD,03-Jan-17,09-Jan-17,123015664,230100100044,2,201.2,40.3
81252,Silver,03-Jan-17,03-Jan-17,123012930,240400200087,1,127.3,53.05
81276,Silver,03-Jan-17,03-Jan-17,123015231,230100200036,1,69.4,34.8
82759,Gold,03-Jan-17,03-Jan-17,123015672,220100500026,1,63,28.7
84975,Silver,03-Jan-17,05-Jan-17,123013774,220200100194,1,122.6,61.4
86719,Platinum,03-Jan-17,03-Jan-17,123014347,240800200009,2,171.2,34.3
88064,Silver,03-Jan-17,03-Jan-17,123015288,220200100023,1,72.8,36.5
89823,Gold,03-Jan-17,03-Jan-17,123015306,210200900016,1,13.9,6.55
90475,Silver,03-Jan-17,04-Jan-17,123015326,220100300013,5,66,6.5
90773,Silver,03-Jan-17,03-Jan-17,123015336,220101400197,1,34.6,15.5
92806,Gold,03-Jan-17,03-Jan-17,123013740,220200100100,2,170.6,42.75
92990,Silver,03-Jan-17,07-Jan-17,123011724,220100100216,2,115.6,29
93318,SILVER,03-Jan-17,06-Jan-17,123013747,240600100109,1,44,19.15
93526,Silver,03-Jan-17,03-Jan-17,123011745,240700100006,2,47,9.5
1642,SILVER,04-Jan-17,04-Jan-17,123018141,240600100028,1,18.6,7.5
8474,GOLD,04-Jan-17,04-Jan-17,123019095,240700400001,1,62.8,27.3
9359,Silver,04-Jan-17,10-Jan-17,123019983,240700400024,1,63.6,33.15
10171,SILVER,04-Jan-17,04-Jan-17,123018193,240100300006,1,51.5,22.8
12656,Gold,04-Jan-17,04-Jan-17,123020045,240700100006,1,23.5,9.5
16444,GOLD,04-Jan-17,04-Jan-17,123020134,230100700009,1,540.7,276
26213,Gold,04-Jan-17,04-Jan-17,123017796,230100600026,4,474.4,59.4
27682,Silver,04-Jan-17,04-Jan-17,123018765,220100500026,1,63,28.7
29859,GOLD,04-Jan-17,09-Jan-17,123020393,240100100184,1,183.1,85.4
29938,Silver,04-Jan-17,06-Jan-17,123018315,230100700004,1,360,199
33225,GOLD,04-Jan-17,04-Jan-17,123020445,240500100064,2,111.4,24.2
54907,Silver,04-Jan-17,04-Jan-17,123018814,230100500058,1,16.7,7.25
54941,Gold,04-Jan-17,06-Jan-17,123020838,240100200003,2,64.8,13.65
56452,Silver,04-Jan-17,04-Jan-17,123020878,240700100011,1,26.99,10.23
59620,Silver,04-Jan-17,04-Jan-17,123018432,220101400374,1,33.7,15.7
59648,SILVER,04-Jan-17,04-Jan-17,123020952,240400300028,1,78.3,31.4
60047,Silver,04-Jan-17,04-Jan-17,123020962,220200100082,1,160.7,80.45
62111,GOLD,04-Jan-17,04-Jan-17,123021047,220101300006,1,27.3,12.25
71252,Gold,04-Jan-17,04-Jan-17,123018471,220100100566,1,59,29.6
75680,SILVER,04-Jan-17,04-Jan-17,123018921,240100100434,1,15.3,7.5
75685,Gold,04-Jan-17,04-Jan-17,123019310,220200100083,1,156.3,78.25
76815,Silver,04-Jan-17,04-Jan-17,123019619,240100100604,1,83.9,35
80070,Gold,04-Jan-17,04-Jan-17,123019663,220200100099,1,157.8,79
81370,Silver,04-Jan-17,08-Jan-17,123019361,240300300037,2,129.4,27.3
81871,Silver,04-Jan-17,06-Jan-17,123018587,240200100248,1,9.9,5.05
82117,Silver,04-Jan-17,04-Jan-17,123018945,240500200137,1,28.5,13.6
82178,GOLD,04-Jan-17,04-Jan-17,123019673,240100100661,2,46.4,9.95
83469,Gold,04-Jan-17,04-Jan-17,123018598,210200300056,1,36.8,18.5
85630,Silver,04-Jan-17,04-Jan-17,123018979,240400200072,1,4.7,1.8
85925,Silver,04-Jan-17,04-Jan-17,123018614,240200100180,1,121.6,62.9
86868,Gold,04-Jan-17,04-Jan-17,123019422,220101400185,1,33.7,15
87130,Silver,04-Jan-17,04-Jan-17,123019011,210200400011,1,46,23.1
90385,Gold,04-Jan-17,04-Jan-17,123019042,220100100277,1,34.6,17.4
91893,Silver,04-Jan-17,04-Jan-17,123019467,220101400020,1,109.2,49.75
327,GOLD,05-Jan-17,08-Jan-17,123024889,240800200052,2,48.6,11.65
2608,Silver,05-Jan-17,05-Jan-17,123024946,240100100262,1,23.2,9.7
2769,Gold,05-Jan-17,10-Jan-17,123024956,240800200008,2,300.5,60.1
2884,Gold,05-Jan-17,05-Jan-17,123023774,240100400084,1,63.8,31.85
3105,Gold,05-Jan-17,05-Jan-17,123023175,240100100235,2,26.4,5.65
4916,Gold,05-Jan-17,05-Jan-17,123025042,230100600030,1,86.3,41.4
8399,Silver,05-Jan-17,05-Jan-17,123023813,220100100316,1,49.5,24.85
10708,GOLD,05-Jan-17,10-Jan-17,123024169,230100400008,4,40,3.8
11516,Silver,05-Jan-17,08-Jan-17,123025190,240800200008,2,300.5,60.1
13337,Gold,05-Jan-17,05-Jan-17,123025245,220101400346,1,34.5,17.2
14862,Silver,05-Jan-17,05-Jan-17,123021668,240500200056,1,24.1,11.55
15509,Silver,05-Jan-17,05-Jan-17,123023851,210200300103,1,19.7,9.95
16451,GOLD,05-Jan-17,05-Jan-17,123023862,240100100554,2,127.6,27.5
17981,Gold,05-Jan-17,05-Jan-17,123024196,220100300021,2,34.8,8.2
20990,Silver,05-Jan-17,05-Jan-17,123023909,240700400031,1,54,27.1
21957,Silver,05-Jan-17,05-Jan-17,123025421,230100100016,2,337.2,71.75
22261,Gold,05-Jan-17,05-Jan-17,123022565,210201000008,1,17.9,8.05
22287,Silver,05-Jan-17,08-Jan-17,123022571,220100200005,1,71.7,28.65
22896,Gold,05-Jan-17,05-Jan-17,123021743,220101400109,1,49.5,22.6
24189,Silver,05-Jan-17,05-Jan-17,123023911,230100400031,4,116.4,13.45
24483,SILVER,05-Jan-17,09-Jan-17,123023914,220100100108,1,114.2,57.2
25908,Gold,05-Jan-17,05-Jan-17,123021791,240500200113,2,84.4,20.05
28327,Silver,05-Jan-17,05-Jan-17,123023923,220200300070,1,100.2,45.6
29101,GOLD,05-Jan-17,08-Jan-17,123025631,240800200043,2,84.6,18.45
29259,Silver,05-Jan-17,05-Jan-17,123023929,210200500012,1,79,32.8
30921,Silver,05-Jan-17,05-Jan-17,123021891,220101400393,1,95.5,43.45
32139,Silver,05-Jan-17,05-Jan-17,123021913,220101300012,1,18.4,8.3
33756,Silver,05-Jan-17,05-Jan-17,123023264,240100100155,1,33.3,14.85
34933,Gold,05-Jan-17,06-Jan-17,123024840,230100100054,2,647.8,148.55
35443,Silver,05-Jan-17,06-Jan-17,123025837,240800200002,4,681.5,68.15
36774,Gold,05-Jan-17,05-Jan-17,123025850,240500100060,1,54.7,23.85
38734,Gold,05-Jan-17,05-Jan-17,123023979,210200300079,1,32.1,16.15
38776,Silver,05-Jan-17,09-Jan-17,123022006,230100600016,1,77,38.6
39217,Silver,05-Jan-17,05-Jan-17,123023326,220100100136,1,45.8,23
39279,Silver,05-Jan-17,05-Jan-17,123025944,220200200018,1,66.4,30.25
39987,Silver,05-Jan-17,05-Jan-17,123025963,230100500077,1,173,72.75
40267,Silver,05-Jan-17,05-Jan-17,123024632,210200600084,1,34.8,14.9
40813,GOLD,05-Jan-17,05-Jan-17,123022013,220100100563,1,38.6,19.4
44209,GOLD,05-Jan-17,05-Jan-17,123022635,210200600050,1,49.6,20.55
45499,Gold,05-Jan-17,05-Jan-17,123023370,220100700014,1,62.2,29.9
45507,Silver,05-Jan-17,09-Jan-17,123023380,210200700016,1,23.5,9.2
46044,Silver,05-Jan-17,05-Jan-17,123026119,220101400215,1,18.2,8.45
46517,Gold,05-Jan-17,09-Jan-17,123026159,240800200042,2,95.8,20.9
46791,Gold,05-Jan-17,09-Jan-17,123024033,220100300018,4,102.4,12.1
47240,Gold,05-Jan-17,08-Jan-17,123026167,240100400021,1,91.6,45.75
47310,Gold,05-Jan-17,05-Jan-17,123026170,210200900020,1,24.5,9.85
48112,Silver,05-Jan-17,05-Jan-17,123022056,240300300049,2,90.8,19.55
48529,SILVER,05-Jan-17,05-Jan-17,123022078,240600100089,1,22,9.1
51787,Gold,05-Jan-17,05-Jan-17,123026261,210200400040,1,46.5,23.35
52261,Gold,05-Jan-17,05-Jan-17,123023459,230100700004,1,360,199
52656,Platinum,05-Jan-17,05-Jan-17,123026275,240700200005,1,6,2.85
55792,Gold,05-Jan-17,05-Jan-17,123026333,230100500077,1,173,72.75
57581,Silver,05-Jan-17,05-Jan-17,123026402,220101300017,1,16.5,7.45
57756,Silver,05-Jan-17,08-Jan-17,123024330,220100100410,1,11.2,5.7
58685,Gold,05-Jan-17,05-Jan-17,123026409,240100100672,2,395.8,84.9
60664,Gold,05-Jan-17,05-Jan-17,123021227,240500100062,2,109.2,23.85
61786,Silver,05-Jan-17,06-Jan-17,123026450,230100100035,2,141.6,29.8
62687,Gold,05-Jan-17,05-Jan-17,123022304,220101200029,1,52.3,22.65
63599,SILVER,05-Jan-17,10-Jan-17,123023511,240100400081,1,120.1,56.45
70714,Gold,05-Jan-17,05-Jan-17,123023528,220100500010,1,93,41
71609,Gold,05-Jan-17,09-Jan-17,123021116,240100100598,2,154.4,32.9
72452,SILVER,05-Jan-17,05-Jan-17,123023552,220100800049,1,40.6,19.25
73047,Silver,05-Jan-17,08-Jan-17,123021126,240100100306,2,17.8,4.1
74708,SILVER,05-Jan-17,05-Jan-17,123022864,210200400076,1,60.1,30.15
76587,Platinum,05-Jan-17,05-Jan-17,123024387,220200100035,1,62.6,31.4
77828,Gold,05-Jan-17,05-Jan-17,123022892,220101200020,1,55.9,24.2
78276,Gold,05-Jan-17,05-Jan-17,123022403,220100500026,1,63,28.7
79719,Silver,05-Jan-17,05-Jan-17,123022934,240100400044,1,353.6,174.75
80320,Silver,05-Jan-17,11-Jan-17,123021447,240200100077,1,149.1,90.7
80346,Gold,05-Jan-17,06-Jan-17,123022936,240300100004,4,69.6,8.1
81240,GOLD,05-Jan-17,05-Jan-17,123023612,240700400036,1,6.2,2.75
81391,SILVER,05-Jan-17,05-Jan-17,123022409,240100300006,2,103,22.8
81437,Gold,05-Jan-17,07-Jan-17,123024425,220200100057,1,125.8,63
81842,SILVER,05-Jan-17,10-Jan-17,123022992,230100700004,1,360,199
85630,Silver,05-Jan-17,05-Jan-17,123023677,210200300121,1,70.8,36.9
86519,Gold,05-Jan-17,05-Jan-17,123023075,240600100007,1,11.7,4.8
87110,Silver,05-Jan-17,05-Jan-17,123024462,210201000125,1,51.3,23.4
87295,Silver,05-Jan-17,08-Jan-17,123023084,220200200039,1,95.5,43.55
87531,SILVER,05-Jan-17,08-Jan-17,123023692,240100100372,1,28.8,12.3
88779,SILVER,05-Jan-17,05-Jan-17,123024485,220101200009,1,106.8,42.8
88885,Silver,05-Jan-17,05-Jan-17,123024833,240500200081,1,126.8,52.9
88942,Gold,05-Jan-17,05-Jan-17,123021382,240100200007,1,3.3,1.35
89147,Gold,05-Jan-17,05-Jan-17,123023095,220200200038,1,38.2,18.95
89392,Gold,05-Jan-17,05-Jan-17,123023110,220200100029,1,104.3,52.25
89625,Silver,05-Jan-17,05-Jan-17,123024834,230100600021,1,84.2,42.2
89875,Gold,05-Jan-17,06-Jan-17,123024509,220200300144,2,166,37.8
90177,GOLD,05-Jan-17,05-Jan-17,123024519,210200300053,1,42.4,21.3
90962,Gold,05-Jan-17,05-Jan-17,123022457,220200300056,1,93.1,42.45
91866,Silver,05-Jan-17,11-Jan-17,123023134,220101400003,1,91.6,41.75
407,Silver,06-Jan-17,07-Jan-17,123030346,240500200011,1,30.8,14.35
2285,Silver,06-Jan-17,09-Jan-17,123030368,240800200051,2,52.2,12.45
2304,Gold,06-Jan-17,06-Jan-17,123029243,240500200003,1,23.2,11.1
2455,GOLD,06-Jan-17,11-Jan-17,123030385,240700400013,1,68.2,35.55
2777,Silver,06-Jan-17,11-Jan-17,123028047,220100700038,1,100.2,47.75
4611,Silver,06-Jan-17,06-Jan-17,123028715,210201000081,1,27.7,12.4
6229,GOLD,06-Jan-17,06-Jan-17,123027062,220100700003,1,108.7,53
7011,GOLD,06-Jan-17,06-Jan-17,123028724,240800100039,2,171.6,39.9
7089,Gold,06-Jan-17,06-Jan-17,123027080,240600100203,1,38.7,15.85
8011,Gold,06-Jan-17,07-Jan-17,123027107,230100200041,2,116.6,29.25
8465,Silver,06-Jan-17,06-Jan-17,123027116,240600100013,1,3.4,1.25
10380,Silver,06-Jan-17,06-Jan-17,123028763,220100300039,2,408.8,87.15
10675,Silver,06-Jan-17,06-Jan-17,123030555,230100500080,1,25,12.2
10935,Gold,06-Jan-17,06-Jan-17,123027141,230100100063,2,689.6,158.1
11361,Gold,06-Jan-17,07-Jan-17,123028078,240400300026,1,92.7,40.3
12604,Silver,06-Jan-17,13-Jan-17,123027168,220200300056,2,186.2,42.45
13143,Gold,06-Jan-17,06-Jan-17,123030613,240100100581,1,27.5,11.35
13743,Gold,06-Jan-17,06-Jan-17,123030697,240200200068,1,298.8,151.55
14792,Silver,06-Jan-17,11-Jan-17,123027199,230100600016,1,77,38.6
14864,Silver,06-Jan-17,11-Jan-17,123028104,240600100115,1,47.9,20
15223,Gold,06-Jan-17,06-Jan-17,123029350,240100100231,1,11.4,5.3
15610,Gold,06-Jan-17,09-Jan-17,123030722,240500100044,1,71.2,28.5
16934,Silver,06-Jan-17,07-Jan-17,123030773,230100100031,2,920.8,209.35
18459,Gold,06-Jan-17,10-Jan-17,123030839,240100100256,1,46.8,22.05
18544,Gold,06-Jan-17,06-Jan-17,123028784,230100100061,2,350.4,73.65
20322,SILVER,06-Jan-17,06-Jan-17,123030876,220101400131,1,22.3,7.75
21231,SILVER,06-Jan-17,06-Jan-17,123029404,220200100063,1,66.5,33.35
23094,Gold,06-Jan-17,06-Jan-17,123027268,230100600023,1,73.4,36.8
24740,Gold,06-Jan-17,06-Jan-17,123027304,230100300023,1,34.8,14.55
24787,Gold,06-Jan-17,06-Jan-17,123029748,230100700004,1,360,199
25201,SILVER,06-Jan-17,06-Jan-17,123029750,220100100400,1,105.3,50.15
25580,SILVER,06-Jan-17,06-Jan-17,123028168,240600100052,1,40.5,18.5
25950,Gold,06-Jan-17,06-Jan-17,123030973,210200900033,1,14.1,6.4
26792,Silver,06-Jan-17,09-Jan-17,123027320,240300200053,5,267.5,24.3
26952,GOLD,06-Jan-17,06-Jan-17,123026592,240100100085,2,3.8,0.85
33036,SILVER,06-Jan-17,06-Jan-17,123028911,220200300161,1,22.6,9.65
33587,Silver,06-Jan-17,10-Jan-17,123028193,220100500010,1,93,41
36032,GOLD,06-Jan-17,10-Jan-17,123028217,240100100368,1,50,24
38365,GOLD,06-Jan-17,06-Jan-17,123031264,210200600052,1,33.2,14
38432,Gold,06-Jan-17,06-Jan-17,123031275,240500200007,1,9.5,4.55
42505,Gold,06-Jan-17,09-Jan-17,123028962,240100100383,1,32.1,15.35
44210,Silver,06-Jan-17,06-Jan-17,123026681,230100500004,2,6.4,1.35
45474,Silver,06-Jan-17,06-Jan-17,123030141,230100100052,4,740.4,77.7
47446,Gold,06-Jan-17,09-Jan-17,123026709,220101400060,2,64.2,14.7
48938,GOLD,06-Jan-17,06-Jan-17,123029807,220101400025,1,26.9,12.05
51812,Gold,06-Jan-17,06-Jan-17,123027722,220200100204,1,80.7,40.45
52297,SILVER,06-Jan-17,06-Jan-17,123029575,240100200002,1,15.3,6.05
52809,Silver,06-Jan-17,11-Jan-17,123031545,240700100004,2,52.4,13.55
52974,Gold,06-Jan-17,11-Jan-17,123031550,240500200101,1,119.4,49.75
54393,Silver,06-Jan-17,12-Jan-17,123030164,220200300082,1,71,32.3
56800,Silver,06-Jan-17,06-Jan-17,123029593,240100200005,1,32.4,13.65
57270,Silver,06-Jan-17,07-Jan-17,123029600,220100100458,1,122.4,61.15
57632,Silver,06-Jan-17,07-Jan-17,123029605,220100700038,1,100.2,47.75
60271,Gold,06-Jan-17,06-Jan-17,123031799,230100600015,1,78.2,39.2
60496,Gold,06-Jan-17,06-Jan-17,123029618,220101400371,1,25.7,12.8
62266,Gold,06-Jan-17,06-Jan-17,123031949,230100300023,1,34.8,14.55
64040,Silver,06-Jan-17,11-Jan-17,123026752,240100400079,4,921.2,102.45
64405,Gold,06-Jan-17,06-Jan-17,123031989,220100100150,1,62.2,31.2
65156,Gold,06-Jan-17,09-Jan-17,123026769,220101400392,2,198.6,45.15
65796,Silver,06-Jan-17,06-Jan-17,123027895,220100700027,1,57.9,29.05
72949,Gold,06-Jan-17,06-Jan-17,123029070,220100100329,1,83.5,41.85
74387,Silver,06-Jan-17,06-Jan-17,123028446,240600100027,1,35.4,14.25
74523,Silver,06-Jan-17,06-Jan-17,123030233,240500100062,2,109.2,23.85
76882,Silver,06-Jan-17,06-Jan-17,123028494,220101400116,1,76.4,34.85
77475,Gold,06-Jan-17,06-Jan-17,123029095,210200500006,1,24,11.95
78047,Silver,06-Jan-17,06-Jan-17,123026815,220101200032,3,297.9,42.75
78378,Gold,06-Jan-17,06-Jan-17,123029884,220101500015,1,236.375,94.55
81012,SILVER,06-Jan-17,06-Jan-17,123028543,240100100454,1,25.6,12.9
82585,Gold,06-Jan-17,07-Jan-17,123029136,210200900008,1,31.8,12.8
83525,GOLD,06-Jan-17,06-Jan-17,123029152,210200100014,1,35,15.65
84113,SILVER,06-Jan-17,06-Jan-17,123026872,230100600022,2,168.2,42.15
84189,Silver,06-Jan-17,06-Jan-17,123028577,220200100212,3,310.5,51.85
84873,Platinum,06-Jan-17,10-Jan-17,123028593,210200300012,2,39.2,9.9
85164,Gold,06-Jan-17,06-Jan-17,123028612,220200100093,1,100.4,50.3
85345,SILVER,06-Jan-17,06-Jan-17,123026877,240100100581,2,55,11.35
89242,GOLD,06-Jan-17,06-Jan-17,123028023,220100800058,1,48.7,23.2
91604,Gold,06-Jan-17,06-Jan-17,123029965,230100500012,1,73.9,33.25
91740,Silver,06-Jan-17,06-Jan-17,123030325,210200100005,1,13,5.75
93196,Gold,06-Jan-17,06-Jan-17,123029217,220200100135,1,136.8,73.95
94098,SILVER,06-Jan-17,10-Jan-17,123028691,220200100198,1,101.6,50.9
1206,Silver,07-Jan-17,07-Jan-17,123033456,240200100180,1,121.6,62.9
1428,Silver,07-Jan-17,07-Jan-17,123034595,220101100016,1,16.4,6.85
2829,GOLD,07-Jan-17,07-Jan-17,123032688,220100600008,1,294.2,140.05
4272,Silver,07-Jan-17,07-Jan-17,123032692,240800100011,2,273.2,58.8
5149,Gold,07-Jan-17,07-Jan-17,123034984,240200200060,1,184.5,73.85
7376,SILVER,07-Jan-17,07-Jan-17,123032713,240100100491,1,20.7,10.45
9678,Silver,07-Jan-17,07-Jan-17,123033325,240800200052,4,97.2,11.65
10190,Gold,07-Jan-17,07-Jan-17,123034141,220101200001,1,54.2,21.75
10284,Silver,07-Jan-17,11-Jan-17,123036046,240700400017,1,41.4,19.4
10350,GOLD,07-Jan-17,07-Jan-17,123032776,220100100073,1,23.5,11.85
10699,Silver,07-Jan-17,07-Jan-17,123036070,240100400151,1,419,209.45
11310,Gold,07-Jan-17,12-Jan-17,123036104,240700400002,1,33.6,14.65
12378,GOLD,07-Jan-17,12-Jan-17,123036124,210201000043,1,12.2,5.5
12589,Gold,07-Jan-17,07-Jan-17,123032808,240500200039,1,26.9,12.2
14365,Silver,07-Jan-17,12-Jan-17,123036168,240500100039,1,34.5,15.4
15194,Gold,07-Jan-17,12-Jan-17,123033510,210200200017,1,41,17.85
15853,Gold,07-Jan-17,13-Jan-17,123032835,240800200043,2,84.6,18.45
16344,Gold,07-Jan-17,07-Jan-17,123032837,220100300002,2,155,32.25
16542,Silver,07-Jan-17,07-Jan-17,123036242,240700100011,1,26.99,10.23
17529,GOLD,07-Jan-17,08-Jan-17,123036296,240700200007,1,5.1,2.2
17629,Silver,07-Jan-17,07-Jan-17,123033540,220101400274,1,49.5,22.6
18401,Silver,07-Jan-17,09-Jan-17,123035019,220200100056,1,143.7,71.95
19659,Silver,07-Jan-17,07-Jan-17,123036330,230100700004,1,360,199
20115,Gold,07-Jan-17,09-Jan-17,123036385,240200100214,1,104,53.8
20638,Silver,07-Jan-17,07-Jan-17,123035434,230100500008,1,38,16.8
24573,GOLD,07-Jan-17,08-Jan-17,123036496,240100400112,1,114,54.8
25124,Gold,07-Jan-17,08-Jan-17,123032965,230100500007,2,14,3.35
26103,Silver,07-Jan-17,07-Jan-17,123034711,240500200080,1,55.5,23.1
26608,SILVER,07-Jan-17,07-Jan-17,123033576,220200200045,1,113,51.45
26876,Silver,07-Jan-17,12-Jan-17,123033583,240700400034,1,13.2,5.95
28947,Gold,07-Jan-17,12-Jan-17,123036591,240100100281,1,38.3,15.25
29473,Gold,07-Jan-17,09-Jan-17,123036602,240700400030,1,21.7,9.45
29487,Silver,07-Jan-17,12-Jan-17,123032216,220100800042,2,43,10.2
30807,Gold,07-Jan-17,07-Jan-17,123033012,230100700011,1,252,103.95
34169,Silver,07-Jan-17,07-Jan-17,123034759,230100300011,1,49.3,19.8
34746,Silver,07-Jan-17,09-Jan-17,123033612,210200600018,1,38.8,18.05
34873,Silver,07-Jan-17,07-Jan-17,123033071,220100400022,1,98.9,47.7
36389,Gold,07-Jan-17,11-Jan-17,123036813,240100400113,1,238.4,116.35
36865,Silver,07-Jan-17,07-Jan-17,123036828,230100500067,1,39.2,20.05
37579,Silver,07-Jan-17,08-Jan-17,123032260,210200300054,2,29,7.35
39084,Silver,07-Jan-17,08-Jan-17,123034969,220100700016,1,90,41.1
39743,Silver,07-Jan-17,10-Jan-17,123034795,220100100430,1,65.2,32.7
39814,Gold,07-Jan-17,07-Jan-17,123035495,230100500080,1,25,12.2
40344,Gold,07-Jan-17,07-Jan-17,123033109,220200200018,1,66.4,30.25
40595,Silver,07-Jan-17,07-Jan-17,123032267,240400100015,1,93.2,43.2
40691,Gold,07-Jan-17,07-Jan-17,123033141,230100100045,2,249.6,53.6
41030,SILVER,07-Jan-17,07-Jan-17,123035077,240600100089,1,22,9.1
45076,SILVER,07-Jan-17,07-Jan-17,123037122,220100100613,1,66.8,33.5
46004,SILVER,07-Jan-17,07-Jan-17,123037153,230100500041,1,9.2,4.05
47048,GOLD,07-Jan-17,07-Jan-17,123034846,240200100038,1,18.5,9.35
47649,Silver,07-Jan-17,07-Jan-17,123033198,240100100099,1,2.4,2.2
48092,GOLD,07-Jan-17,07-Jan-17,123037192,240700100011,1,26.99,10.23
49774,SILVER,07-Jan-17,07-Jan-17,123032313,220100300020,1,11.3,4.55
50365,Silver,07-Jan-17,07-Jan-17,123034896,210200200014,1,24.2,10.6
50664,Gold,07-Jan-17,07-Jan-17,123037269,240800200043,2,84.6,18.45
51355,Silver,07-Jan-17,07-Jan-17,123033222,210201000058,1,20.5,9.4
52502,Gold,07-Jan-17,10-Jan-17,123037297,240100100213,1,12.4,5.1
52803,Silver,07-Jan-17,07-Jan-17,123033245,240100400128,1,192.4,89.9
53025,GOLD,07-Jan-17,13-Jan-17,123037304,240100100511,1,14.1,6.2
55786,Silver,07-Jan-17,07-Jan-17,123034300,210200600013,1,83.7,41.8
56128,Gold,07-Jan-17,07-Jan-17,123035520,220200100238,1,209.3,104.6
56165,Silver,07-Jan-17,07-Jan-17,123033264,240100200005,3,97.2,13.65
57593,Silver,07-Jan-17,07-Jan-17,123033270,240500100017,1,53.5,23.75
57749,Silver,07-Jan-17,09-Jan-17,123034932,220100100264,1,57.4,28.8
58437,Silver,07-Jan-17,07-Jan-17,123033705,240600100059,1,3.2,1.2
62246,Gold,07-Jan-17,07-Jan-17,123037568,220200100173,2,217.8,54.55
64735,Gold,07-Jan-17,18-Jan-17,123034964,240100100142,1,1.8,0.75
64871,Silver,07-Jan-17,08-Jan-17,123035110,220200100115,1,148.1,74.15
65385,Gold,07-Jan-17,07-Jan-17,123037630,240100400080,1,219.9,109.9
74753,Gold,07-Jan-17,12-Jan-17,123033769,220101400098,1,32.4,14.85
76408,Silver,07-Jan-17,07-Jan-17,123033389,220200100077,2,198,49.6
77787,Silver,07-Jan-17,07-Jan-17,123034417,230100100017,2,350.6,74.95
78891,Gold,07-Jan-17,07-Jan-17,123034425,210200100012,1,17.8,8.4
79278,Silver,07-Jan-17,07-Jan-17,123032412,220100300029,1,189.7,80.9
79295,GOLD,07-Jan-17,07-Jan-17,123035201,230100600028,1,96.7,48.45
79776,Gold,07-Jan-17,07-Jan-17,123035650,240100100632,1,24.4,17.5
80415,Gold,07-Jan-17,07-Jan-17,123035229,230100200026,1,273.2,124.1
81470,GOLD,07-Jan-17,07-Jan-17,123033895,240100100636,1,26.1,11.85
83054,Gold,07-Jan-17,13-Jan-17,123033916,210200600117,1,33.1,14.4
84189,Gold,07-Jan-17,08-Jan-17,123033935,240200100197,1,61,29.95
84344,GOLD,07-Jan-17,07-Jan-17,123033940,220101400205,1,24.7,11.1
84413,Silver,07-Jan-17,07-Jan-17,123032475,220101400296,2,52.6,11.8
85223,Gold,07-Jan-17,07-Jan-17,123033961,240200100052,1,99.7,51.4
85567,Silver,07-Jan-17,07-Jan-17,123033965,240600100200,1,17.9,7.65
86263,Gold,07-Jan-17,07-Jan-17,123034020,240200200007,1,83.4,8.35
86939,Silver,07-Jan-17,07-Jan-17,123034518,220100600008,1,294.2,140.05
89198,Platinum,07-Jan-17,09-Jan-17,123035309,220200100098,2,241.4,66.5
91840,GOLD,07-Jan-17,07-Jan-17,123035331,220200100182,2,259.4,64.95
92060,Silver,07-Jan-17,07-Jan-17,123034058,240200100023,1,1.8,0.6
92888,Silver,07-Jan-17,07-Jan-17,123033413,220200200011,1,86.2,39.25
93424,Gold,07-Jan-17,07-Jan-17,123034589,220100700020,1,103,49.1
1503,GOLD,08-Jan-17,08-Jan-17,123038996,210200300036,1,19.4,9.8
1980,Silver,08-Jan-17,08-Jan-17,123040675,220100100372,1,36.2,18.2
3171,Gold,08-Jan-17,08-Jan-17,123039895,240200100052,1,99.7,51.4
3789,Gold,08-Jan-17,13-Jan-17,123037634,210200400067,2,89.4,22.45
3867,Gold,08-Jan-17,08-Jan-17,123042005,230100600005,1,129.8,63.2
5220,Silver,08-Jan-17,08-Jan-17,123040684,240100200001,2,31.8,6.3
5920,Gold,08-Jan-17,10-Jan-17,123042017,240100100598,1,77.2,32.9
7104,GOLD,08-Jan-17,08-Jan-17,123038233,220101400205,1,24.7,11.1
7802,SILVER,08-Jan-17,12-Jan-17,123038244,220200100137,1,50.3,25.25
7987,Gold,08-Jan-17,08-Jan-17,123041095,220200200041,1,112.6,51.3
8650,Gold,08-Jan-17,13-Jan-17,123040732,220100300030,2,319.6,66.55
10585,SILVER,08-Jan-17,13-Jan-17,123042181,240100400067,1,131.8,62.7
11165,Silver,08-Jan-17,08-Jan-17,123038318,220100100102,1,12.9,6.55
11763,SILVER,08-Jan-17,08-Jan-17,123038324,220101400205,1,24.7,11.1
13600,Silver,08-Jan-17,08-Jan-17,123042313,220101400433,1,64,29.4
13800,Gold,08-Jan-17,13-Jan-17,123042315,240800200051,4,104.4,12.45
15535,GOLD,08-Jan-17,08-Jan-17,123037669,230100500095,2,193.8,40
19499,Gold,08-Jan-17,11-Jan-17,123042498,240100100735,1,81.2,34.6
19691,GOLD,08-Jan-17,08-Jan-17,123042509,230100500096,1,35.5,17.25
20641,Gold,08-Jan-17,08-Jan-17,123040797,210200500015,1,17.8,8.25
21623,Silver,08-Jan-17,08-Jan-17,123039161,220200100101,2,122,28.75
21976,Silver,08-Jan-17,08-Jan-17,123038393,220101400113,1,37.8,17.2
22299,Silver,08-Jan-17,08-Jan-17,123042549,240700100012,1,21.99,9.1
25115,Gold,08-Jan-17,08-Jan-17,123040008,240500200113,1,42.2,20.05
28945,SILVER,08-Jan-17,09-Jan-17,123040840,220200300036,1,93.8,41.75
29040,Gold,08-Jan-17,12-Jan-17,123042658,240500100062,1,54.6,23.85
32054,Gold,08-Jan-17,08-Jan-17,123038504,230100100034,2,155.4,32.25
33215,Silver,08-Jan-17,08-Jan-17,123038514,220100300017,2,44.8,10.6
34600,GOLD,08-Jan-17,08-Jan-17,123040851,240100100258,1,36,18.75
35447,SILVER,08-Jan-17,08-Jan-17,123042854,220200100038,1,106.6,53.4
35523,Gold,08-Jan-17,10-Jan-17,123037721,220101200005,2,278,55.7
36331,GOLD,08-Jan-17,08-Jan-17,123041153,240400300020,1,58.2,26.4
37141,Gold,08-Jan-17,08-Jan-17,123040861,220200300076,1,85,38.7
37925,Silver,08-Jan-17,13-Jan-17,123037734,220100900030,2,48.8,9.8
38197,Gold,08-Jan-17,08-Jan-17,123042958,240800200047,2,180.6,36.2
38248,Gold,08-Jan-17,08-Jan-17,123042971,240700100001,2,46.8,12.2
40009,Silver,08-Jan-17,11-Jan-17,123040056,210201000083,1,23,10.55
40335,Silver,08-Jan-17,11-Jan-17,123043021,240100100076,2,349.2,83.1
40857,Silver,08-Jan-17,11-Jan-17,123038587,230100200073,1,46.9,20.2
43084,Silver,08-Jan-17,08-Jan-17,123041180,240200100094,1,12.1,5.35
43363,GOLD,08-Jan-17,08-Jan-17,123039277,220101400130,1,16.9,5.7
43669,Gold,08-Jan-17,08-Jan-17,123040070,230100300014,1,39.9,16.7
45099,SILVER,08-Jan-17,08-Jan-17,123039292,210200500006,1,24,11.95
46744,Silver,08-Jan-17,13-Jan-17,123041186,240300200049,2,151.4,34.5
47228,Silver,08-Jan-17,12-Jan-17,123040115,210200200014,1,24.2,10.6
48235,Gold,08-Jan-17,08-Jan-17,123038884,240100400112,1,114,54.8
48243,Gold,08-Jan-17,09-Jan-17,123037787,230100600005,2,259.6,63.2
48379,Silver,08-Jan-17,08-Jan-17,123037800,240100400142,2,307.6,77
49699,Gold,08-Jan-17,24-Jan-17,123041510,240100100159,2,61.6,13.7
51363,Gold,08-Jan-17,08-Jan-17,123040913,220200100009,1,63.4,30.5
51803,Silver,08-Jan-17,08-Jan-17,123043274,210201000098,1,22.6,10.35
52234,Silver,08-Jan-17,08-Jan-17,123040154,210200400067,1,44.7,22.45
52726,Silver,08-Jan-17,08-Jan-17,123038666,220200100115,2,296.2,74.15
52816,Gold,08-Jan-17,11-Jan-17,123043312,240100400062,1,113.2,54
52978,SILVER,08-Jan-17,08-Jan-17,123038671,220200300084,1,120.2,54.7
53435,GOLD,08-Jan-17,08-Jan-17,123040185,240700300002,1,21.99,7.25
53878,Gold,08-Jan-17,08-Jan-17,123038705,240500200074,1,22.6,9.45
54835,Gold,08-Jan-17,08-Jan-17,123038715,220100800053,1,24.4,11.6
55074,Silver,08-Jan-17,08-Jan-17,123039330,240200100136,1,756.7,436.9
55174,Silver,08-Jan-17,08-Jan-17,123043416,220100500024,1,74,32.65
55734,Silver,08-Jan-17,08-Jan-17,123039332,240100400022,2,374.6,87.35
56533,Gold,08-Jan-17,08-Jan-17,123038739,230100400028,2,27.8,5.45
57330,Silver,08-Jan-17,09-Jan-17,123043438,240500200009,2,28.2,5.95
57888,Gold,08-Jan-17,08-Jan-17,123040233,240100100439,1,138.1,69
59632,Silver,08-Jan-17,08-Jan-17,123041536,240600100200,1,17.9,7.65
60494,Silver,08-Jan-17,08-Jan-17,123040968,220200100134,2,108.8,27.3
62389,Silver,08-Jan-17,08-Jan-17,123043534,240500200048,2,217.6,45.4
62591,GOLD,08-Jan-17,08-Jan-17,123040281,240100300006,1,51.5,22.8
65327,SILVER,08-Jan-17,08-Jan-17,123043584,220200300157,1,73.4,36.65
72420,Gold,08-Jan-17,08-Jan-17,123040334,220100700024,1,99.7,47.45
74519,Silver,08-Jan-17,13-Jan-17,123041607,230100600023,1,73.4,36.8
76392,Gold,08-Jan-17,10-Jan-17,123040405,240100100610,2,122,27.55
76557,Silver,08-Jan-17,08-Jan-17,123039570,240400300028,1,78.3,31.4
78777,Gold,08-Jan-17,08-Jan-17,123039601,220200200067,1,80.8,35.15
78963,Gold,08-Jan-17,13-Jan-17,123041667,230100100056,2,696.4,152.1
80077,Silver,08-Jan-17,08-Jan-17,123040446,240300100035,2,2949.2,731.75
80224,Silver,08-Jan-17,08-Jan-17,123041681,220100100616,1,35.2,17.7
80429,Gold,08-Jan-17,08-Jan-17,123040453,220200100033,1,109.3,54.75
83771,Gold,08-Jan-17,08-Jan-17,123038900,240800200007,2,39.75,7.95
83837,Silver,08-Jan-17,14-Jan-17,123038119,220101100010,1,11.2,4.85
83906,Gold,08-Jan-17,08-Jan-17,123040482,210200300116,1,13.6,6.85
84867,Silver,08-Jan-17,08-Jan-17,123039745,240100400073,1,127.7,63.45
85636,SILVER,08-Jan-17,08-Jan-17,123039763,220200100142,1,105.4,52.8
86262,GOLD,08-Jan-17,08-Jan-17,123040575,240600100089,1,22,9.1
86958,Silver,08-Jan-17,09-Jan-17,123041733,230100100058,2,96.6,20.5
86959,Gold,08-Jan-17,08-Jan-17,123040592,210201000068,1,36.4,16.2
87274,Silver,08-Jan-17,08-Jan-17,123041346,220200200039,1,95.5,43.55
87806,Gold,08-Jan-17,08-Jan-17,123040602,220101400281,2,117.2,26.7
88894,Gold,08-Jan-17,08-Jan-17,123038052,230100200073,4,187.6,20.2
88960,Silver,08-Jan-17,08-Jan-17,123041742,230100500056,1,8,3.5
90807,Silver,08-Jan-17,09-Jan-17,123039835,220101400070,1,36.7,16.75
92641,SILVER,08-Jan-17,08-Jan-17,123038957,220100200022,1,23.9,9.55
1207,Gold,09-Jan-17,12-Jan-17,123044216,230100700008,1,494.4,241
1383,Silver,09-Jan-17,09-Jan-17,123046422,210200300085,1,18.1,9.15
2480,Platinum,09-Jan-17,09-Jan-17,123047971,230100700002,1,220,135
6382,Silver,09-Jan-17,09-Jan-17,123046466,220200100098,1,120.7,66.5
7537,SILVER,09-Jan-17,09-Jan-17,123043598,240100400142,2,307.6,77
7862,Silver,09-Jan-17,09-Jan-17,123044259,220100700039,1,55.1,27.65
8728,Silver,09-Jan-17,09-Jan-17,123044271,220200200035,1,101.5,46.25
11737,Gold,09-Jan-17,09-Jan-17,123046546,210201000101,1,83.1,37.9
12740,Silver,09-Jan-17,09-Jan-17,123046557,220100800070,1,25.4,12.15
12839,Silver,09-Jan-17,09-Jan-17,123043638,230100500087,4,364.4,37.95
13742,Silver,09-Jan-17,09-Jan-17,123047491,210200900050,1,32.5,14.9
14051,SILVER,09-Jan-17,09-Jan-17,123048390,220200200015,3,315.3,47.75
16109,Silver,09-Jan-17,14-Jan-17,123048416,240500200003,1,23.2,11.1
16991,Platinum,09-Jan-17,11-Jan-17,123048450,240100100636,1,26.1,11.85
17653,GOLD,09-Jan-17,09-Jan-17,123046572,240700400024,1,63.6,33.15
22037,Silver,09-Jan-17,09-Jan-17,123047509,220200200043,1,36.9,18.3
23155,Silver,09-Jan-17,14-Jan-17,123048623,240500200114,1,8.4,3.95
24176,Gold,09-Jan-17,13-Jan-17,123046992,220101400175,1,22.3,10
24406,Silver,09-Jan-17,09-Jan-17,123046616,220200100078,2,221.6,55.5
25604,Silver,09-Jan-17,09-Jan-17,123047536,220100100103,1,11.1,5.65
26814,Gold,09-Jan-17,11-Jan-17,123045281,220200100023,1,72.8,36.5
27407,Silver,09-Jan-17,11-Jan-17,123043728,240100400083,2,215,53.7
28183,Silver,09-Jan-17,09-Jan-17,123044462,240400200023,1,131.7,55
28934,Gold,09-Jan-17,11-Jan-17,123048748,240800200062,2,70.8,16.15
28967,Silver,09-Jan-17,09-Jan-17,123048749,230100500056,1,8,3.5
29627,Silver,09-Jan-17,09-Jan-17,123046674,220200300021,3,193.2,28.65
30484,Silver,09-Jan-17,09-Jan-17,123046678,220200300014,1,84.2,38.35
30633,Silver,09-Jan-17,09-Jan-17,123045888,230100300023,1,34.8,14.55
31141,Silver,09-Jan-17,09-Jan-17,123048828,220200300025,1,81.4,37.15
32182,Silver,09-Jan-17,11-Jan-17,123046681,210201000120,1,20.2,9.25
32814,Silver,09-Jan-17,09-Jan-17,123045915,210200900049,1,39.7,17.95
33077,Gold,09-Jan-17,09-Jan-17,123045921,210200300001,1,31.4,15.8
33116,Gold,09-Jan-17,15-Jan-17,123048894,240400200054,1,240.1,114.35
35731,Silver,09-Jan-17,22-Jan-17,123044552,240100100115,1,26.2,11.75
37789,Silver,09-Jan-17,09-Jan-17,123044601,240300200050,2,70.2,16
37940,Silver,09-Jan-17,09-Jan-17,123045327,240800100077,2,953,206.15
39698,Silver,09-Jan-17,12-Jan-17,123045377,210200300079,1,32.1,16.15
41293,Gold,09-Jan-17,09-Jan-17,123049026,220100100428,1,61.2,30.7
41615,GOLD,09-Jan-17,12-Jan-17,123044675,230100700004,1,360,199
42192,Gold,09-Jan-17,09-Jan-17,123044687,210201000187,1,46.2,21.1
42638,Silver,09-Jan-17,09-Jan-17,123049119,210200300014,1,13.1,6.6
43275,Gold,09-Jan-17,09-Jan-17,123047065,230100100051,2,369.8,78.15
44211,GOLD,09-Jan-17,09-Jan-17,123049156,210200300091,1,13.3,6.7
44310,Silver,09-Jan-17,09-Jan-17,123047094,220200100182,1,129.7,64.95
44572,Gold,09-Jan-17,09-Jan-17,123045998,210200300051,1,25.7,12.95
45875,Silver,09-Jan-17,14-Jan-17,123043839,210200400039,3,110.4,18.5
46482,Silver,09-Jan-17,09-Jan-17,123046071,210200100005,1,13,5.75
47293,Silver,09-Jan-17,13-Jan-17,123045011,240500200081,1,126.8,52.9
48708,Gold,09-Jan-17,09-Jan-17,123049262,240200100066,1,288.8,140.55
48920,Silver,09-Jan-17,09-Jan-17,123049268,240700100001,1,23.4,12.2
51203,Silver,09-Jan-17,11-Jan-17,123046800,210200500010,1,100.6,43.45
51469,GOLD,09-Jan-17,09-Jan-17,123049310,230100400008,2,20,3.8
51701,Silver,09-Jan-17,13-Jan-17,123044826,220200300082,1,71,32.3
54099,Gold,09-Jan-17,09-Jan-17,123046089,240100300004,1,22.9,9.1
54235,GOLD,09-Jan-17,14-Jan-17,123049388,230100500096,1,35.5,17.25
56343,Silver,09-Jan-17,09-Jan-17,123049477,220101400200,1,27.7,12.65
57098,Silver,09-Jan-17,14-Jan-17,123047192,220100300021,2,34.8,8.2
58673,Gold,09-Jan-17,09-Jan-17,123049560,220101400246,1,41.5,18.9
58817,Silver,09-Jan-17,09-Jan-17,123046843,230100500024,1,22.9,10.85
58852,Gold,09-Jan-17,09-Jan-17,123049571,220100100533,1,54.4,27.3
59060,Gold,09-Jan-17,09-Jan-17,123046116,210200400052,1,41.6,20.9
59239,Gold,09-Jan-17,11-Jan-17,123045029,240500100018,1,61,27.05
60184,Gold,09-Jan-17,09-Jan-17,123046887,220200100077,1,99,49.6
61135,Gold,09-Jan-17,14-Jan-17,123049610,240800200024,2,63.4,14
61284,Gold,09-Jan-17,09-Jan-17,123044908,220100900035,1,41.8,19.45
61734,Silver,09-Jan-17,09-Jan-17,123044909,230100300006,1,68.5,34.35
62274,Gold,09-Jan-17,12-Jan-17,123049633,240100100431,1,3,1.15
64388,Silver,09-Jan-17,09-Jan-17,123044945,230100600023,1,73.4,36.8
65236,Silver,09-Jan-17,09-Jan-17,123049718,230100200006,1,93.1,46.65
65425,Gold,09-Jan-17,09-Jan-17,123044964,240300200086,2,75.6,15.55
70047,Silver,09-Jan-17,09-Jan-17,123043911,220100500005,2,208.8,46
70160,Silver,09-Jan-17,09-Jan-17,123045493,240400200061,1,12,6.05
71800,GOLD,09-Jan-17,15-Jan-17,123047707,230100700011,1,252,103.95
72733,SILVER,09-Jan-17,09-Jan-17,123046174,240100100153,1,0.625,0.25
74877,Silver,09-Jan-17,11-Jan-17,123047293,220200200043,2,73.8,18.3
76628,Silver,09-Jan-17,14-Jan-17,123045575,240200100116,1,217.4,123.7
76995,Gold,09-Jan-17,09-Jan-17,123047770,220100500026,1,63,28.7
77475,Silver,09-Jan-17,09-Jan-17,123046230,220101400392,1,99.3,45.15
79061,Silver,09-Jan-17,09-Jan-17,123046242,220200300157,2,146.8,36.65
80549,Gold,09-Jan-17,12-Jan-17,123044008,210200300086,2,45.6,11.5
82573,Gold,09-Jan-17,09-Jan-17,123047345,220100100618,1,49.5,24.85
89875,Silver,09-Jan-17,09-Jan-17,123047398,240800200006,2,451,112.85
90326,Silver,09-Jan-17,09-Jan-17,123044141,220101100022,3,64.5,8.95
90830,Gold,09-Jan-17,10-Jan-17,123046355,210200500006,1,24,11.95
93447,GOLD,09-Jan-17,12-Jan-17,123047429,220200100129,1,78.6,38.75
94200,Silver,09-Jan-17,09-Jan-17,123047446,220200100192,1,71.6,35.9
472,Silver,10-Jan-17,12-Jan-17,123049758,240100100714,2,185.6,39.85
2604,Silver,10-Jan-17,10-Jan-17,123050305,240100100171,1,7.3,3.3
3165,Gold,10-Jan-17,10-Jan-17,123054477,220200100183,1,79.2,39.7
3355,Silver,10-Jan-17,10-Jan-17,123053983,230100500094,1,86.6,34.1
3785,SILVER,10-Jan-17,11-Jan-17,123051572,220100300018,2,51.2,12.1
4787,SILVER,10-Jan-17,13-Jan-17,123053533,240300200069,2,82.2,16.5
4891,Silver,10-Jan-17,10-Jan-17,123050343,240100100581,1,27.5,11.35
5730,Silver,10-Jan-17,14-Jan-17,123054479,240100100368,1,50,24
7627,Silver,10-Jan-17,10-Jan-17,123053554,240700400036,1,6.2,2.75
7791,Silver,10-Jan-17,10-Jan-17,123053108,240100200012,2,64.4,13.35
7897,Gold,10-Jan-17,10-Jan-17,123051307,230100100035,4,283.2,29.8
9041,GOLD,10-Jan-17,10-Jan-17,123050418,220100200001,1,55.8,22.35
9066,Silver,10-Jan-17,11-Jan-17,123050421,220101400416,1,93.4,42.6
9505,Silver,10-Jan-17,16-Jan-17,123054539,240800100097,2,290.4,61.8
10103,Platinum,10-Jan-17,10-Jan-17,123050424,240100400040,1,421,205.9
10560,SILVER,10-Jan-17,11-Jan-17,123054543,230100500077,2,346,72.75
10813,GOLD,10-Jan-17,14-Jan-17,123049802,240100400084,2,127.6,31.85
10868,Silver,10-Jan-17,10-Jan-17,123050445,220100100183,1,53.5,26.85
10881,Gold,10-Jan-17,10-Jan-17,123052375,210200400012,1,33.4,16.8
11943,Gold,10-Jan-17,14-Jan-17,123050450,240100400079,2,460.6,102.45
12949,SILVER,10-Jan-17,10-Jan-17,123052399,240100300004,1,22.9,9.1
13507,Silver,10-Jan-17,12-Jan-17,123054010,230100100006,2,352,74.55
13726,Gold,10-Jan-17,10-Jan-17,123052411,240700100006,1,23.5,9.5
14901,Silver,10-Jan-17,12-Jan-17,123054366,230100200057,1,226.8,105.55
15610,SILVER,10-Jan-17,10-Jan-17,123054684,230100500080,1,25,12.2
17524,Gold,10-Jan-17,13-Jan-17,123054735,220200100090,1,88.6,44.4
19451,GOLD,10-Jan-17,10-Jan-17,123053165,220200200018,1,66.4,30.25
19516,Gold,10-Jan-17,10-Jan-17,123051613,220101400131,1,22.3,7.75
20586,Silver,10-Jan-17,10-Jan-17,123051622,220200200066,1,88.2,38.4
21449,Silver,10-Jan-17,11-Jan-17,123054897,210201000118,1,62.6,28.75
21998,Gold,10-Jan-17,10-Jan-17,123050569,240500200095,1,29.1,13.95
24712,Silver,10-Jan-17,16-Jan-17,123053182,220100300040,4,238,23.85
25070,Gold,10-Jan-17,10-Jan-17,123050618,220200300054,1,65.2,29.7
25493,Silver,10-Jan-17,13-Jan-17,123050270,240200100157,1,353.1,196.15
25603,Gold,10-Jan-17,10-Jan-17,123049845,230100600030,4,345.2,41.4
27345,SILVER,10-Jan-17,12-Jan-17,123050651,230100200046,1,84.8,42.5
28423,Gold,10-Jan-17,16-Jan-17,123055097,240100100036,1,69.6,30.25
31345,Gold,10-Jan-17,10-Jan-17,123050736,220100100580,1,56.5,28.35
31364,Silver,10-Jan-17,10-Jan-17,123051721,240100100261,2,106,22.05
31640,Silver,10-Jan-17,10-Jan-17,123054050,230100600033,1,85.1,40.65
31687,Gold,10-Jan-17,10-Jan-17,123055200,240800200065,2,74.2,14.9
31712,Gold,10-Jan-17,10-Jan-17,123053227,240100100652,2,133.4,28.75
32017,Gold,10-Jan-17,10-Jan-17,123055211,240100100552,2,338.4,71.95
32258,Gold,10-Jan-17,15-Jan-17,123055214,240500200025,1,27.8,11.65
32497,SILVER,10-Jan-17,10-Jan-17,123054054,240500100059,1,61,26.55
33413,SILVER,10-Jan-17,10-Jan-17,123053254,240100200004,1,35.2,14.8
33652,Gold,10-Jan-17,10-Jan-17,123049905,210201000004,2,67.8,14.75
33787,Gold,10-Jan-17,11-Jan-17,123049912,220101400124,3,414.3,61.4
34210,Gold,10-Jan-17,10-Jan-17,123053256,240200100022,1,3.7,1.75
35071,Gold,10-Jan-17,10-Jan-17,123053257,240100200012,4,128.8,13.35
36236,Silver,10-Jan-17,10-Jan-17,123054070,220200100098,1,120.7,66.5
36402,Silver,10-Jan-17,10-Jan-17,123050845,230100600036,1,103.2,50.4
38619,Silver,10-Jan-17,10-Jan-17,123052536,220200200067,1,80.8,35.15
39138,Gold,10-Jan-17,10-Jan-17,123053259,220200100139,1,57.3,28.75
39338,Silver,10-Jan-17,10-Jan-17,123052553,230100700002,1,220,135
41006,Gold,10-Jan-17,10-Jan-17,123052563,220100700038,1,100.2,47.75
42403,GOLD,10-Jan-17,10-Jan-17,123055462,240700100001,1,23.4,12.2
42628,GOLD,10-Jan-17,10-Jan-17,123055472,240500200072,1,47,22.4
43302,SILVER,10-Jan-17,10-Jan-17,123053315,210201000157,1,39.8,18.2
43753,Gold,10-Jan-17,10-Jan-17,123053318,240300100004,2,34.8,8.1
44544,Silver,10-Jan-17,15-Jan-17,123051336,240500100064,1,55.7,24.2
44922,Gold,10-Jan-17,12-Jan-17,123055490,240800200052,2,48.6,11.65
45317,Gold,10-Jan-17,10-Jan-17,123049939,240100100516,2,50.6,10.95
45355,Silver,10-Jan-17,10-Jan-17,123050972,230100500098,1,60.5,30.35
46866,Silver,10-Jan-17,17-Jan-17,123055511,240100100552,2,338.4,71.95
49143,Gold,10-Jan-17,10-Jan-17,123053384,240100400041,1,22.8,10.5
50078,Silver,10-Jan-17,14-Jan-17,123055593,240500100032,1,54.9,24.35
50839,Gold,10-Jan-17,10-Jan-17,123053388,210201000130,1,29.6,13.2
51610,GOLD,10-Jan-17,10-Jan-17,123051815,240100100707,1,95,39.4
51999,Gold,10-Jan-17,10-Jan-17,123055647,240100400142,1,153.8,77
55618,Gold,10-Jan-17,10-Jan-17,123053730,220100100264,1,57.4,28.8
55710,Silver,10-Jan-17,10-Jan-17,123055694,240100400071,1,149.2,109.35
56780,Silver,10-Jan-17,10-Jan-17,123055718,220100100488,1,53.3,26.75
57658,SILVER,10-Jan-17,10-Jan-17,123055733,210200900049,1,39.7,17.95
58148,Silver,10-Jan-17,11-Jan-17,123052662,240100100704,2,124.8,27.5
58777,Gold,10-Jan-17,10-Jan-17,123054138,240500200043,1,46.6,22.2
60357,GOLD,10-Jan-17,10-Jan-17,123053449,240200200080,1,93.8,9.4
60378,GOLD,10-Jan-17,18-Jan-17,123055820,240100100118,1,100.2,40
61129,Silver,10-Jan-17,10-Jan-17,123051197,220100100483,1,32.2,19.4
62272,Silver,10-Jan-17,12-Jan-17,123053756,230100100051,2,369.8,78.15
63053,Silver,10-Jan-17,10-Jan-17,123055867,240200200050,1,47.6,19.1
63212,SILVER,10-Jan-17,10-Jan-17,123055877,240600100103,1,42,17.45
63353,Silver,10-Jan-17,10-Jan-17,123053488,220200100130,2,119.2,29.9
64817,Silver,10-Jan-17,10-Jan-17,123051262,240500200074,2,45.2,9.45
65699,Silver,10-Jan-17,10-Jan-17,123051297,240100100251,1,203.9,95.1
65727,Silver,10-Jan-17,15-Jan-17,123053525,220100100153,2,100,25.1
71462,Silver,10-Jan-17,10-Jan-17,123053792,220100400027,1,88.1,41.95
71694,Silver,10-Jan-17,13-Jan-17,123051939,210200900044,1,18.8,7.6
73147,SILVER,10-Jan-17,12-Jan-17,123051970,230100200073,1,46.9,20.2
74119,GOLD,10-Jan-17,10-Jan-17,123052810,210200500006,1,24,11.95
75182,Gold,10-Jan-17,10-Jan-17,123051387,240500200146,3,152.4,24.2
75653,GOLD,10-Jan-17,10-Jan-17,123050033,230100600022,5,420.5,42.15
75797,SILVER,10-Jan-17,14-Jan-17,123053828,240200100085,1,16.8,7.7
75985,SILVER,10-Jan-17,15-Jan-17,123054211,230100100033,2,103,23.75
76324,Silver,10-Jan-17,12-Jan-17,123052342,210200900015,1,23,10.3
77174,Silver,10-Jan-17,10-Jan-17,123051397,230100100059,2,268.8,57.05
77370,Silver,10-Jan-17,10-Jan-17,123052844,240100100422,1,22.6,7.85
78396,Gold,10-Jan-17,10-Jan-17,123052856,220101400113,1,37.8,17.2
78578,GOLD,10-Jan-17,10-Jan-17,123050090,210200500015,3,53.4,8.25
79844,SILVER,10-Jan-17,14-Jan-17,123053846,220200100139,2,114.6,28.75
80535,GOLD,10-Jan-17,10-Jan-17,123054238,220200200022,1,57.3,33.9
81343,SILVER,10-Jan-17,10-Jan-17,123052129,210201100002,1,53.3,23.25
81693,GOLD,10-Jan-17,10-Jan-17,123052134,240400300013,1,49.9,20.8
81766,Silver,10-Jan-17,10-Jan-17,123052136,220100900033,1,82.5,36.5
82070,Gold,10-Jan-17,10-Jan-17,123051447,230100500066,1,12.7,6.1
83254,Silver,10-Jan-17,16-Jan-17,123054259,230100600022,1,84.1,42.15
85226,Silver,10-Jan-17,15-Jan-17,123051472,240500200091,2,20.4,4.9
85260,Silver,10-Jan-17,10-Jan-17,123052924,210201000096,1,22.9,10.45
85840,SILVER,10-Jan-17,10-Jan-17,123052935,210200500015,1,17.8,8.25
86535,Silver,10-Jan-17,10-Jan-17,123052942,240100400080,1,219.9,109.9
87072,SILVER,10-Jan-17,13-Jan-17,123052955,230100600022,1,84.1,42.15
87797,Gold,10-Jan-17,10-Jan-17,123053890,240100100516,2,50.6,10.95
88805,Gold,10-Jan-17,10-Jan-17,123052231,220200100241,2,70.8,17.8
89620,GOLD,10-Jan-17,10-Jan-17,123050198,220101500010,2,593.4,152.25
92062,Gold,10-Jan-17,10-Jan-17,123054324,240100100042,1,109.7,50.85
92305,Silver,10-Jan-17,10-Jan-17,123053023,220200300127,1,49.4,22.05
93777,Silver,10-Jan-17,14-Jan-17,123053954,220100300040,5,297.5,23.85
1500,Gold,11-Jan-17,11-Jan-17,123058149,230100500095,1,96.9,40
1517,Silver,11-Jan-17,11-Jan-17,123057791,220101400210,1,8.2,2.9
1864,GOLD,11-Jan-17,11-Jan-17,123057347,240800200001,2,339,67.8
4021,Silver,11-Jan-17,11-Jan-17,123057796,220200300106,1,78.3,35.75
8860,Gold,11-Jan-17,11-Jan-17,123058288,230100600028,1,96.7,48.45
12869,Gold,11-Jan-17,11-Jan-17,123057386,240100100665,2,83,17.25
13721,Gold,11-Jan-17,15-Jan-17,123058377,240800100039,2,171.6,39.9
14108,GOLD,11-Jan-17,11-Jan-17,123056864,220200100244,3,155.4,26
14750,Silver,11-Jan-17,11-Jan-17,123058396,220100500018,1,65.8,30
16839,SILVER,11-Jan-17,11-Jan-17,123058407,240300100004,2,34.8,8.1
19576,SILVER,11-Jan-17,11-Jan-17,123058472,240800100055,4,960.4,110.55
21511,Silver,11-Jan-17,11-Jan-17,123057405,220200300129,2,162.4,37.05
27086,Gold,11-Jan-17,11-Jan-17,123056471,220200300117,1,99.6,45.35
27262,Silver,11-Jan-17,11-Jan-17,123058593,230100100024,2,91,20.8
28414,Gold,11-Jan-17,11-Jan-17,123058641,240700300002,3,65.97,7.25
30692,Gold,11-Jan-17,17-Jan-17,123058671,210200600070,1,7.5,3.15
31131,Silver,11-Jan-17,11-Jan-17,123057454,220100700027,1,57.9,29.05
32325,Silver,11-Jan-17,11-Jan-17,123058756,220200100060,2,110.8,29.35
35990,Gold,11-Jan-17,27-Jan-17,123057862,240100200001,1,15.9,6.3
37244,Gold,11-Jan-17,11-Jan-17,123058888,220101400406,1,105.7,52.8
38222,Gold,11-Jan-17,11-Jan-17,123058903,230100100017,2,350.6,74.95
38943,GOLD,11-Jan-17,11-Jan-17,123057871,220101300006,1,27.3,12.25
39105,Silver,11-Jan-17,11-Jan-17,123058942,220200100066,2,173.2,43.4
39498,GOLD,11-Jan-17,11-Jan-17,123058955,230100700004,1,360,199
40740,Silver,11-Jan-17,11-Jan-17,123057462,220101400204,1,19.1,8.75
40973,Gold,11-Jan-17,11-Jan-17,123058972,220200200011,1,86.2,39.25
42708,Gold,11-Jan-17,11-Jan-17,123057471,240200100040,1,21.6,10.9
42773,GOLD,11-Jan-17,11-Jan-17,123059088,240300300026,2,67.6,14.25
43201,SILVER,11-Jan-17,11-Jan-17,123057874,230100200074,1,47.8,23.35
43617,Gold,11-Jan-17,11-Jan-17,123059116,230100500056,1,8,3.5
44399,Gold,11-Jan-17,11-Jan-17,123057047,230100600028,1,96.7,48.45
44465,GOLD,11-Jan-17,11-Jan-17,123056556,220100100153,1,50,25.1
45155,Silver,11-Jan-17,11-Jan-17,123057484,220100100155,1,37.1,18.65
45316,Gold,11-Jan-17,11-Jan-17,123057052,220100100275,1,35.2,17.7
45899,Gold,11-Jan-17,11-Jan-17,123059141,240800100014,2,602.2,136.75
48012,GOLD,11-Jan-17,11-Jan-17,123059188,230100700008,1,494.4,241
50902,GOLD,11-Jan-17,11-Jan-17,123059303,230100600022,1,84.1,42.15
55174,Gold,11-Jan-17,16-Jan-17,123059400,220200100160,1,34.9,17.55
55898,GOLD,11-Jan-17,17-Jan-17,123057511,220100100119,1,79.8,40
62063,Gold,11-Jan-17,12-Jan-17,123059666,240100400048,1,292.7,144.65
62532,Gold,11-Jan-17,11-Jan-17,123057110,220200100211,2,207,51.85
63717,Platinum,11-Jan-17,11-Jan-17,123057134,220101400021,1,54.1,24.55
65319,SILVER,11-Jan-17,11-Jan-17,123056133,230100500097,4,96,11.7
73160,Silver,11-Jan-17,11-Jan-17,123056619,220100700009,1,100.1,47.65
74514,Gold,11-Jan-17,11-Jan-17,123057154,240400300023,1,49.4,19.8
78917,GOLD,11-Jan-17,11-Jan-17,123057615,220200300101,1,130.4,58.05
79517,Gold,11-Jan-17,11-Jan-17,123057621,240200100066,1,288.8,140.55
80362,Gold,11-Jan-17,11-Jan-17,123057214,230100100053,2,92.6,20.9
80441,SILVER,11-Jan-17,11-Jan-17,123056186,220101200031,3,558.9,78.2
82284,Silver,11-Jan-17,11-Jan-17,123056195,230100500097,2,48,11.7
87303,SILVER,11-Jan-17,11-Jan-17,123056745,220200100171,2,112.6,31.05
87853,Silver,11-Jan-17,11-Jan-17,123058064,210201000147,2,39.4,9.1
89713,SILVER,11-Jan-17,11-Jan-17,123056770,240800200034,2,133.4,30.25
90143,Silver,11-Jan-17,11-Jan-17,123056778,240200200068,1,298.8,151.55
90421,Gold,11-Jan-17,11-Jan-17,123057316,240300100049,2,39.8,8.9
91565,SILVER,11-Jan-17,11-Jan-17,123056806,220200100030,1,74.3,37.25
93524,Silver,11-Jan-17,11-Jan-17,123056304,240700400011,3,54,8.2
508,Silver,12-Jan-17,12-Jan-17,123060996,240100100422,2,45.2,7.85
811,Gold,12-Jan-17,14-Jan-17,123060998,220200200038,1,38.2,18.95
1060,PLATINUM,12-Jan-17,15-Jan-17,123063602,230100100059,2,268.8,57.05
1653,Gold,12-Jan-17,16-Jan-17,123061813,240100100305,1,8.7,4
5220,Silver,12-Jan-17,12-Jan-17,123062406,220200100084,1,106.5,51.55
6510,GOLD,12-Jan-17,12-Jan-17,123060221,240400300023,1,49.4,19.8
7477,Gold,12-Jan-17,12-Jan-17,123061031,240100400086,1,94.6,47.25
7641,GOLD,12-Jan-17,12-Jan-17,123060253,220200100050,1,75.7,37.95
10508,Gold,12-Jan-17,17-Jan-17,123061040,240100100597,1,103.5,44.05
11107,Silver,12-Jan-17,12-Jan-17,123063254,240600100196,1,57.8,25.5
11470,Silver,12-Jan-17,12-Jan-17,123061108,240100400037,1,231,113.65
12895,Silver,12-Jan-17,12-Jan-17,123061117,220100100233,1,83.5,41.85
14466,GOLD,12-Jan-17,12-Jan-17,123060302,230100600005,1,129.8,63.2
14890,Silver,12-Jan-17,12-Jan-17,123060319,240500200135,1,47.9,23.8
15114,Gold,12-Jan-17,12-Jan-17,123062492,240100400128,1,192.4,89.9
16654,Gold,12-Jan-17,13-Jan-17,123064111,240200100169,2,34.8,8.1
19712,GOLD,12-Jan-17,12-Jan-17,123060368,230100100036,2,68.6,15.95
19788,Gold,12-Jan-17,12-Jan-17,123064156,230100500082,1,126.1,58.6
20319,Gold,12-Jan-17,15-Jan-17,123064171,240500100030,1,54.8,24.3
22035,Silver,12-Jan-17,12-Jan-17,123064201,210200600075,1,12.4,5.25
23458,SILVER,12-Jan-17,14-Jan-17,123061940,210200500012,1,79,32.8
28501,SILVER,12-Jan-17,12-Jan-17,123060459,230100700002,1,220,135
28925,Gold,12-Jan-17,16-Jan-17,123060480,220200200067,1,80.8,35.15
29037,Platinum,12-Jan-17,14-Jan-17,123060489,230100600030,1,86.3,41.4
30106,Gold,12-Jan-17,18-Jan-17,123060500,220200300082,1,71,32.3
33040,Silver,12-Jan-17,12-Jan-17,123061975,220100100566,1,59,29.6
33116,Silver,12-Jan-17,18-Jan-17,123064461,230100700011,1,252,103.95
33646,Silver,12-Jan-17,17-Jan-17,123064491,240500200075,1,29.7,12.4
34102,Gold,12-Jan-17,12-Jan-17,123059794,240100200008,1,30,12.45
34110,SILVER,12-Jan-17,16-Jan-17,123060562,240400200049,1,89.9,42.9
35188,SILVER,12-Jan-17,12-Jan-17,123064547,240100400010,1,100.9,50.4
35820,Gold,12-Jan-17,12-Jan-17,123064560,220200100149,1,55.8,28
35915,Gold,12-Jan-17,17-Jan-17,123059797,240100100142,2,3.6,0.75
36634,Silver,12-Jan-17,12-Jan-17,123060598,220200300084,1,120.2,54.7
37294,Silver,12-Jan-17,18-Jan-17,123062641,220101300023,1,50.2,23.8
37667,Silver,12-Jan-17,12-Jan-17,123060611,220100700003,1,108.7,53
39596,Silver,12-Jan-17,12-Jan-17,123064631,220100100143,1,88.1,44.15
39679,Silver,12-Jan-17,12-Jan-17,123064638,230100700008,1,494.4,241
41070,Silver,12-Jan-17,12-Jan-17,123062668,220200100166,1,142.9,71.55
41955,SILVER,12-Jan-17,12-Jan-17,123064731,240500100018,1,61,27.05
41973,Silver,12-Jan-17,12-Jan-17,123061270,240600100047,1,40.6,18.65
42153,Gold,12-Jan-17,12-Jan-17,123064745,240500200143,2,41.6,9.9
46379,GOLD,12-Jan-17,12-Jan-17,123064889,240200100221,1,99,49.6
46746,Gold,12-Jan-17,12-Jan-17,123062708,220200100229,1,165.5,82.85
48751,Gold,12-Jan-17,12-Jan-17,123064961,210200600110,1,25,11.35
49352,PLATINUM,12-Jan-17,12-Jan-17,123060739,220100100432,1,65,32.45
49366,Silver,12-Jan-17,12-Jan-17,123062714,220200300003,1,33.7,15.45
52622,Gold,12-Jan-17,16-Jan-17,123062051,240100100175,1,13.5,6.1
54545,Gold,12-Jan-17,12-Jan-17,123061325,240600100136,1,21,8.65
56103,Gold,12-Jan-17,12-Jan-17,123062746,240700400022,1,32.7,14.45
56259,Silver,12-Jan-17,12-Jan-17,123065116,210201000155,1,49.8,22.7
56361,Gold,12-Jan-17,12-Jan-17,123062064,240100100263,1,29.3,12.25
56659,Silver,12-Jan-17,14-Jan-17,123061350,240200200079,1,93.2,8.75
57720,Gold,12-Jan-17,16-Jan-17,123062962,220101400342,1,175.7,79.9
58413,Silver,12-Jan-17,17-Jan-17,123060810,220200100060,1,55.4,29.35
58655,Silver,12-Jan-17,12-Jan-17,123065181,230100500026,1,247.5,109.55
59747,Platinum,12-Jan-17,17-Jan-17,123065235,210201000040,1,39.6,18.05
60149,Gold,12-Jan-17,12-Jan-17,123065269,220101000002,1,17.7,8
60533,Gold,12-Jan-17,16-Jan-17,123062978,240300300036,2,368.2,76.8
61334,Silver,12-Jan-17,12-Jan-17,123063393,210200300054,1,14.5,7.35
61624,Gold,12-Jan-17,12-Jan-17,123060831,220200300051,1,58.6,26.7
61916,Gold,12-Jan-17,12-Jan-17,123062087,230100100049,2,115.8,24.4
63515,SILVER,12-Jan-17,17-Jan-17,123060890,240500100045,3,250.2,33.45
65624,SILVER,12-Jan-17,15-Jan-17,123065352,240100100175,1,13.5,6.1
72997,Silver,12-Jan-17,16-Jan-17,123059883,220100100218,2,73.4,18.45
74033,Silver,12-Jan-17,12-Jan-17,123062145,220100700042,1,83.2,35.3
74688,GOLD,12-Jan-17,16-Jan-17,123059901,240100100291,2,56.2,12.15
74866,Gold,12-Jan-17,15-Jan-17,123061786,210200300086,1,22.8,11.5
76398,GOLD,12-Jan-17,12-Jan-17,123060931,240100100152,1,169.8,82.95
78411,SILVER,12-Jan-17,12-Jan-17,123062206,220100100614,1,59.1,29.65
79544,Silver,12-Jan-17,12-Jan-17,123063106,240200100182,1,110.9,55.55
81630,SILVER,12-Jan-17,12-Jan-17,123061559,220200100008,3,174.3,29.15
81846,Silver,12-Jan-17,12-Jan-17,123062260,240700400036,1,6.2,2.75
81985,Silver,12-Jan-17,17-Jan-17,123061563,240200100189,1,42.7,21.45
82365,Silver,12-Jan-17,12-Jan-17,123062275,240100100498,1,9,3.5
82895,Silver,12-Jan-17,12-Jan-17,123062278,240700400007,1,18.3,8.1
83205,Silver,12-Jan-17,12-Jan-17,123062280,240700400034,1,13.2,5.95
83999,Gold,12-Jan-17,12-Jan-17,123063515,230100600033,1,85.1,40.65
84492,Silver,12-Jan-17,12-Jan-17,123063123,240700400007,1,18.3,8.1
85885,Silver,12-Jan-17,13-Jan-17,123063537,210200100005,1,13,5.75
86442,Gold,12-Jan-17,12-Jan-17,123060039,240600100004,2,107.8,22.35
86770,Silver,12-Jan-17,12-Jan-17,123062322,240600100107,1,26.2,11.7
86924,GOLD,12-Jan-17,12-Jan-17,123062332,220101100005,2,15.6,2.95
87791,Gold,12-Jan-17,12-Jan-17,123063578,240500100017,1,53.5,23.75
91075,Gold,12-Jan-17,17-Jan-17,123062362,210201000125,1,51.3,23.4
92203,Silver,12-Jan-17,18-Jan-17,123062369,240100300001,1,35.5,17.9
646,Silver,13-Jan-17,13-Jan-17,123069269,240100400022,1,187.3,87.35
2307,Gold,13-Jan-17,16-Jan-17,123065890,230100600023,1,73.4,36.8
2353,GOLD,13-Jan-17,13-Jan-17,123069340,220100100299,1,63.8,32
2411,Silver,13-Jan-17,20-Jan-17,123068144,220200100099,1,157.8,79
3290,Gold,13-Jan-17,13-Jan-17,123065912,220200300133,2,56.4,12.95
3489,Silver,13-Jan-17,15-Jan-17,123067606,210200100014,1,35,15.65
4644,Gold,13-Jan-17,17-Jan-17,123069372,240500100048,1,42.6,17.1
6723,Gold,13-Jan-17,13-Jan-17,123067003,210200600085,1,36.6,16.55
10190,Silver,13-Jan-17,13-Jan-17,123067625,230100500082,1,126.1,58.6
10310,Gold,13-Jan-17,15-Jan-17,123067627,220101200009,1,106.8,42.8
10352,Gold,13-Jan-17,15-Jan-17,123066004,230100100013,2,226.2,58.9
10622,Silver,13-Jan-17,16-Jan-17,123068177,220100100581,1,38.7,19.45
11005,SILVER,13-Jan-17,13-Jan-17,123068179,210201000183,1,36.7,16.75
11094,Silver,13-Jan-17,16-Jan-17,123065395,220100100580,2,113,28.35
12838,Gold,13-Jan-17,15-Jan-17,123069549,240500200069,1,10.2,4.85
13943,Gold,13-Jan-17,13-Jan-17,123069578,230100100013,4,452.4,58.9
15206,SILVER,13-Jan-17,13-Jan-17,123065399,240700400004,1,13.2,5.95
15301,GOLD,13-Jan-17,13-Jan-17,123068192,220200200043,1,36.9,18.3
17225,Gold,13-Jan-17,13-Jan-17,123066096,240100100185,1,171.9,80.2
17625,Gold,13-Jan-17,14-Jan-17,123066102,220200100224,1,144.9,72.55
17938,Gold,13-Jan-17,13-Jan-17,123067645,220200100201,1,107.4,53.8
19165,Silver,13-Jan-17,13-Jan-17,123069037,210201000096,1,22.9,10.45
20103,Platinum,13-Jan-17,13-Jan-17,123068574,240100400142,1,153.8,77
20463,Gold,13-Jan-17,19-Jan-17,123067669,240100100582,2,71,14.85
20473,Silver,13-Jan-17,18-Jan-17,123069683,240800100043,2,805.6,171.25
22405,Silver,13-Jan-17,13-Jan-17,123065420,220101400056,3,124.8,18.5
22725,Gold,13-Jan-17,13-Jan-17,123069748,230100600023,1,73.4,36.8
23182,Silver,13-Jan-17,14-Jan-17,123068246,220200300103,3,168.9,25.05
23907,GOLD,13-Jan-17,14-Jan-17,123069786,240100400046,1,328.3,165.95
29155,Gold,13-Jan-17,17-Jan-17,123069059,220200200069,1,103.1,44.8
30069,Gold,13-Jan-17,13-Jan-17,123068281,240100200012,2,64.4,13.35
33415,Silver,13-Jan-17,17-Jan-17,123068583,220101400326,1,31.9,14.6
33567,Silver,13-Jan-17,17-Jan-17,123067093,220200200025,1,71.5,31.65
34176,Silver,13-Jan-17,18-Jan-17,123066812,240500200081,1,126.8,52.9
37641,Silver,13-Jan-17,17-Jan-17,123067130,240600100115,1,47.9,20
38150,Silver,13-Jan-17,19-Jan-17,123070166,240100100710,1,34.3,14.35
38343,SILVER,13-Jan-17,13-Jan-17,123070178,240100400121,1,116.5,56.8
38474,Silver,13-Jan-17,21-Jan-17,123067143,220100100218,1,36.7,18.45
38898,Gold,13-Jan-17,13-Jan-17,123068322,240200100166,1,54.7,26.05
39662,Gold,13-Jan-17,13-Jan-17,123070248,240400300026,1,92.7,40.3
40546,GOLD,13-Jan-17,13-Jan-17,123070300,230100100058,2,96.6,20.5
41889,SILVER,13-Jan-17,13-Jan-17,123067166,240600100047,1,40.6,18.65
43229,SILVER,13-Jan-17,15-Jan-17,123066366,240400200057,1,128.5,58.05
44659,SILVER,13-Jan-17,13-Jan-17,123068384,220200100056,1,143.7,71.95
44970,GOLD,13-Jan-17,18-Jan-17,123067181,240100100322,2,511.2,127.75
45112,SILVER,13-Jan-17,17-Jan-17,123066826,240500100033,1,65.4,28.95
46517,Gold,13-Jan-17,13-Jan-17,123070423,230100500081,1,73,30.35
46780,Silver,13-Jan-17,13-Jan-17,123070442,220200100108,2,270.4,67.7
48598,Silver,13-Jan-17,13-Jan-17,123069094,230100100043,2,164,32.9
55867,Gold,13-Jan-17,13-Jan-17,123068440,220200100139,1,57.3,28.75
56361,Gold,13-Jan-17,13-Jan-17,123067793,220200300015,1,115,52.4
58127,Gold,13-Jan-17,13-Jan-17,123067266,220101400189,1,4.8,2.2
60165,SILVER,13-Jan-17,18-Jan-17,123066663,230100500056,1,8,3.5
63129,SILVER,13-Jan-17,13-Jan-17,123070947,220100100631,1,57.1,28.65
70421,Gold,13-Jan-17,13-Jan-17,123066886,220200100016,1,124.4,62.3
71085,GOLD,13-Jan-17,13-Jan-17,123067319,220200300036,1,93.8,41.75
71102,Silver,13-Jan-17,13-Jan-17,123067325,240600100066,1,18.3,7.4
71258,Gold,13-Jan-17,18-Jan-17,123067849,210200200014,1,24.2,10.6
71850,Gold,13-Jan-17,13-Jan-17,123069126,230100500004,1,3.2,1.35
72183,Gold,13-Jan-17,13-Jan-17,123067352,220200300025,2,162.8,37.15
72606,GOLD,13-Jan-17,13-Jan-17,123068762,220200200038,2,76.4,18.95
72614,Gold,13-Jan-17,13-Jan-17,123068766,240700400008,1,27.9,12.1
74665,SILVER,13-Jan-17,13-Jan-17,123067370,220200200057,1,62.3,28.35
76510,Silver,13-Jan-17,13-Jan-17,123067882,240800200021,4,358.8,38.9
79550,Silver,13-Jan-17,13-Jan-17,123068845,220101400197,1,34.6,15.5
82650,Silver,13-Jan-17,15-Jan-17,123067976,240100100065,1,34.7,13.8
82824,SILVER,13-Jan-17,13-Jan-17,123065662,230100500013,2,18.8,4.75
83111,Silver,13-Jan-17,13-Jan-17,123065669,220100500026,2,126,28.7
86013,GOLD,13-Jan-17,18-Jan-17,123065703,220100700038,2,200.4,47.75
88057,Silver,13-Jan-17,13-Jan-17,123067558,220200300116,2,168.4,38.35
89049,Gold,13-Jan-17,13-Jan-17,123068963,230100500094,1,86.6,34.1
89081,Gold,13-Jan-17,14-Jan-17,123066955,240500200011,1,30.8,14.35
90133,Gold,13-Jan-17,13-Jan-17,123068967,220100100516,1,40.2,20.2
90941,Gold,13-Jan-17,13-Jan-17,123068061,210200400089,1,42.6,21.4
91679,Gold,13-Jan-17,13-Jan-17,123065791,230100500075,2,363,76.3
91683,Silver,13-Jan-17,13-Jan-17,123069200,220101000001,1,18.2,8.2
93357,Gold,13-Jan-17,15-Jan-17,123065823,220100100432,2,130,32.45
93905,Gold,13-Jan-17,13-Jan-17,123067582,220200200050,1,107.5,53.85
123,Gold,14-Jan-17,18-Jan-17,123073647,220101400215,1,18.2,8.45
1148,SILVER,14-Jan-17,14-Jan-17,123074940,210200600056,1,50.4,22.75
1763,Silver,14-Jan-17,14-Jan-17,123074949,220100100530,1,52.2,26.2
2868,Gold,14-Jan-17,15-Jan-17,123074960,240100400043,1,266,131.5
3297,Silver,14-Jan-17,14-Jan-17,123074967,220100100185,1,97.6,48.9
4123,Silver,14-Jan-17,14-Jan-17,123074994,220100100305,1,57.3,28.75
6738,Silver,14-Jan-17,16-Jan-17,123075088,240100400084,1,63.8,31.85
6788,Gold,14-Jan-17,19-Jan-17,123075089,230100100002,2,401.4,85.35
8272,GOLD,14-Jan-17,14-Jan-17,123073712,230100700004,1,360,199
8370,Silver,14-Jan-17,14-Jan-17,123073191,240100300004,1,22.9,9.1
8412,Silver,14-Jan-17,17-Jan-17,123072511,230100500011,1,67.8,30.8
10489,Gold,14-Jan-17,14-Jan-17,123075160,240500100017,2,107,23.75
11399,Silver,14-Jan-17,14-Jan-17,123075207,230100100040,2,341.2,70.95
13701,Silver,14-Jan-17,14-Jan-17,123071854,210201000086,1,17.1,7.65
14535,Gold,14-Jan-17,14-Jan-17,123073736,220100800036,1,41.8,19.9
16121,Gold,14-Jan-17,14-Jan-17,123073747,230100700004,1,360,199
16455,GOLD,14-Jan-17,20-Jan-17,123072579,240200100180,1,121.6,62.9
19795,Gold,14-Jan-17,14-Jan-17,123075418,220200200068,1,100.9,43.9
20483,GOLD,14-Jan-17,16-Jan-17,123074901,230100500077,1,173,72.75
20534,Silver,14-Jan-17,15-Jan-17,123075429,240100400143,1,165,82.6
21078,Gold,14-Jan-17,14-Jan-17,123074608,230100700008,1,494.4,241
21954,GOLD,14-Jan-17,14-Jan-17,123074123,220200200014,1,90,40.9
28638,Silver,14-Jan-17,14-Jan-17,123075545,220100300018,2,51.2,12.1
30201,Silver,14-Jan-17,14-Jan-17,123073267,220101400263,1,132.2,60.25
32164,GOLD,14-Jan-17,18-Jan-17,123075628,230100100057,2,55.8,13.45
32382,Silver,14-Jan-17,20-Jan-17,123075630,240500200145,2,25.2,5.95
32545,Silver,14-Jan-17,14-Jan-17,123073856,220200100099,1,157.8,79
33584,Platinum,14-Jan-17,14-Jan-17,123075642,240100200001,3,47.7,6.3
34238,Gold,14-Jan-17,14-Jan-17,123075675,220100100207,4,218.8,27.45
34553,Silver,14-Jan-17,14-Jan-17,123074175,240200100052,1,99.7,51.4
36183,Gold,14-Jan-17,14-Jan-17,123072373,240200100232,1,28.2,14.2
38586,Silver,14-Jan-17,15-Jan-17,123075776,240100100386,2,79,16.55
39507,Silver,14-Jan-17,14-Jan-17,123075779,240500100003,1,52.6,24
43072,Silver,14-Jan-17,14-Jan-17,123073901,240100100099,1,2.4,2.2
43776,Silver,14-Jan-17,17-Jan-17,123075894,240100400085,1,64.5,30.95
43789,Silver,14-Jan-17,14-Jan-17,123074215,220200100156,1,112.7,56.45
45483,GOLD,14-Jan-17,14-Jan-17,123075953,240500100044,1,71.2,28.5
47015,Silver,14-Jan-17,14-Jan-17,123072123,220200300136,1,35.8,16.3
47334,GOLD,14-Jan-17,16-Jan-17,123072717,210200600051,1,49.4,22.3
48677,SILVER,14-Jan-17,14-Jan-17,123072720,220101400138,1,46.7,23.45
50462,Silver,14-Jan-17,14-Jan-17,123072745,220200100061,1,75.6,37.9
51576,Gold,14-Jan-17,14-Jan-17,123072751,240400200049,1,89.9,42.9
53268,Silver,14-Jan-17,19-Jan-17,123076128,230100700008,1,494.4,241
54378,Silver,14-Jan-17,16-Jan-17,123072161,220200300161,1,22.6,9.65
54495,Gold,14-Jan-17,14-Jan-17,123072171,220200200026,2,185.8,42.55
56163,Silver,14-Jan-17,16-Jan-17,123074241,220100600008,1,294.2,140.05
56343,Silver,14-Jan-17,14-Jan-17,123076177,220100100483,1,32.2,19.4
57194,Gold,14-Jan-17,14-Jan-17,123073999,220200100240,1,40,20.1
57897,Platinum,14-Jan-17,14-Jan-17,123074732,240700400030,1,21.7,9.45
59094,Gold,14-Jan-17,23-Jan-17,123073372,210200300119,1,39.6,19.75
59447,SILVER,14-Jan-17,14-Jan-17,123072220,240100100362,1,10.2,4.45
61499,Silver,14-Jan-17,14-Jan-17,123072254,230100600039,1,106.8,51.1
61542,Gold,14-Jan-17,14-Jan-17,123072256,220101400385,1,24.8,12.35
61855,Silver,14-Jan-17,14-Jan-17,123076362,230100400001,2,35.6,8.4
63605,Gold,14-Jan-17,16-Jan-17,123072259,230100600022,1,84.1,42.15
63689,Gold,14-Jan-17,14-Jan-17,123072262,230100200047,1,72.7,35.2
70287,SILVER,14-Jan-17,14-Jan-17,123074277,240200200026,1,96.3,38.55
71069,Gold,14-Jan-17,14-Jan-17,123072408,240400200023,1,131.7,55
71616,Gold,14-Jan-17,14-Jan-17,123073424,220100100380,1,74,36.95
72096,Silver,14-Jan-17,14-Jan-17,123074298,240200200029,1,17.3,6.75
72417,Gold,14-Jan-17,14-Jan-17,123073431,230100100002,2,401.4,85.35
72893,Gold,14-Jan-17,14-Jan-17,123074323,230100100034,4,310.8,32.25
74641,Gold,14-Jan-17,19-Jan-17,123072906,240600100085,1,6,2.45
75096,Gold,14-Jan-17,14-Jan-17,123073451,220101100018,1,17.1,7.15
77535,Gold,14-Jan-17,14-Jan-17,123074386,220100100142,1,27.9,14.05
78695,Gold,14-Jan-17,19-Jan-17,123072435,240400200097,1,416.8,124.2
80527,Gold,14-Jan-17,14-Jan-17,123074416,220100500026,1,63,28.7
80691,Silver,14-Jan-17,16-Jan-17,123071732,240300200064,2,76.4,15.1
80718,Silver,14-Jan-17,14-Jan-17,123074830,210200100005,1,13,5.75
81168,Silver,14-Jan-17,14-Jan-17,123074423,220100100356,1,35.2,17.7
81453,Silver,14-Jan-17,14-Jan-17,123072952,220200100092,1,83,41.6
81818,Gold,14-Jan-17,14-Jan-17,123074440,220200100116,1,180.7,90.45
82233,Gold,14-Jan-17,14-Jan-17,123071556,240100100661,2,46.4,9.95
82870,Gold,14-Jan-17,14-Jan-17,123072453,220200100029,1,104.3,52.25
87873,Silver,14-Jan-17,15-Jan-17,123073557,240100100434,1,15.3,7.5
88321,Silver,14-Jan-17,14-Jan-17,123073047,230100600022,1,84.1,42.15
89209,SILVER,14-Jan-17,18-Jan-17,123073056,230100600031,1,88.5,42.45
89437,Gold,14-Jan-17,14-Jan-17,123073576,230100100014,2,640.8,145
89853,Gold,14-Jan-17,14-Jan-17,123074886,220101400370,1,49.8,23.6
91786,Gold,14-Jan-17,14-Jan-17,123073621,240100400069,1,93.3,39.95
93639,Gold,14-Jan-17,14-Jan-17,123073121,220200300136,1,35.8,16.3
5,Gold,15-Jan-17,19-Jan-17,123080101,230100500026,1,247.5,109.55
2125,Silver,15-Jan-17,15-Jan-17,123079730,220200100107,1,179,89.6
3733,Silver,15-Jan-17,15-Jan-17,123079037,220200200014,1,90,40.9
3987,Gold,15-Jan-17,15-Jan-17,123080194,240800200008,4,601,60.1
5695,Silver,15-Jan-17,15-Jan-17,123079071,240100400113,1,238.4,116.35
5836,Silver,15-Jan-17,18-Jan-17,123076863,220200100160,2,69.8,17.55
9160,Silver,15-Jan-17,15-Jan-17,123076929,220200100098,1,120.7,66.5
10145,SILVER,15-Jan-17,15-Jan-17,123080286,240500200016,3,95.1,14.5
10187,Silver,15-Jan-17,15-Jan-17,123080292,220100100134,1,45.5,22.85
10460,Silver,15-Jan-17,17-Jan-17,123076477,220101300006,2,54.6,12.25
12097,Silver,15-Jan-17,15-Jan-17,123077962,210201000130,1,29.6,13.2
12895,Silver,15-Jan-17,15-Jan-17,123077969,220200300133,1,28.2,12.95
13082,Silver,15-Jan-17,15-Jan-17,123076993,240500100017,1,53.5,23.75
14093,Silver,15-Jan-17,20-Jan-17,123079099,220100100135,1,35.7,17.95
15465,Gold,15-Jan-17,21-Jan-17,123080442,240600100107,1,26.2,11.7
15525,Silver,15-Jan-17,18-Jan-17,123080462,240100100184,1,183.1,85.4
16109,Silver,15-Jan-17,20-Jan-17,123080484,240100100604,2,167.8,35
16178,Silver,15-Jan-17,15-Jan-17,123077038,220100100036,1,41.2,20.7
16934,Gold,15-Jan-17,15-Jan-17,123080528,220100700002,1,169.5,80.85
16958,Gold,15-Jan-17,15-Jan-17,123080535,220100100076,1,34.9,17.55
17794,SILVER,15-Jan-17,15-Jan-17,123080579,220101400263,1,132.2,60.25
18173,Gold,15-Jan-17,15-Jan-17,123077074,240500100004,1,63.5,28
20249,GOLD,15-Jan-17,17-Jan-17,123079783,230100600028,1,96.7,48.45
20265,Silver,15-Jan-17,18-Jan-17,123077116,220200100238,1,209.3,104.6
20680,Gold,15-Jan-17,20-Jan-17,123077132,220200200009,1,59,26.85
21873,Silver,15-Jan-17,15-Jan-17,123076513,240100100736,2,138.2,29.8
21942,PLATINUM,15-Jan-17,15-Jan-17,123077140,220100100533,1,54.4,27.3
22645,Silver,15-Jan-17,20-Jan-17,123078055,240700400034,1,13.2,5.95
23068,Silver,15-Jan-17,15-Jan-17,123080630,230100600025,1,125.9,63.05
23289,Silver,15-Jan-17,15-Jan-17,123078601,210201000051,1,41.8,19.05
24672,SILVER,15-Jan-17,15-Jan-17,123077211,220100300008,2,171.4,34.35
26128,Silver,15-Jan-17,16-Jan-17,123078604,210200300103,1,19.7,9.95
27089,Silver,15-Jan-17,15-Jan-17,123077233,240100200001,1,15.9,6.3
31467,Silver,15-Jan-17,15-Jan-17,123080913,240700100004,1,26.2,13.55
32123,Silver,15-Jan-17,15-Jan-17,123079184,220100900029,1,30.8,12.35
32270,Silver,15-Jan-17,15-Jan-17,123077296,220200300072,2,197.4,45
32948,SILVER,15-Jan-17,16-Jan-17,123078092,240200200026,1,96.3,38.55
33199,Gold,15-Jan-17,19-Jan-17,123080967,240100100078,1,14.5,6.2
33999,Gold,15-Jan-17,15-Jan-17,123080986,230100600008,1,131.2,64.25
34626,Gold,15-Jan-17,15-Jan-17,123078134,210201000043,1,12.2,5.5
35501,Silver,15-Jan-17,18-Jan-17,123079833,230100500083,1,51.8,25.85
35990,Silver,15-Jan-17,15-Jan-17,123079841,240100400115,1,335.4,163.65
36948,Silver,15-Jan-17,21-Jan-17,123081030,240700100011,1,26.99,10.23
40691,Silver,15-Jan-17,15-Jan-17,123077458,220101100017,1,16.2,6.75
41432,Silver,15-Jan-17,15-Jan-17,123077465,230100100013,2,226.2,58.9
41663,Silver,15-Jan-17,20-Jan-17,123081111,240400200061,1,12,6.05
42883,GOLD,15-Jan-17,15-Jan-17,123078676,210200400070,1,41.6,20.9
43733,Platinum,15-Jan-17,20-Jan-17,123077485,220200100005,1,64.9,32.55
43877,Silver,15-Jan-17,15-Jan-17,123079235,210200600075,1,12.4,5.25
45565,Gold,15-Jan-17,19-Jan-17,123081203,230100500096,1,35.5,17.25
45899,GOLD,15-Jan-17,15-Jan-17,123081229,220200300045,3,196.5,29.8
46922,Gold,15-Jan-17,16-Jan-17,123077564,230100600018,1,64.2,32.2
47462,Gold,15-Jan-17,20-Jan-17,123077577,230100600023,1,73.4,36.8
47668,Silver,15-Jan-17,15-Jan-17,123079253,210200200012,1,22.6,9.8
47971,GOLD,15-Jan-17,15-Jan-17,123079263,220200300017,1,99.5,44.3
50913,Gold,15-Jan-17,15-Jan-17,123079270,240200200078,1,24.9,10.95
51568,Gold,15-Jan-17,19-Jan-17,123079486,240300200051,3,109.8,16.65
52350,Gold,15-Jan-17,15-Jan-17,123079508,220200100077,2,198,49.6
53049,Silver,15-Jan-17,20-Jan-17,123081396,240800100006,4,1014,108
55016,Silver,15-Jan-17,15-Jan-17,123079292,210201000109,1,23.8,10.75
56348,Silver,15-Jan-17,18-Jan-17,123077676,230100700008,1,494.4,241
57454,Silver,15-Jan-17,15-Jan-17,123079309,240200200026,1,96.3,38.55
57754,Silver,15-Jan-17,15-Jan-17,123078193,220100100182,1,89.6,44.9
58088,Gold,15-Jan-17,20-Jan-17,123078200,240200100078,1,159.9,83.1
59659,Silver,15-Jan-17,15-Jan-17,123077685,230100700002,1,220,135
60217,Silver,15-Jan-17,15-Jan-17,123078238,220200300161,2,45.2,9.65
60309,Silver,15-Jan-17,15-Jan-17,123078240,240100300006,1,51.5,22.8
61499,Silver,15-Jan-17,15-Jan-17,123077741,220100300038,2,282.4,57.95
62665,SILVER,15-Jan-17,15-Jan-17,123081658,240700200010,1,25.7,9.85
62895,SILVER,15-Jan-17,15-Jan-17,123081667,240700100002,1,23.2,12.1
63657,Gold,15-Jan-17,17-Jan-17,123078258,210200300099,1,22.3,11.25
64996,Silver,15-Jan-17,28-Jan-17,123077771,240500200004,1,32.5,15.6
71493,SILVER,15-Jan-17,15-Jan-17,123077810,240100100176,2,27.6,6.25
73601,GOLD,15-Jan-17,21-Jan-17,123078309,240200200032,1,67.6,27.1
75417,Silver,15-Jan-17,17-Jan-17,123078340,240200100226,1,183.9,86.65
75890,Gold,15-Jan-17,15-Jan-17,123079603,220100700042,1,83.2,35.3
76704,Gold,15-Jan-17,15-Jan-17,123078813,220100100380,1,74,36.95
77168,Silver,15-Jan-17,15-Jan-17,123076672,210200600022,2,172.8,39.45
78502,Silver,15-Jan-17,15-Jan-17,123078390,220200200060,2,117,26.65
78671,Gold,15-Jan-17,15-Jan-17,123078397,220200100101,1,61,28.75
79228,Gold,15-Jan-17,15-Jan-17,123078823,230100100048,2,245.2,52.8
81067,GOLD,15-Jan-17,15-Jan-17,123079954,220200100147,2,231,57.85
81245,GOLD,15-Jan-17,19-Jan-17,123078429,220200100179,1,134.5,67.35
82128,Silver,15-Jan-17,15-Jan-17,123079634,220101400156,1,38.1,17.05
83765,Gold,15-Jan-17,15-Jan-17,123079641,220100400027,1,88.1,41.95
84190,GOLD,15-Jan-17,15-Jan-17,123078457,230100700008,1,494.4,241
84258,Silver,15-Jan-17,19-Jan-17,123078889,240100100155,2,66.6,14.85
89212,Silver,15-Jan-17,15-Jan-17,123079683,240200100114,1,167.4,83.8
90093,Silver,15-Jan-17,17-Jan-17,123078930,240100100710,1,34.3,14.35
90201,Gold,15-Jan-17,17-Jan-17,123079688,240100300006,1,51.5,22.8
91269,Silver,15-Jan-17,15-Jan-17,123078939,220100800049,1,40.6,19.25
91817,Gold,15-Jan-17,15-Jan-17,123078950,230100100006,2,352,74.55
92048,Gold,15-Jan-17,15-Jan-17,123078956,230100200034,1,215.5,97.85
92218,Gold,15-Jan-17,19-Jan-17,123078505,240200100060,1,48.3,26.65
94044,GOLD,15-Jan-17,15-Jan-17,123078976,240700400002,1,33.6,14.65
375,Gold,16-Jan-17,16-Jan-17,123082260,220100700051,1,181.3,86.4
486,GOLD,16-Jan-17,16-Jan-17,123083323,220200100187,1,61.4,30.8
1481,Gold,16-Jan-17,19-Jan-17,123084526,240100200006,1,29.1,12.3
2313,GOLD,16-Jan-17,16-Jan-17,123082335,240500100031,1,57.3,25.45
2591,Silver,16-Jan-17,16-Jan-17,123083332,240100100570,2,65.2,13.8
2769,Silver,16-Jan-17,16-Jan-17,123085847,240400300039,1,19.6,7.9
3310,Silver,16-Jan-17,16-Jan-17,123082344,230100200019,1,199.1,95.65
5219,Gold,16-Jan-17,16-Jan-17,123084558,240100200001,1,15.9,6.3
5242,Silver,16-Jan-17,16-Jan-17,123085446,230100600013,1,71.7,35.95
7700,Platinum,16-Jan-17,16-Jan-17,123081805,230100500058,2,33.4,7.25
8892,GOLD,16-Jan-17,16-Jan-17,123081810,240700400032,1,30.8,6.75
9994,Gold,16-Jan-17,19-Jan-17,123085748,230100600030,1,86.3,41.4
10511,Silver,16-Jan-17,16-Jan-17,123082395,240100400099,1,173.2,127
11074,GOLD,16-Jan-17,20-Jan-17,123085055,240200100171,1,3.4,1.5
13475,Silver,16-Jan-17,16-Jan-17,123082430,220200100190,1,63.5,29.95
13630,GOLD,16-Jan-17,16-Jan-17,123082440,220200100099,1,157.8,79
13779,Silver,16-Jan-17,16-Jan-17,123086070,240700100008,1,26.99,10.23
14264,Silver,16-Jan-17,16-Jan-17,123082459,240800100036,2,935,193.75
16257,Platinum,16-Jan-17,16-Jan-17,123082522,220200100201,2,214.8,53.8
16767,Gold,16-Jan-17,16-Jan-17,123085072,220200300152,1,78.4,39.15
18569,Gold,16-Jan-17,16-Jan-17,123082535,240300200069,2,82.2,16.5
19956,Silver,16-Jan-17,16-Jan-17,123084649,240400200051,1,186.3,88.8
20734,Gold,16-Jan-17,19-Jan-17,123086302,220200100171,2,112.6,31.05
21169,Gold,16-Jan-17,19-Jan-17,123082546,230100500077,1,173,72.75
21442,Silver,16-Jan-17,22-Jan-17,123086322,240400100008,1,21.6,10.65
23209,Silver,16-Jan-17,16-Jan-17,123083418,240100100285,1,43.1,20.5
23810,SILVER,16-Jan-17,22-Jan-17,123086395,240100100739,1,134.4,57.2
23991,Platinum,16-Jan-17,20-Jan-17,123082595,230100600039,1,106.8,51.1
25516,Gold,16-Jan-17,16-Jan-17,123083451,210200500004,1,96.9,40.65
27295,Gold,16-Jan-17,16-Jan-17,123083471,210201000011,2,56.4,12.95
27345,Silver,16-Jan-17,16-Jan-17,123082677,240100100512,1,13.1,5.55
29055,Gold,16-Jan-17,16-Jan-17,123086553,240700100009,1,26.99,10.23
29394,Silver,16-Jan-17,16-Jan-17,123084775,240100200003,1,32.4,13.65
29623,GOLD,16-Jan-17,16-Jan-17,123084781,240100200008,3,90,12.45
30052,Silver,16-Jan-17,16-Jan-17,123085513,220200100224,1,144.9,72.55
30077,Gold,16-Jan-17,18-Jan-17,123082722,240400300033,1,35.7,14.35
32514,Silver,16-Jan-17,16-Jan-17,123083478,210200100014,1,35,15.65
33906,Silver,16-Jan-17,16-Jan-17,123086731,220200300112,1,5.7,2.6
34599,GOLD,16-Jan-17,16-Jan-17,123083493,240200100166,1,54.7,26.05
35139,Gold,16-Jan-17,21-Jan-17,123086772,240800200021,2,179.4,38.9
35307,Silver,16-Jan-17,16-Jan-17,123086773,220100100597,1,34,17.1
36200,Platinum,16-Jan-17,16-Jan-17,123086783,240500200100,1,22.7,10.85
36806,Gold,16-Jan-17,16-Jan-17,123084828,240100100556,1,111.8,49
37508,Silver,16-Jan-17,21-Jan-17,123086836,240600100021,1,62.4,25.7
37966,Silver,16-Jan-17,17-Jan-17,123084838,210201100009,1,26.3,11.45
38205,GOLD,16-Jan-17,16-Jan-17,123086866,240500100017,1,53.5,23.75
38387,Gold,16-Jan-17,16-Jan-17,123083519,220100800049,1,40.6,19.25
39599,Silver,16-Jan-17,16-Jan-17,123084001,240100300005,1,45,19.2
40431,Gold,16-Jan-17,16-Jan-17,123086897,220200200009,1,59,26.85
40809,SILVER,16-Jan-17,16-Jan-17,123086905,230100600012,1,23.4,11.4
44305,GOLD,16-Jan-17,19-Jan-17,123084881,220100300038,2,282.4,57.95
45051,Gold,16-Jan-17,16-Jan-17,123087078,230100600005,1,129.8,63.2
45538,SILVER,16-Jan-17,16-Jan-17,123082895,240100100261,1,53,22.05
46421,Silver,16-Jan-17,16-Jan-17,123087101,220101400002,1,104.1,47.4
47241,Silver,16-Jan-17,16-Jan-17,123081970,220100300024,1,52.5,24.35
47472,SILVER,16-Jan-17,16-Jan-17,123087138,240800200006,2,451,112.85
48118,Silver,16-Jan-17,20-Jan-17,123087223,240800200020,2,326.8,74.3
48134,Gold,16-Jan-17,18-Jan-17,123087231,240500100062,1,54.6,23.85
50158,Silver,16-Jan-17,17-Jan-17,123081981,220100200021,3,95.7,12.8
51355,Gold,16-Jan-17,16-Jan-17,123083011,230100500097,1,24,11.7
51540,SILVER,16-Jan-17,16-Jan-17,123083013,230100200054,1,133.2,60.6
52885,GOLD,16-Jan-17,16-Jan-17,123087408,220200100108,2,270.4,67.7
53624,GOLD,16-Jan-17,16-Jan-17,123083579,220200300145,3,241.5,36.65
53965,Gold,16-Jan-17,16-Jan-17,123084948,220200100046,1,115.8,58
54248,Silver,16-Jan-17,19-Jan-17,123084958,240100100364,2,3.4,0.7
55305,SILVER,16-Jan-17,16-Jan-17,123087461,220100100025,1,17.4,8.8
55344,Gold,16-Jan-17,16-Jan-17,123087471,230100100013,2,226.2,58.9
55982,Silver,16-Jan-17,21-Jan-17,123085727,230100100045,2,249.6,53.6
56604,Gold,16-Jan-17,19-Jan-17,123083044,240300100002,2,419,104.5
57062,Silver,16-Jan-17,19-Jan-17,123083059,240300100013,2,96.8,23.5
57727,Gold,16-Jan-17,17-Jan-17,123083079,220200100092,1,83,41.6
59358,Gold,16-Jan-17,16-Jan-17,123084962,220100800031,1,54.4,25.95
59484,Silver,16-Jan-17,20-Jan-17,123085223,220100100156,1,167.8,84
60321,Gold,16-Jan-17,16-Jan-17,123084147,240100100569,2,89.4,19.25
60449,GOLD,16-Jan-17,16-Jan-17,123084974,220200100099,1,157.8,79
62029,Silver,16-Jan-17,16-Jan-17,123084980,220200100096,2,146.4,36.7
63404,GOLD,16-Jan-17,20-Jan-17,123087648,230100500095,2,193.8,40
63546,Silver,16-Jan-17,16-Jan-17,123085014,220200100201,1,107.4,53.8
64546,Gold,16-Jan-17,16-Jan-17,123083181,240700400013,1,68.2,35.55
65728,Gold,16-Jan-17,16-Jan-17,123087701,240100400048,1,292.7,144.65
77962,Gold,16-Jan-17,16-Jan-17,123084300,220101400392,1,99.3,45.15
78375,SILVER,16-Jan-17,16-Jan-17,123085285,220100300002,4,310,32.25
81982,Gold,16-Jan-17,16-Jan-17,123085656,230100500022,1,150.1,64.1
82925,Silver,16-Jan-17,16-Jan-17,123083774,220100800085,1,23.7,11.3
86077,Silver,16-Jan-17,16-Jan-17,123084400,210200500006,2,48,11.95
87293,Gold,16-Jan-17,16-Jan-17,123082156,240600100087,2,78.2,17.4
90295,Gold,16-Jan-17,19-Jan-17,123083307,240500200104,2,108,22.5
93129,Silver,16-Jan-17,18-Jan-17,123082208,220100700002,2,339,80.85
93703,Gold,16-Jan-17,16-Jan-17,123084507,230100100013,6,678.6,58.9
93957,Silver,16-Jan-17,16-Jan-17,123085724,220101400047,1,24.2,11.1
94105,GOLD,16-Jan-17,16-Jan-17,123082226,220100800031,2,108.8,25.95
5961,Silver,17-Jan-17,27-Jan-17,123091284,220200300155,1,70.7,32.95
6380,Silver,17-Jan-17,17-Jan-17,123090093,230100100015,4,427.6,45.5
6747,Gold,17-Jan-17,19-Jan-17,123088262,230100600038,1,112.5,54.95
6786,GOLD,17-Jan-17,19-Jan-17,123090760,220100800017,1,35.4,16.95
7045,Gold,17-Jan-17,17-Jan-17,123092355,240100100159,1,30.8,13.7
7407,Gold,17-Jan-17,20-Jan-17,123092357,240100100362,1,10.2,4.45
7759,Gold,17-Jan-17,18-Jan-17,123092373,240500100008,3,197.1,29.9
8968,SILVER,17-Jan-17,21-Jan-17,123092458,240600100168,1,22.7,9.7
9762,Gold,17-Jan-17,17-Jan-17,123092462,240200100152,1,293.9,168.05
10527,Silver,17-Jan-17,17-Jan-17,123091738,220100200001,1,55.8,22.35
13548,PLATINUM,17-Jan-17,17-Jan-17,123090151,210201000044,1,14.7,6.75
13724,Silver,17-Jan-17,17-Jan-17,123087732,220100600008,2,588.4,140.05
14069,SILVER,17-Jan-17,17-Jan-17,123088347,240500100062,2,109.2,23.85
14226,SILVER,17-Jan-17,17-Jan-17,123090856,220200100145,1,111.3,55.75
14405,GOLD,17-Jan-17,17-Jan-17,123090863,240200100152,1,293.9,168.05
16263,Gold,17-Jan-17,17-Jan-17,123090903,220200300127,1,49.4,22.05
17013,Silver,17-Jan-17,17-Jan-17,123088399,240800200001,4,678,67.8
19341,Gold,17-Jan-17,19-Jan-17,123089474,220200300070,2,200.4,45.6
19690,Silver,17-Jan-17,18-Jan-17,123092724,230100500082,1,126.1,58.6
20070,Silver,17-Jan-17,21-Jan-17,123092738,240100100291,1,28.1,12.15
21390,Gold,17-Jan-17,17-Jan-17,123088449,220100800085,1,23.7,11.3
23463,Silver,17-Jan-17,17-Jan-17,123090920,230100400028,2,27.8,5.45
24560,Silver,17-Jan-17,17-Jan-17,123092802,240700100011,1,26.99,10.23
24765,Gold,17-Jan-17,17-Jan-17,123088517,240800100066,2,375.2,76.3
25973,Silver,17-Jan-17,22-Jan-17,123092863,240500100027,2,91,20.2
27146,Silver,17-Jan-17,17-Jan-17,123088578,220101400084,1,20,9.2
28735,Gold,17-Jan-17,17-Jan-17,123087814,240600100115,2,95.8,20
29046,Silver,17-Jan-17,17-Jan-17,123090967,240700300004,3,51,8.1
30722,Gold,17-Jan-17,17-Jan-17,123092936,220200100073,1,68.8,34.5
31216,Silver,17-Jan-17,17-Jan-17,123088636,220200100130,1,59.6,29.9
31683,GOLD,17-Jan-17,17-Jan-17,123091808,210200900010,1,45.9,19.45
33690,Silver,17-Jan-17,17-Jan-17,123093038,210200600048,2,79.8,18.75
35219,Gold,17-Jan-17,17-Jan-17,123088728,240800100062,2,750.6,150.2
35633,Silver,17-Jan-17,17-Jan-17,123088738,220200200059,1,136.7,62.3
35816,Gold,17-Jan-17,17-Jan-17,123091027,240100200005,1,32.4,13.65
37900,Silver,17-Jan-17,18-Jan-17,123093128,240700100012,1,21.99,9.1
38521,Gold,17-Jan-17,19-Jan-17,123093134,240100100440,1,141.9,70.9
38813,Silver,17-Jan-17,17-Jan-17,123093137,240400300009,1,62.1,25.8
40009,GOLD,17-Jan-17,17-Jan-17,123090285,240600100016,1,51.7,20.5
40776,Silver,17-Jan-17,19-Jan-17,123091082,220100100156,1,167.8,84
41032,SILVER,17-Jan-17,23-Jan-17,123093199,240800100055,2,480.2,110.55
42763,Silver,17-Jan-17,22-Jan-17,123088850,230100600036,1,103.2,50.4
44333,Gold,17-Jan-17,19-Jan-17,123093338,240700100001,2,46.8,12.2
44844,Gold,17-Jan-17,17-Jan-17,123088883,220101400251,1,32.7,14.95
45440,Gold,17-Jan-17,22-Jan-17,123088895,230100600008,1,131.2,64.25
45760,GOLD,17-Jan-17,17-Jan-17,123093359,240800200006,2,451,112.85
45898,Silver,17-Jan-17,17-Jan-17,123090338,240100100642,2,145.2,30.95
46299,Gold,17-Jan-17,17-Jan-17,123093392,220100100631,1,57.1,28.65
47323,Silver,17-Jan-17,17-Jan-17,123093407,240700200021,1,19.1,10.15
48609,Silver,17-Jan-17,17-Jan-17,123091143,220101400036,1,47.3,17.8
52390,Gold,17-Jan-17,17-Jan-17,123093580,240700100007,1,22.85,9.3
52542,Gold,17-Jan-17,17-Jan-17,123088994,220100100205,1,68,34.1
53550,Gold,17-Jan-17,22-Jan-17,123090347,210200300050,1,21.1,10.65
54835,GOLD,17-Jan-17,17-Jan-17,123089009,220200300102,1,136.6,62.25
56361,Silver,17-Jan-17,17-Jan-17,123090368,220200200009,1,59,26.85
56382,SILVER,17-Jan-17,17-Jan-17,123093671,220200100120,1,65.7,32.95
57366,Gold,17-Jan-17,17-Jan-17,123089025,220200300161,1,22.6,9.65
58037,SILVER,17-Jan-17,17-Jan-17,123091186,240100100468,1,18,8.25
58440,SILVER,17-Jan-17,17-Jan-17,123089282,230100200073,1,46.9,20.2
59284,GOLD,17-Jan-17,19-Jan-17,123093790,240800200013,6,484.2,33.65
60929,Silver,17-Jan-17,17-Jan-17,123089106,240500200016,1,31.7,14.5
60980,Gold,17-Jan-17,22-Jan-17,123090388,240100100175,1,13.5,6.1
62082,Silver,17-Jan-17,17-Jan-17,123093851,220100100096,1,63.9,32.05
62345,Silver,17-Jan-17,17-Jan-17,123089130,240500200074,1,22.6,9.45
63841,Silver,17-Jan-17,17-Jan-17,123091246,220200200066,1,88.2,38.4
64041,Silver,17-Jan-17,17-Jan-17,123089148,240500100059,2,122,26.55
64762,Silver,17-Jan-17,17-Jan-17,123091263,220200300129,1,81.2,37.05
65710,Silver,17-Jan-17,17-Jan-17,123093961,230100100035,2,141.6,29.8
72648,Silver,17-Jan-17,17-Jan-17,123091884,220101400029,1,4.6,1.9
73673,Silver,17-Jan-17,17-Jan-17,123087929,230100700002,2,440,135
75477,GOLD,17-Jan-17,17-Jan-17,123089802,220100800040,1,111.5,53.05
75495,Gold,17-Jan-17,21-Jan-17,123089810,230100600022,1,84.1,42.15
76168,Gold,17-Jan-17,17-Jan-17,123091572,220200100026,2,134,33.6
78194,Gold,17-Jan-17,20-Jan-17,123090474,210200700013,1,10.1,3.6
78415,Gold,17-Jan-17,17-Jan-17,123089320,240100100142,1,1.8,0.75
78833,Silver,17-Jan-17,17-Jan-17,123089323,240500100032,3,164.7,24.35
79825,Silver,17-Jan-17,22-Jan-17,123091613,220200100240,1,40,20.1
81252,Silver,17-Jan-17,17-Jan-17,123089338,240100100710,1,34.3,14.35
82056,SILVER,17-Jan-17,19-Jan-17,123088151,220101300019,1,55.2,22.15
84615,Gold,17-Jan-17,17-Jan-17,123089908,220100100491,1,31.8,16
84880,Gold,17-Jan-17,17-Jan-17,123088036,240500100026,2,110.4,24.5
84943,GOLD,17-Jan-17,22-Jan-17,123089950,210201100005,1,37.1,16.15
85819,Gold,17-Jan-17,17-Jan-17,123088061,230100500026,2,495,109.55
88154,Gold,17-Jan-17,18-Jan-17,123088158,240200100204,1,109.2,55.85
89081,Silver,17-Jan-17,18-Jan-17,123089369,240500100027,1,45.5,20.2
89403,Gold,17-Jan-17,17-Jan-17,123089968,230100500089,1,140.3,58.4
90785,SILVER,17-Jan-17,17-Jan-17,123091689,240100100600,1,19.5,8.35
92578,SILVER,17-Jan-17,20-Jan-17,123089379,240500200093,1,40.9,19.45
93172,SILVER,17-Jan-17,22-Jan-17,123088140,220100100044,2,204.2,48.65
94005,Gold,17-Jan-17,20-Jan-17,123090699,220200100241,1,35.4,17.8
5118,Silver,18-Jan-17,22-Jan-17,123095771,220200100079,1,124.3,62.25
5711,Gold,18-Jan-17,18-Jan-17,123096204,220100700046,1,137.4,65.5
8982,Silver,18-Jan-17,18-Jan-17,123096285,210200600051,1,49.4,22.3
10117,Platinum,18-Jan-17,18-Jan-17,123094981,220100900021,1,113.5,54.55
10994,Platinum,18-Jan-17,20-Jan-17,123096322,240500200140,1,28,13.4
13391,Gold,18-Jan-17,18-Jan-17,123094541,230100500082,1,126.1,58.6
16542,Silver,18-Jan-17,18-Jan-17,123096536,240800200020,2,326.8,74.3
22888,SILVER,18-Jan-17,18-Jan-17,123096629,220100100142,1,27.9,14.05
31128,Silver,18-Jan-17,18-Jan-17,123094581,220101200015,1,23,9.95
32996,Silver,18-Jan-17,18-Jan-17,123096867,240500100064,1,55.7,24.2
34200,Gold,18-Jan-17,18-Jan-17,123096907,230100500101,1,138.7,62.5
35622,GOLD,18-Jan-17,18-Jan-17,123094619,220200200025,2,143,31.65
37666,Platinum,18-Jan-17,18-Jan-17,123096976,220101400117,1,45.6,20.85
40178,SILVER,18-Jan-17,18-Jan-17,123095444,240700400007,1,18.3,8.1
40263,Gold,18-Jan-17,21-Jan-17,123094653,240100100528,1,54.1,23.85
40557,Silver,18-Jan-17,18-Jan-17,123097066,240700200010,1,25.7,9.85
43676,SILVER,18-Jan-17,18-Jan-17,123095061,240400300035,1,19.1,7.7
46076,Silver,18-Jan-17,23-Jan-17,123095454,240200100222,1,84.7,42.45
50828,Silver,18-Jan-17,18-Jan-17,123095478,240800200053,2,49.2,11.8
51759,SILVER,18-Jan-17,18-Jan-17,123095136,240100400050,1,187.2,140
55132,Gold,18-Jan-17,18-Jan-17,123094103,240100200012,1,32.2,13.35
56163,Gold,18-Jan-17,18-Jan-17,123095502,240700400036,1,6.2,2.75
56688,SILVER,18-Jan-17,18-Jan-17,123097374,230100600015,1,78.2,39.2
56858,SILVER,18-Jan-17,18-Jan-17,123094697,220200300022,1,70.9,31.6
59593,SILVER,18-Jan-17,18-Jan-17,123097444,220101200014,1,88,38.25
60694,Gold,18-Jan-17,18-Jan-17,123095189,240100100154,1,39.1,16.7
62042,Silver,18-Jan-17,18-Jan-17,123097512,220101400018,1,22.8,10.45
63325,Gold,18-Jan-17,18-Jan-17,123094116,240500100004,2,127,28
75466,Silver,18-Jan-17,18-Jan-17,123094799,210200900001,1,46.1,19.55
80396,SILVER,18-Jan-17,18-Jan-17,123094849,220100800036,1,41.8,19.9
81109,Gold,18-Jan-17,18-Jan-17,123094272,230100500056,2,16,3.5
85311,Silver,18-Jan-17,24-Jan-17,123095669,210200900025,1,16.9,7.4
88805,Silver,18-Jan-17,18-Jan-17,123094894,220200100163,1,115.5,57.85
91678,Silver,18-Jan-17,18-Jan-17,123095725,230100600025,1,125.9,63.05
1206,GOLD,19-Jan-17,19-Jan-17,123098927,210200400019,1,53.2,26.7
1767,Gold,19-Jan-17,19-Jan-17,123098099,220200100210,2,187.8,47.05
2161,Gold,19-Jan-17,19-Jan-17,123098804,240100400039,1,283.5,139.35
2645,SILVER,19-Jan-17,19-Jan-17,123000287,240200100085,1,16.8,7.7
4708,SILVER,19-Jan-17,19-Jan-17,123098951,210200600021,1,53,25.1
6562,Silver,19-Jan-17,19-Jan-17,123000299,240100200012,2,64.4,13.35
7478,Silver,19-Jan-17,22-Jan-17,123001633,210200900024,1,18.5,8.1
8042,SILVER,19-Jan-17,19-Jan-17,123000315,220200100198,2,203.2,50.9
9188,PLATINUM,19-Jan-17,19-Jan-17,123098152,220100500026,1,63,28.7
9379,Silver,19-Jan-17,19-Jan-17,123098157,230100200047,1,72.7,35.2
11217,SILVER,19-Jan-17,19-Jan-17,123099751,240100100624,1,54.1,25.95
11835,Silver,19-Jan-17,19-Jan-17,123000349,220100800096,1,70.6,33.65
12032,Gold,19-Jan-17,19-Jan-17,123000794,220100500020,2,208.8,46.25
13332,Silver,19-Jan-17,25-Jan-17,123001789,240500200091,1,10.2,4.9
13472,SILVER,19-Jan-17,19-Jan-17,123099023,240400300023,1,49.4,19.8
14061,Silver,19-Jan-17,24-Jan-17,123001217,220200100012,1,58.7,28.25
17028,Gold,19-Jan-17,20-Jan-17,123000805,220100100312,1,18.5,9.35
17306,Silver,19-Jan-17,23-Jan-17,123001822,240500200130,2,56,11.7
17427,Gold,19-Jan-17,19-Jan-17,123000372,220200300130,1,71.6,31.95
17830,Gold,19-Jan-17,23-Jan-17,123001849,230100400010,4,159.6,16.7
19459,Silver,19-Jan-17,19-Jan-17,123000396,230100100056,2,696.4,152.1
19956,Silver,19-Jan-17,19-Jan-17,123000408,220100100264,1,57.4,28.8
20894,Silver,19-Jan-17,19-Jan-17,123000829,240100100224,1,75.2,32.7
22014,SILVER,19-Jan-17,23-Jan-17,123099084,240700400007,1,18.3,8.1
24755,Gold,19-Jan-17,19-Jan-17,123098353,240100400087,1,117.2,58.55
27185,GOLD,19-Jan-17,19-Jan-17,123000441,210200800003,1,22,11.1
30056,GOLD,19-Jan-17,19-Jan-17,123097696,210200600059,3,501.6,71.6
32338,Silver,19-Jan-17,19-Jan-17,123098815,240500200101,1,119.4,49.75
33729,Gold,19-Jan-17,19-Jan-17,123001252,240300100033,2,62,14.75
34824,GOLD,19-Jan-17,19-Jan-17,123098441,240100200003,2,64.8,13.65
39611,Gold,19-Jan-17,19-Jan-17,123000537,240100200004,2,70.4,14.8
41351,Silver,19-Jan-17,19-Jan-17,123098493,240100100095,1,89.4,38.85
41663,GOLD,19-Jan-17,24-Jan-17,123002551,240100200014,1,55.4,22.8
44051,SILVER,19-Jan-17,19-Jan-17,123099867,240100100661,1,23.2,9.95
45573,Silver,19-Jan-17,25-Jan-17,123002589,230100600018,1,64.2,32.2
45820,Gold,19-Jan-17,19-Jan-17,123099214,220200100101,1,61,28.75
47894,SILVER,19-Jan-17,19-Jan-17,123098530,220100500020,1,104.4,46.25
50251,Silver,19-Jan-17,20-Jan-17,123002754,240100400080,1,219.9,109.9
50254,Silver,19-Jan-17,24-Jan-17,123002759,240700300002,3,65.97,7.25
50946,Silver,19-Jan-17,19-Jan-17,123099911,240100100687,2,95.2,19.8
54424,Silver,19-Jan-17,20-Jan-17,123098630,230100200029,1,196.8,89.55
57257,Silver,19-Jan-17,19-Jan-17,123000603,210200700004,1,12.7,5.75
57661,GOLD,19-Jan-17,27-Jan-17,123002971,240100100589,1,59.7,27.2
58572,SILVER,19-Jan-17,23-Jan-17,123001316,230100600036,1,103.2,50.4
60365,Gold,19-Jan-17,19-Jan-17,123099978,240100400062,1,113.2,54
60825,Gold,19-Jan-17,19-Jan-17,123000656,240100100123,3,105.6,14
61333,GOLD,19-Jan-17,19-Jan-17,123000669,220200100025,2,170.8,42.8
62486,Gold,19-Jan-17,21-Jan-17,123099687,210201000031,1,28.2,12.6
62709,Gold,19-Jan-17,19-Jan-17,123098728,240700300004,1,17,8.1
63680,GOLD,19-Jan-17,19-Jan-17,123001341,240100400106,1,730.5,365.2
71387,Silver,19-Jan-17,19-Jan-17,123099299,220200100002,1,39.1,19.65
71896,Gold,19-Jan-17,22-Jan-17,123000992,220200100072,1,100.4,50.3
72501,Gold,19-Jan-17,19-Jan-17,123097831,230100600010,4,501.2,61.35
73357,Silver,19-Jan-17,19-Jan-17,123098859,210200300075,1,37.2,18.7
73497,Silver,19-Jan-17,19-Jan-17,123001003,220200100073,1,68.8,34.5
74623,Gold,19-Jan-17,20-Jan-17,123000064,240100100382,1,8.9,4.15
77406,Silver,19-Jan-17,19-Jan-17,123099469,220100800085,1,23.7,11.3
79382,Gold,19-Jan-17,22-Jan-17,123000121,240100300001,1,35.5,17.9
84248,Gold,19-Jan-17,23-Jan-17,123098077,240200100180,1,121.6,62.9
85041,Silver,19-Jan-17,19-Jan-17,123000193,220200100198,1,101.6,50.9
85178,Gold,19-Jan-17,19-Jan-17,123000203,220101300017,1,16.5,7.45
86177,Silver,19-Jan-17,24-Jan-17,123001427,230100100015,2,213.8,45.5
87250,SILVER,19-Jan-17,22-Jan-17,123000229,240100100081,3,40.5,5.55
87568,Gold,19-Jan-17,21-Jan-17,123001131,220101400262,1,94.9,43.25
88075,Gold,19-Jan-17,19-Jan-17,123001139,220200200026,1,92.9,42.55
93124,GOLD,19-Jan-17,19-Jan-17,123001178,230100600041,1,67.5,32.15
93464,Gold,19-Jan-17,19-Jan-17,123098915,220100100528,1,35,17.6
640,Gold,20-Jan-17,20-Jan-17,123005964,230100600003,1,17.2,7.55
940,GOLD,20-Jan-17,20-Jan-17,123003584,240500200074,1,22.6,9.45
1419,Gold,20-Jan-17,20-Jan-17,123006928,230100500094,1,86.6,34.1
2499,SILVER,20-Jan-17,21-Jan-17,123006932,240100100390,1,14,5.8
2645,Gold,20-Jan-17,20-Jan-17,123005552,240400300010,1,46.2,19.2
2724,Gold,20-Jan-17,20-Jan-17,123006945,240100100556,2,223.6,49
4607,Gold,20-Jan-17,20-Jan-17,123007022,240500100044,2,142.4,28.5
5400,Silver,20-Jan-17,20-Jan-17,123003638,220101400287,1,46.8,21.35
5961,Gold,20-Jan-17,23-Jan-17,123005969,240300200058,3,270,40.9
7076,Gold,20-Jan-17,21-Jan-17,123006876,230100500066,1,12.7,6.1
7292,SILVER,20-Jan-17,24-Jan-17,123005591,220100100431,1,57.4,28.8
7686,Gold,20-Jan-17,20-Jan-17,123007135,220200300115,1,84.9,38.65
8524,Gold,20-Jan-17,20-Jan-17,123003656,240400200023,1,131.7,55
8847,GOLD,20-Jan-17,20-Jan-17,123004408,240100100516,1,25.3,10.95
10550,Silver,20-Jan-17,25-Jan-17,123007230,240500200113,1,42.2,20.05
11543,Silver,20-Jan-17,20-Jan-17,123005605,240100100260,1,28.2,11.8
12149,Silver,20-Jan-17,20-Jan-17,123005991,220200300145,1,80.5,36.65
12390,Silver,20-Jan-17,20-Jan-17,123003709,240100100431,1,3,1.15
14021,Gold,20-Jan-17,20-Jan-17,123007369,220101400150,1,28.2,12.9
18731,SILVER,20-Jan-17,20-Jan-17,123005115,210201000050,1,19.5,8.95
19999,Silver,20-Jan-17,21-Jan-17,123006879,230100500055,1,25.5,10.75
21696,GOLD,20-Jan-17,20-Jan-17,123005612,220200100126,1,33.4,16.8
22706,Gold,20-Jan-17,20-Jan-17,123005139,230100100058,4,193.2,20.5
27652,GOLD,20-Jan-17,20-Jan-17,123004679,220200100211,1,103.5,51.85
28252,Silver,20-Jan-17,23-Jan-17,123007740,240100400098,1,251.8,125.85
32338,Silver,20-Jan-17,20-Jan-17,123004448,240100400060,1,127.4,97.1
32948,Silver,20-Jan-17,20-Jan-17,123004710,220200100066,1,86.6,43.4
33258,SILVER,20-Jan-17,23-Jan-17,123007800,240100100719,1,41.1,17.9
35118,Silver,20-Jan-17,27-Jan-17,123005695,220200100117,2,375.8,94.05
35291,Silver,20-Jan-17,20-Jan-17,123003981,210201000086,1,17.1,7.65
36215,Silver,20-Jan-17,22-Jan-17,123003990,240400300008,1,39.3,16.35
37259,Silver,20-Jan-17,20-Jan-17,123005719,240100200001,1,15.9,6.3
37512,Silver,20-Jan-17,20-Jan-17,123006578,230100100051,2,369.8,78.15
38202,Gold,20-Jan-17,20-Jan-17,123005731,230100500067,1,39.2,20.05
38515,GOLD,20-Jan-17,23-Jan-17,123007938,240500100006,1,46.1,21.05
40539,Silver,20-Jan-17,20-Jan-17,123003308,230100500056,2,16,3.5
42403,Gold,20-Jan-17,20-Jan-17,123008068,230100500061,1,18.3,8.05
42417,Gold,20-Jan-17,22-Jan-17,123004047,230100500077,1,173,72.75
43495,SILVER,20-Jan-17,20-Jan-17,123004763,240600100010,1,16,6.5
44023,GOLD,20-Jan-17,20-Jan-17,123004073,220100300012,2,22.8,5.6
44946,Gold,20-Jan-17,20-Jan-17,123003344,240100100528,5,270.5,23.85
45324,Platinum,20-Jan-17,23-Jan-17,123004126,230100600005,1,129.8,63.2
46002,Gold,20-Jan-17,20-Jan-17,123008193,230100200037,1,75.4,37.8
46398,Silver,20-Jan-17,25-Jan-17,123003347,210200600048,2,79.8,18.75
46513,Silver,20-Jan-17,21-Jan-17,123008213,240700200019,1,16.9,8.6
46869,Silver,20-Jan-17,20-Jan-17,123004137,220200100099,2,315.6,79
47722,Gold,20-Jan-17,25-Jan-17,123006110,240200200060,2,369,73.85
48400,GOLD,20-Jan-17,20-Jan-17,123004179,220200100160,3,104.7,17.55
48782,Platinum,20-Jan-17,24-Jan-17,123008301,240100400098,1,251.8,125.85
49696,SILVER,20-Jan-17,20-Jan-17,123005797,220100100296,1,84.3,42.25
49961,Silver,20-Jan-17,20-Jan-17,123006121,230100600027,1,96,48.1
51462,GOLD,20-Jan-17,20-Jan-17,123004228,220200100099,2,315.6,79
53021,Gold,20-Jan-17,25-Jan-17,123004769,220100400016,1,70.8,32.15
54081,SILVER,20-Jan-17,25-Jan-17,123008435,210200200013,1,22.2,9.65
55091,Gold,20-Jan-17,20-Jan-17,123008481,220100500023,1,116.2,51.25
56625,Silver,20-Jan-17,21-Jan-17,123008539,240100200014,1,55.4,22.8
56858,Silver,20-Jan-17,20-Jan-17,123004797,240100400022,1,187.3,87.35
57023,Gold,20-Jan-17,26-Jan-17,123005831,220100100614,1,59.1,29.65
57107,Silver,20-Jan-17,20-Jan-17,123008567,240700400001,1,62.8,27.3
57266,GOLD,20-Jan-17,20-Jan-17,123005845,240100200002,2,30.6,6.05
60401,SILVER,20-Jan-17,20-Jan-17,123005880,220200100073,1,68.8,34.5
61021,SILVER,20-Jan-17,20-Jan-17,123004344,220100400026,1,120.5,54.85
61330,Gold,20-Jan-17,20-Jan-17,123003398,240100100724,3,498.6,70.7
61913,Silver,20-Jan-17,20-Jan-17,123005254,220200200015,2,210.2,47.75
62080,Silver,20-Jan-17,20-Jan-17,123004819,230100600018,1,64.2,32.2
63053,Gold,20-Jan-17,20-Jan-17,123008721,240100400019,1,113.4,54.5
65434,SILVER,20-Jan-17,20-Jan-17,123006697,240300100033,2,62,14.75
71955,Silver,20-Jan-17,25-Jan-17,123005268,210200100001,1,12.8,5.65
74401,Gold,20-Jan-17,23-Jan-17,123004895,240300100034,2,95.8,21.75
75281,Silver,20-Jan-17,21-Jan-17,123003436,220100100142,2,55.8,14.05
77447,Silver,20-Jan-17,21-Jan-17,123003470,210200600114,2,162.2,34.55
77766,Gold,20-Jan-17,24-Jan-17,123006306,220101100034,1,11.8,5
78173,Gold,20-Jan-17,22-Jan-17,123004918,240500200009,1,14.1,5.95
79089,Silver,20-Jan-17,21-Jan-17,123006315,220200100113,1,139.9,70.05
80953,Gold,20-Jan-17,20-Jan-17,123003490,230100600005,2,259.6,63.2
81083,Silver,20-Jan-17,20-Jan-17,123006335,230100500026,1,247.5,109.55
82405,Silver,20-Jan-17,20-Jan-17,123004972,240100100392,1,133.3,59.95
85589,Silver,20-Jan-17,24-Jan-17,123005421,240100100665,1,41.5,17.25
85808,Gold,20-Jan-17,20-Jan-17,123005027,210200700003,1,21.2,8.3
87135,SILVER,20-Jan-17,20-Jan-17,123006372,220200100230,1,111.7,55.95
87996,Gold,20-Jan-17,25-Jan-17,123003566,240200100136,1,756.7,436.9
89767,SILVER,20-Jan-17,20-Jan-17,123005473,220101400328,1,18.8,8.75
89958,GOLD,20-Jan-17,20-Jan-17,123005475,230100100015,2,213.8,45.5
91016,Silver,20-Jan-17,20-Jan-17,123005500,240800200005,2,44.75,8.95
91776,Platinum,20-Jan-17,20-Jan-17,123006429,230100100036,2,68.6,15.95
92364,Silver,20-Jan-17,20-Jan-17,123005534,210200200014,1,24.2,10.6
92406,Silver,20-Jan-17,23-Jan-17,123003562,240200100223,1,123.4,59.95
92750,Gold,20-Jan-17,20-Jan-17,123005538,240400200057,1,128.5,58.05
93010,Silver,20-Jan-17,23-Jan-17,123005080,230100600028,1,96.7,48.45
94123,Gold,20-Jan-17,20-Jan-17,123005548,220200300124,3,207,31.4
308,Silver,21-Jan-17,21-Jan-17,123010177,230100600005,1,129.8,63.2
803,Silver,21-Jan-17,21-Jan-17,123012493,220100100037,1,24.2,12.2
2720,GOLD,21-Jan-17,21-Jan-17,123010811,220200100097,1,89.8,45
4907,Gold,21-Jan-17,21-Jan-17,123011336,240100100703,2,159.8,34.3
5180,Gold,21-Jan-17,21-Jan-17,123010816,220101300003,1,40.1,17.85
9185,Gold,21-Jan-17,21-Jan-17,123012630,220101400100,1,52,23.7
11202,SILVER,21-Jan-17,21-Jan-17,123012145,240600100165,1,22.8,9.75
11585,Gold,21-Jan-17,23-Jan-17,123012725,240700400003,1,12.4,5.6
13203,Gold,21-Jan-17,21-Jan-17,123011775,230100600003,1,17.2,7.55
14285,Silver,21-Jan-17,26-Jan-17,123011778,240300100015,2,72.8,17.55
18840,Silver,21-Jan-17,21-Jan-17,123011368,220200100093,1,100.4,50.3
19086,SILVER,21-Jan-17,21-Jan-17,123008838,240100100153,2,1.25,0.25
19903,Gold,21-Jan-17,21-Jan-17,123010241,240100100678,1,49.8,21.25
20953,Silver,21-Jan-17,21-Jan-17,123011418,220100100123,1,55.1,27.65
21017,Silver,21-Jan-17,26-Jan-17,123012833,240500100017,2,107,23.75
22196,Gold,21-Jan-17,21-Jan-17,123011423,240100100673,2,119.8,25.35
23143,Platinum,21-Jan-17,26-Jan-17,123009564,230100600030,1,86.3,41.4
26608,GOLD,21-Jan-17,25-Jan-17,123010260,230100700011,2,504,103.95
27647,Silver,21-Jan-17,21-Jan-17,123010927,220101100008,1,14.3,4.8
28790,Silver,21-Jan-17,21-Jan-17,123009644,220100200020,1,45.5,18.25
31712,GOLD,21-Jan-17,21-Jan-17,123011489,220200100084,2,213,51.55
32299,Gold,21-Jan-17,21-Jan-17,123011493,240200100152,1,293.9,168.05
33952,Silver,21-Jan-17,26-Jan-17,123008904,220101200024,3,77.1,11.15
34619,Gold,21-Jan-17,21-Jan-17,123011511,240200200060,1,184.5,73.85
36190,GOLD,21-Jan-17,21-Jan-17,123013222,240100400059,1,170.8,128.3
37088,Gold,21-Jan-17,21-Jan-17,123013244,220200300161,1,22.6,9.65
39577,Silver,21-Jan-17,21-Jan-17,123009763,240500200095,1,29.1,13.95
41027,GOLD,21-Jan-17,21-Jan-17,123009764,220101200011,2,158,31.55
41909,Silver,21-Jan-17,21-Jan-17,123013397,220101400132,1,54.7,24.95
41993,Silver,21-Jan-17,21-Jan-17,123011549,240500200104,1,54,22.5
42789,GOLD,21-Jan-17,23-Jan-17,123010384,240700400036,1,6.2,2.75
43819,Silver,21-Jan-17,21-Jan-17,123011580,240100200001,1,15.9,6.3
44696,SILVER,21-Jan-17,21-Jan-17,123008927,240100400118,2,525.6,125.15
45010,Silver,21-Jan-17,23-Jan-17,123010427,240200100166,1,54.7,26.05
45444,Gold,21-Jan-17,21-Jan-17,123010109,240100100328,1,34.5,15.35
45527,GOLD,21-Jan-17,21-Jan-17,123013513,210201100005,1,37.1,16.15
46714,SILVER,21-Jan-17,21-Jan-17,123010984,240100400069,1,93.3,39.95
48112,Silver,21-Jan-17,27-Jan-17,123009859,230100700008,1,494.4,241
48454,Gold,21-Jan-17,21-Jan-17,123010115,230100100013,2,226.2,58.9
48710,GOLD,21-Jan-17,21-Jan-17,123013562,220200100046,1,115.8,58
49415,SILVER,21-Jan-17,21-Jan-17,123011595,220200300106,1,78.3,35.75
49487,Gold,21-Jan-17,21-Jan-17,123011604,230100600031,1,88.5,42.45
51202,SILVER,21-Jan-17,22-Jan-17,123009914,220200100012,1,58.7,28.25
53687,Silver,21-Jan-17,21-Jan-17,123013696,240400300029,1,6.8,2.75
54329,Gold,21-Jan-17,21-Jan-17,123009929,220200300152,1,78.4,39.15
54941,Gold,21-Jan-17,21-Jan-17,123013717,240100100112,1,6.1,2.95
55274,SILVER,21-Jan-17,21-Jan-17,123011012,230100300020,1,38.8,16.25
55695,GOLD,21-Jan-17,21-Jan-17,123013734,220100300019,2,71.2,16.7
56361,Silver,21-Jan-17,21-Jan-17,123011034,220101400274,1,49.5,22.6
56928,Silver,21-Jan-17,21-Jan-17,123013763,220100100111,1,33.5,16.85
57131,Silver,21-Jan-17,21-Jan-17,123013769,220100700030,1,143,68.15
57302,Silver,21-Jan-17,21-Jan-17,123012240,220100100632,1,46.4,23.3
57401,Gold,21-Jan-17,27-Jan-17,123011058,240100100452,1,39.5,19.25
57548,Silver,21-Jan-17,21-Jan-17,123012244,220200200071,2,190.8,41.45
57549,Silver,21-Jan-17,21-Jan-17,123009989,210201000183,1,36.7,16.75
57597,Silver,21-Jan-17,21-Jan-17,123012249,240300200047,2,85.4,19.4
58164,Gold,21-Jan-17,21-Jan-17,123011902,220101200009,1,106.8,42.8
58206,Silver,21-Jan-17,21-Jan-17,123013782,240700100007,1,22.85,9.3
58685,Silver,21-Jan-17,25-Jan-17,123013810,240400200088,1,197.4,82.25
58868,Silver,21-Jan-17,21-Jan-17,123013835,240500200060,2,71,16.55
59407,Gold,21-Jan-17,21-Jan-17,123013846,240700200019,1,16.9,8.6
60884,Gold,21-Jan-17,21-Jan-17,123010508,220101200005,1,139,55.7
63554,Gold,21-Jan-17,25-Jan-17,123010527,240200200080,2,187.6,9.4
63963,Silver,21-Jan-17,21-Jan-17,123013919,220100700038,1,100.2,47.75
64381,GOLD,21-Jan-17,21-Jan-17,123013944,240700200025,1,14.6,6.2
70268,Gold,21-Jan-17,21-Jan-17,123011086,240200100136,1,756.7,436.9
71284,Silver,21-Jan-17,21-Jan-17,123010534,240100100598,1,77.2,32.9
72125,Silver,21-Jan-17,21-Jan-17,123012302,210200500016,2,105,22.25
72288,SILVER,21-Jan-17,25-Jan-17,123011110,240100100570,1,32.6,13.8
72806,Silver,21-Jan-17,21-Jan-17,123010556,220200100171,1,56.3,31.05
73218,SILVER,21-Jan-17,21-Jan-17,123011154,230100100040,2,341.2,70.95
74405,GOLD,21-Jan-17,25-Jan-17,123011935,220200100126,2,66.8,16.8
75900,Silver,21-Jan-17,21-Jan-17,123011166,220200100218,2,150.4,37.7
76462,Gold,21-Jan-17,25-Jan-17,123009079,220101400124,2,276.2,61.4
79535,Gold,21-Jan-17,26-Jan-17,123010649,210200900025,1,16.9,7.4
79866,Gold,21-Jan-17,21-Jan-17,123011210,220200200014,2,180,40.9
80725,Gold,21-Jan-17,26-Jan-17,123011996,220200200014,1,90,40.9
81399,SILVER,21-Jan-17,21-Jan-17,123009119,240100400040,2,842,205.9
83401,Silver,21-Jan-17,21-Jan-17,123009147,230100700011,2,504,103.95
84919,Silver,21-Jan-17,21-Jan-17,123012066,240500100059,1,61,26.55
85019,Gold,21-Jan-17,21-Jan-17,123011237,220100800038,1,123.7,59
85411,Gold,21-Jan-17,21-Jan-17,123012067,220200300082,1,71,32.3
86634,GOLD,21-Jan-17,29-Jan-17,123012073,220200100101,1,61,28.75
88081,Silver,21-Jan-17,22-Jan-17,123012359,230100500082,1,126.1,58.6
89193,Gold,21-Jan-17,27-Jan-17,123009216,240200200035,1,91.6,36.75
90671,GOLD,21-Jan-17,21-Jan-17,123012369,230100100018,2,312.2,66.1
91612,SILVER,21-Jan-17,21-Jan-17,123011283,220101400156,1,38.1,17.05
338,Silver,22-Jan-17,22-Jan-17,123014575,220100100604,1,37.3,18.75
1110,SILVER,22-Jan-17,24-Jan-17,123014576,240400200097,2,833.6,124.2
1653,Silver,22-Jan-17,26-Jan-17,123016180,210200400002,1,41.8,21
4114,Silver,22-Jan-17,22-Jan-17,123016924,210201000058,1,20.5,9.4
4736,Gold,22-Jan-17,22-Jan-17,123014609,220100700002,1,169.5,80.85
4983,Silver,22-Jan-17,25-Jan-17,123014617,240300200053,2,107,24.3
5543,Silver,22-Jan-17,22-Jan-17,123016932,210200400020,1,38,19.1
5571,GOLD,22-Jan-17,22-Jan-17,123018310,220100100235,1,32.6,16.4
6758,Silver,22-Jan-17,23-Jan-17,123018376,240500200100,2,45.4,10.85
6888,GOLD,22-Jan-17,22-Jan-17,123017851,240500200120,2,41.8,9.9
7408,Gold,22-Jan-17,22-Jan-17,123018397,220101400390,1,38.4,19.15
8802,GOLD,22-Jan-17,22-Jan-17,123016956,210201000209,1,54.2,24.2
9472,GOLD,22-Jan-17,28-Jan-17,123018454,240500200100,1,22.7,10.85
12933,GOLD,22-Jan-17,22-Jan-17,123016996,240100100380,1,9.2,4.3
15664,Silver,22-Jan-17,26-Jan-17,123014106,220101400112,3,122.7,18.6
16480,Silver,22-Jan-17,22-Jan-17,123017050,220101400371,1,25.7,12.8
17687,Silver,22-Jan-17,22-Jan-17,123018696,220100100638,1,55.6,23.7
18330,Gold,22-Jan-17,22-Jan-17,123018739,210200900014,1,35.7,17.35
18655,Silver,22-Jan-17,26-Jan-17,123014850,230100700009,1,540.7,276
18996,Gold,22-Jan-17,22-Jan-17,123014142,240100100498,3,27,3.5
19808,Silver,22-Jan-17,24-Jan-17,123018770,240500100033,1,65.4,28.95
20474,Silver,22-Jan-17,22-Jan-17,123018787,220200100224,1,144.9,72.55
22151,Gold,22-Jan-17,28-Jan-17,123017081,220100800047,1,76.6,36.5
22177,Gold,22-Jan-17,22-Jan-17,123018845,210200400002,1,41.8,21
22321,GOLD,22-Jan-17,22-Jan-17,123014878,220101400371,1,25.7,12.8
22983,Silver,22-Jan-17,23-Jan-17,123017882,220200100230,1,111.7,55.95
24464,SILVER,22-Jan-17,22-Jan-17,123014951,220100100570,1,22.7,11.45
24879,GOLD,22-Jan-17,22-Jan-17,123018909,240100200012,1,32.2,13.35
26492,Silver,22-Jan-17,22-Jan-17,123018932,220100100306,1,42.8,21.5
27265,Silver,22-Jan-17,23-Jan-17,123016284,240100200003,2,64.8,13.65
29064,Silver,22-Jan-17,22-Jan-17,123017420,220101400235,2,104.6,23.85
29916,Silver,22-Jan-17,27-Jan-17,123017101,220100100190,1,45.1,22.65
30388,Gold,22-Jan-17,27-Jan-17,123015044,230100100015,2,213.8,45.5
32905,Gold,22-Jan-17,24-Jan-17,123015077,240400300028,1,78.3,31.4
33780,Silver,22-Jan-17,22-Jan-17,123019065,220100900023,1,104.5,41.85
34373,Silver,22-Jan-17,22-Jan-17,123017907,220100700018,1,96,43.75
38574,Silver,22-Jan-17,22-Jan-17,123019176,210200900010,1,45.9,19.45
40423,Silver,22-Jan-17,22-Jan-17,123016380,240100400005,1,234.6,115.95
40869,Silver,22-Jan-17,22-Jan-17,123016385,220100100490,1,53.6,26.9
41101,Silver,22-Jan-17,22-Jan-17,123017934,220200100153,2,96.4,24.2
42116,Silver,22-Jan-17,22-Jan-17,123015745,220200200012,1,67.9,30.9
43376,Gold,22-Jan-17,22-Jan-17,123019300,220101400220,1,58.8,26.75
43728,SILVER,22-Jan-17,25-Jan-17,123019315,240700400034,1,13.2,5.95
44074,Silver,22-Jan-17,22-Jan-17,123017149,240500200093,1,40.9,19.45
45669,Gold,22-Jan-17,22-Jan-17,123017938,210200700013,1,10.1,3.6
46138,SILVER,22-Jan-17,22-Jan-17,123016419,240100400066,1,238.3,116.2
46539,Silver,22-Jan-17,22-Jan-17,123015250,240100100074,1,84,38.35
49954,Platinum,22-Jan-17,22-Jan-17,123017206,230100500085,1,237.6,97.9
50554,Gold,22-Jan-17,27-Jan-17,123015809,240100400086,1,94.6,47.25
52236,Gold,22-Jan-17,24-Jan-17,123019571,240800100077,2,953,206.15
54979,Silver,22-Jan-17,22-Jan-17,123015379,240500200083,1,67.3,28
56039,Gold,22-Jan-17,22-Jan-17,123019637,230100500096,1,35.5,17.25
56378,SILVER,22-Jan-17,22-Jan-17,123019641,240600100174,1,22.8,9.4
57357,Silver,22-Jan-17,22-Jan-17,123019669,240200200007,1,83.4,8.35
57591,GOLD,22-Jan-17,22-Jan-17,123017276,230100500022,1,150.1,64.1
58136,Silver,22-Jan-17,23-Jan-17,123015855,240100200014,1,55.4,22.8
61245,Gold,22-Jan-17,23-Jan-17,123019779,240100400136,1,90.9,45.4
62523,Silver,22-Jan-17,25-Jan-17,123015455,230100600028,1,96.7,48.45
65728,Silver,22-Jan-17,22-Jan-17,123019868,240300200017,2,110.8,25.15
74274,SILVER,22-Jan-17,22-Jan-17,123016583,240800200018,4,157.6,16.35
75114,SILVER,22-Jan-17,22-Jan-17,123017617,220100300020,2,22.6,4.55
75196,Gold,22-Jan-17,26-Jan-17,123014326,230100600028,5,483.5,48.45
75219,Silver,22-Jan-17,22-Jan-17,123018015,210201000209,1,54.2,24.2
76440,GOLD,22-Jan-17,22-Jan-17,123016638,220101400392,2,198.6,45.15
76782,Gold,22-Jan-17,22-Jan-17,123015951,220200100197,1,138.5,69.35
79846,SILVER,22-Jan-17,22-Jan-17,123016719,220200100160,1,34.9,17.55
82140,Gold,22-Jan-17,22-Jan-17,123014374,220101400351,2,93,21.2
83277,GOLD,22-Jan-17,23-Jan-17,123016038,220200300040,1,110.7,49.35
83869,Gold,22-Jan-17,27-Jan-17,123014044,240100100654,1,45.2,18.15
85230,Silver,22-Jan-17,28-Jan-17,123016049,240700400036,1,6.2,2.75
85308,Gold,22-Jan-17,22-Jan-17,123017696,230100200020,1,185.4,92.8
86303,Gold,22-Jan-17,22-Jan-17,123014387,240200200044,4,192.4,19.3
87291,Silver,22-Jan-17,22-Jan-17,123016813,220100500002,1,86.2,38
87406,Gold,22-Jan-17,22-Jan-17,123016111,240600100007,1,11.7,4.8
87974,GOLD,22-Jan-17,26-Jan-17,123016825,210200600054,1,79.1,33.05
88129,Gold,22-Jan-17,22-Jan-17,123017736,220101400182,1,38.6,17.25
91261,Silver,22-Jan-17,22-Jan-17,123016908,220100300029,2,379.4,80.9
92841,SILVER,22-Jan-17,24-Jan-17,123014496,220100100410,2,22.4,5.7
93092,Silver,22-Jan-17,22-Jan-17,123016139,240600100013,1,3.4,1.25
93133,Gold,22-Jan-17,22-Jan-17,123016912,230100100061,2,350.4,73.65
93407,Silver,22-Jan-17,22-Jan-17,123016919,210201000205,1,33.6,15.3
3554,Silver,23-Jan-17,23-Jan-17,123023763,220100400029,1,126.3,63.25
5100,GOLD,23-Jan-17,23-Jan-17,123021610,220100100632,1,46.4,23.3
6526,Gold,23-Jan-17,23-Jan-17,123024242,220100300029,4,758.8,80.9
9309,Silver,23-Jan-17,25-Jan-17,123022913,220100100240,1,39.6,19.9
11023,Gold,23-Jan-17,23-Jan-17,123020629,220100100629,1,53.3,26.75
11128,Gold,23-Jan-17,27-Jan-17,123021631,220200100150,1,44.9,22.55
11284,SILVER,23-Jan-17,23-Jan-17,123022922,240100200001,1,15.9,6.3
12645,Gold,23-Jan-17,23-Jan-17,123022927,220200100033,1,109.3,54.75
12737,Gold,23-Jan-17,23-Jan-17,123020682,220100300030,2,319.6,66.55
13014,Gold,23-Jan-17,23-Jan-17,123022944,240700400015,1,14.9,8.35
15137,Silver,23-Jan-17,23-Jan-17,123022959,220200300040,1,110.7,49.35
16296,Silver,23-Jan-17,27-Jan-17,123024416,240800200004,2,51.5,10.3
16725,Gold,23-Jan-17,23-Jan-17,123024441,220101400383,1,48,23.95
19365,Gold,23-Jan-17,27-Jan-17,123024488,240500200058,1,23.1,11.05
20964,Gold,23-Jan-17,23-Jan-17,123024533,240300100020,2,28.2,6.05
21316,SILVER,23-Jan-17,23-Jan-17,123024542,220200300056,1,93.1,42.45
22297,Silver,23-Jan-17,23-Jan-17,123020804,220200300083,1,53,26.6
22338,Gold,23-Jan-17,23-Jan-17,123022980,220100500010,1,93,41
22605,Gold,23-Jan-17,25-Jan-17,123020809,230100200073,2,93.8,20.2
23535,Silver,23-Jan-17,25-Jan-17,123020811,220100100470,1,107.5,53.7
24473,Silver,23-Jan-17,29-Jan-17,123024619,240600100016,1,51.7,20.5
25276,SILVER,23-Jan-17,23-Jan-17,123022982,220100100358,1,41.5,20.85
26075,Gold,23-Jan-17,23-Jan-17,123022996,210200900028,1,56.6,25.35
26342,Silver,23-Jan-17,23-Jan-17,123023345,220101400051,1,111.1,50.65
27346,Silver,23-Jan-17,23-Jan-17,123024710,240100400046,1,328.3,165.95
27395,Silver,23-Jan-17,23-Jan-17,123024711,210200900021,1,57.2,22.95
27395,Gold,23-Jan-17,28-Jan-17,123024713,240500100057,1,38.4,17.1
29897,GOLD,23-Jan-17,23-Jan-17,123022267,220101400305,1,23.2,11.7
31022,SILVER,23-Jan-17,23-Jan-17,123020950,220200100099,1,157.8,79
31934,Silver,23-Jan-17,23-Jan-17,123020960,220100300037,2,231.6,48.7
32190,Gold,23-Jan-17,23-Jan-17,123023047,220200100197,1,138.5,69.35
32192,Gold,23-Jan-17,23-Jan-17,123024800,240100400014,1,251.4,125.65
32232,Gold,23-Jan-17,23-Jan-17,123024808,240100400125,1,114.2,44.6
32549,Gold,23-Jan-17,23-Jan-17,123024816,240400300032,2,63.8,12.85
33388,Gold,23-Jan-17,23-Jan-17,123022281,210200300020,1,42.8,19.15
33625,Gold,23-Jan-17,23-Jan-17,123024842,240100100481,1,8.1,3.15
33915,Silver,23-Jan-17,23-Jan-17,123024852,210200500015,1,17.8,8.25
34475,GOLD,23-Jan-17,23-Jan-17,123021008,240100100186,1,273,122.8
35225,Gold,23-Jan-17,23-Jan-17,123021018,220101400143,1,34.9,15.6
35331,GOLD,23-Jan-17,23-Jan-17,123023812,220100400029,1,126.3,63.25
35906,Silver,23-Jan-17,26-Jan-17,123024936,240700400017,1,41.4,19.4
35986,Silver,23-Jan-17,23-Jan-17,123024947,220100700027,1,57.9,29.05
36133,SILVER,23-Jan-17,23-Jan-17,123023056,210200600048,1,39.9,18.75
38783,SILVER,23-Jan-17,25-Jan-17,123022310,210200500006,1,24,11.95
40451,Gold,23-Jan-17,25-Jan-17,123021055,230100600031,2,177,42.45
40774,Gold,23-Jan-17,27-Jan-17,123021467,230100100005,2,313.8,66.75
42246,Silver,23-Jan-17,24-Jan-17,123025045,210201000020,1,34.1,15.55
43299,Silver,23-Jan-17,23-Jan-17,123025121,230100600013,1,71.7,35.95
46098,Gold,23-Jan-17,23-Jan-17,123023104,240100200002,2,30.6,6.05
46773,Silver,23-Jan-17,23-Jan-17,123021773,220200100197,1,138.5,69.35
47483,Gold,23-Jan-17,23-Jan-17,123023425,220100100458,1,122.4,61.15
47773,Silver,23-Jan-17,24-Jan-17,123025184,240500200075,1,29.7,12.4
47795,Silver,23-Jan-17,23-Jan-17,123022400,240100200014,1,55.4,22.8
48004,Gold,23-Jan-17,27-Jan-17,123021134,230100200059,1,38.5,16.5
48982,Gold,23-Jan-17,23-Jan-17,123023832,240100200004,1,35.2,14.8
49147,Silver,23-Jan-17,23-Jan-17,123023834,220200300016,1,101,46.05
50363,GOLD,23-Jan-17,24-Jan-17,123025314,240500200080,1,55.5,23.1
50902,SILVER,23-Jan-17,23-Jan-17,123025345,240500200092,1,32.7,15.7
52142,Gold,23-Jan-17,23-Jan-17,123025430,240500100062,1,54.6,23.85
54014,GOLD,23-Jan-17,27-Jan-17,123023145,220100400005,1,81.3,40.75
54625,Gold,23-Jan-17,27-Jan-17,123023162,220100100044,1,102.1,48.65
55887,GOLD,23-Jan-17,23-Jan-17,123025524,230100500092,1,115.6,48.15
56796,Gold,23-Jan-17,27-Jan-17,123025578,240400300034,1,34.2,13.75
56963,Gold,23-Jan-17,23-Jan-17,123021241,220200100060,1,55.4,29.35
57503,Silver,23-Jan-17,23-Jan-17,123025582,230100100039,2,116.4,23.35
58011,Gold,23-Jan-17,23-Jan-17,123021798,220101400213,1,67.4,30.05
60170,Silver,23-Jan-17,27-Jan-17,123025633,240800200058,2,80.8,18.25
60266,PLATINUM,23-Jan-17,23-Jan-17,123021504,240400300032,1,31.9,12.85
60825,Gold,23-Jan-17,23-Jan-17,123023198,240400100006,2,25.8,4.55
62334,GOLD,23-Jan-17,27-Jan-17,123025675,240500200092,2,65.4,15.7
62516,Gold,23-Jan-17,23-Jan-17,123023213,220200100008,2,116.2,29.15
64333,SILVER,23-Jan-17,23-Jan-17,123025744,220100100246,1,31.7,15.95
70915,Silver,23-Jan-17,23-Jan-17,123021833,240200200082,1,52.8,21.3
71658,Silver,23-Jan-17,24-Jan-17,123023915,230100700008,2,988.8,241
72113,Silver,23-Jan-17,23-Jan-17,123022632,210201000178,2,95.8,21.85
72618,Gold,23-Jan-17,23-Jan-17,123020224,230100700004,2,720,199
73280,Gold,23-Jan-17,02-Feb-17,123020230,210200600025,2,77,17.9
73721,Gold,23-Jan-17,23-Jan-17,123023918,240100400019,1,113.4,54.5
74405,Silver,23-Jan-17,23-Jan-17,123023545,230100600022,1,84.1,42.15
77987,SILVER,23-Jan-17,27-Jan-17,123023560,220200300062,2,209.4,47.65
79544,Gold,23-Jan-17,27-Jan-17,123023582,220200300004,1,52.3,23.9
79589,Gold,23-Jan-17,24-Jan-17,123022714,240100400080,1,219.9,109.9
79691,Silver,23-Jan-17,25-Jan-17,123022718,240100100691,1,51.4,20.6
80516,Gold,23-Jan-17,27-Jan-17,123020265,210201000106,3,87.3,13.35
81482,Gold,23-Jan-17,23-Jan-17,123023983,220100300039,4,817.6,87.15
82971,Silver,23-Jan-17,27-Jan-17,123020484,240200200091,1,176.1,70.5
85953,Gold,23-Jan-17,23-Jan-17,123022789,240100400062,1,113.2,54
86013,Gold,23-Jan-17,23-Jan-17,123020350,230100600022,4,336.4,42.15
89094,Gold,23-Jan-17,27-Jan-17,123022061,240100200001,2,31.8,6.3
90573,SILVER,23-Jan-17,23-Jan-17,123023673,230100600023,1,73.4,36.8
90577,Gold,23-Jan-17,23-Jan-17,123020418,210201100005,2,74.2,16.15
91309,SILVER,23-Jan-17,23-Jan-17,123024045,210201000086,1,17.1,7.65
91365,Gold,23-Jan-17,24-Jan-17,123019884,240100200005,1,32.4,13.65
91981,Silver,23-Jan-17,24-Jan-17,123022111,240200200014,1,129.2,13.3
92380,Gold,23-Jan-17,23-Jan-17,123024075,220100500018,2,131.6,30
362,Gold,24-Jan-17,26-Jan-17,123026254,220200300095,1,117,53.3
1053,SILVER,24-Jan-17,24-Jan-17,123029745,230100200047,1,72.7,35.2
1199,Silver,24-Jan-17,29-Jan-17,123026284,220200300098,1,133.3,60.65
2135,Gold,24-Jan-17,24-Jan-17,123029755,220200300018,3,184.8,28.05
2307,Silver,24-Jan-17,24-Jan-17,123026311,230100500056,1,8,3.5
3160,GOLD,24-Jan-17,24-Jan-17,123030352,220100100296,1,84.3,42.25
3190,GOLD,24-Jan-17,25-Jan-17,123026324,240300100032,6,3496.2,291.3
5242,Silver,24-Jan-17,24-Jan-17,123029812,220101200015,1,23,9.95
6029,GOLD,24-Jan-17,28-Jan-17,123026367,230100500066,1,12.7,6.1
8909,Silver,24-Jan-17,24-Jan-17,123026407,240500100050,2,158.2,26.45
9878,GOLD,24-Jan-17,24-Jan-17,123026429,240800200006,2,451,112.85
10276,Gold,24-Jan-17,24-Jan-17,123027283,220200100026,1,67,33.6
10999,Gold,24-Jan-17,24-Jan-17,123030530,240500200083,2,134.6,28
11748,Silver,24-Jan-17,24-Jan-17,123026458,240500200075,2,59.4,12.4
11835,SILVER,24-Jan-17,24-Jan-17,123028722,220101400276,1,67.8,30.9
14315,GOLD,24-Jan-17,29-Jan-17,123026489,230100500004,1,3.2,1.35
17270,Silver,24-Jan-17,04-Feb-17,123028106,210200700013,2,20.2,3.6
19690,Silver,24-Jan-17,25-Jan-17,123030738,230100300018,1,67.1,27.6
22266,Silver,24-Jan-17,24-Jan-17,123028146,240300100054,2,82.8,19.25
22680,Gold,24-Jan-17,24-Jan-17,123028153,230100100015,4,427.6,45.5
23095,Gold,24-Jan-17,24-Jan-17,123030845,220200200009,1,59,26.85
23837,Silver,24-Jan-17,24-Jan-17,123028170,240100400061,1,164.4,126
23906,Silver,24-Jan-17,24-Jan-17,123030857,220100100279,1,45.5,22.85
23972,Silver,24-Jan-17,24-Jan-17,123026645,240200100056,1,40.8,19.75
28671,Gold,24-Jan-17,26-Jan-17,123028808,220200100097,1,89.8,45
30607,Silver,24-Jan-17,24-Jan-17,123029887,240500100028,1,74.1,32.95
31553,Gold,24-Jan-17,24-Jan-17,123028211,220100100038,1,19.7,9.95
31554,GOLD,24-Jan-17,24-Jan-17,123030999,220100300019,4,142.4,16.7
33149,Gold,24-Jan-17,24-Jan-17,123028218,240400200066,1,13.8,6.3
33192,SILVER,24-Jan-17,24-Jan-17,123026855,240500200098,1,44,20.95
33842,Gold,24-Jan-17,24-Jan-17,123031062,230100400009,4,53.2,4.8
33842,Gold,24-Jan-17,27-Jan-17,123031066,240800100006,2,507,108
35785,Gold,24-Jan-17,24-Jan-17,123029274,230100300014,1,39.9,16.7
35880,Silver,24-Jan-17,29-Jan-17,123031153,230100100016,2,337.2,71.75
36293,Silver,24-Jan-17,24-Jan-17,123028894,240100100498,1,9,3.5
38544,Silver,24-Jan-17,25-Jan-17,123031194,240500100033,2,130.8,28.95
39228,Silver,24-Jan-17,27-Jan-17,123031235,240700100007,1,22.85,9.3
40631,GOLD,24-Jan-17,26-Jan-17,123031272,240700400007,1,18.3,8.1
42341,Gold,24-Jan-17,24-Jan-17,123031308,230100500007,1,7,3.35
42730,Gold,24-Jan-17,24-Jan-17,123027323,230100400028,2,27.8,5.45
44219,Silver,24-Jan-17,29-Jan-17,123025884,220100100339,2,25.2,6.35
45031,Silver,24-Jan-17,24-Jan-17,123031362,220100400027,1,88.1,41.95
45051,Silver,24-Jan-17,24-Jan-17,123031364,230100100002,2,401.4,85.35
47453,Gold,24-Jan-17,25-Jan-17,123031415,240800200008,4,601,60.1
48044,Gold,24-Jan-17,24-Jan-17,123031438,220100300037,4,463.2,48.7
48658,Gold,24-Jan-17,24-Jan-17,123028265,240800100080,2,423.2,94.25
48978,Gold,24-Jan-17,29-Jan-17,123032000,240100400070,1,175.9,127.95
49741,Gold,24-Jan-17,24-Jan-17,123029025,240200100222,1,84.7,42.45
50085,SILVER,24-Jan-17,24-Jan-17,123031518,240500200100,2,45.4,10.85
50839,Gold,24-Jan-17,24-Jan-17,123029041,240100200008,2,60,12.45
53129,GOLD,24-Jan-17,26-Jan-17,123031607,240600100089,1,22,9.1
53346,SILVER,24-Jan-17,24-Jan-17,123025892,220100100317,2,94.4,23.7
53469,Silver,24-Jan-17,24-Jan-17,123031615,220200100153,1,48.2,24.2
54223,Silver,24-Jan-17,24-Jan-17,123029951,240700400013,1,68.2,35.55
54611,Gold,24-Jan-17,24-Jan-17,123027102,240100400062,1,113.2,54
54931,Silver,24-Jan-17,26-Jan-17,123031678,240500100044,1,71.2,28.5
55704,Gold,24-Jan-17,28-Jan-17,123029068,220101500016,1,208.375,83.35
55847,Silver,24-Jan-17,24-Jan-17,123027662,240600100181,1,36.8,16
59026,Gold,24-Jan-17,28-Jan-17,123029373,240200100040,1,21.6,10.9
59165,Gold,24-Jan-17,24-Jan-17,123029106,240200100077,1,149.1,90.7
59580,Silver,24-Jan-17,24-Jan-17,123029108,240700400007,1,18.3,8.1
63579,Gold,24-Jan-17,24-Jan-17,123028488,220200100227,1,261.2,130.55
64163,Silver,24-Jan-17,10-Feb-17,123027247,220200100010,1,177.8,89
64994,Gold,24-Jan-17,27-Jan-17,123031968,220100300017,2,44.8,10.6
70262,Gold,24-Jan-17,24-Jan-17,123028502,240100100305,1,8.7,4
71271,Gold,24-Jan-17,24-Jan-17,123029396,220200100213,1,116.3,56.3
71379,Silver,24-Jan-17,24-Jan-17,123029407,240800100031,6,1210.8,91.5
72225,GOLD,24-Jan-17,24-Jan-17,123029416,240100100581,1,27.5,11.35
72593,Silver,24-Jan-17,24-Jan-17,123028508,220100700026,1,80.9,38.5
72896,Silver,24-Jan-17,24-Jan-17,123029429,220101000002,1,17.7,8
72918,Gold,24-Jan-17,27-Jan-17,123029993,220200300062,2,209.4,47.65
73372,GOLD,24-Jan-17,24-Jan-17,123027744,210201000093,1,47,21.45
74457,Silver,24-Jan-17,24-Jan-17,123030021,240300300024,4,204.4,21.75
74744,Gold,24-Jan-17,24-Jan-17,123030043,240100100065,1,34.7,13.8
76137,Silver,24-Jan-17,24-Jan-17,123027386,240300100032,2,1165.4,291.3
77774,Gold,24-Jan-17,29-Jan-17,123030095,220200100082,1,160.7,80.45
77954,Silver,24-Jan-17,24-Jan-17,123027806,240600100158,1,5.7,2.3
78492,Gold,24-Jan-17,24-Jan-17,123028563,220100700051,1,181.3,86.4
80245,GOLD,24-Jan-17,24-Jan-17,123026040,230100500077,2,346,72.75
80712,Silver,24-Jan-17,26-Jan-17,123029545,220200100002,2,78.2,19.65
83408,Silver,24-Jan-17,24-Jan-17,123027882,220200100089,2,264.4,66.2
84880,SILVER,24-Jan-17,24-Jan-17,123026070,210200900014,2,71.4,17.35
84922,SILVER,24-Jan-17,28-Jan-17,123030139,220200200004,3,190.5,28.9
84950,Silver,24-Jan-17,26-Jan-17,123030145,220200300142,1,110.3,50.25
86996,GOLD,24-Jan-17,24-Jan-17,123030179,240500200092,3,98.1,15.7
87976,Silver,24-Jan-17,24-Jan-17,123030189,220100300012,2,22.8,5.6
88240,Gold,24-Jan-17,25-Jan-17,123027449,240500200123,1,20,9.5
89907,Gold,24-Jan-17,24-Jan-17,123029683,230100500040,1,11.9,5.3
90185,Gold,24-Jan-17,24-Jan-17,123029690,230100600013,1,71.7,35.95
90427,Silver,24-Jan-17,28-Jan-17,123027965,240200100198,1,59.1,29.05
93619,Silver,24-Jan-17,26-Jan-17,123026232,220100100358,3,124.5,20.85
94239,Gold,24-Jan-17,24-Jan-17,123027456,220200300002,1,37.5,17.05
3223,Silver,25-Jan-17,25-Jan-17,123034381,220200100160,2,69.8,17.55
4425,SILVER,25-Jan-17,25-Jan-17,123034408,210200700003,1,21.2,8.3
8929,Gold,25-Jan-17,25-Jan-17,123033032,240800200059,2,81.6,18.45
9313,Gold,25-Jan-17,31-Jan-17,123033610,220200300082,1,71,32.3
11874,SILVER,25-Jan-17,25-Jan-17,123033048,240100100328,2,69,15.35
12972,Silver,25-Jan-17,26-Jan-17,123034559,240500100027,2,91,20.2
16418,Gold,25-Jan-17,25-Jan-17,123032531,220101400349,1,11.7,4.8
18482,Silver,25-Jan-17,27-Jan-17,123035727,240100100654,1,45.2,18.15
19311,SILVER,25-Jan-17,25-Jan-17,123034679,240100100646,1,109.9,46.8
20470,Gold,25-Jan-17,25-Jan-17,123034714,240500100061,1,71.2,30.85
24109,Silver,25-Jan-17,25-Jan-17,123034766,220101400060,1,32.1,14.7
24526,Silver,25-Jan-17,25-Jan-17,123032556,220100500018,1,65.8,30
26094,Silver,25-Jan-17,25-Jan-17,123033117,240400300020,1,58.2,26.4
32933,Silver,25-Jan-17,25-Jan-17,123032094,240100100592,2,38.2,7.7
34702,SILVER,25-Jan-17,25-Jan-17,123034099,220101400273,1,47,21.45
37097,Silver,25-Jan-17,25-Jan-17,123033698,230100300018,1,67.1,27.6
37367,Silver,25-Jan-17,27-Jan-17,123033183,210200600128,1,17.9,7.85
45261,Gold,25-Jan-17,26-Jan-17,123033187,220100100615,1,50.6,25.4
46783,Silver,25-Jan-17,27-Jan-17,123034304,230100400012,4,114,11.45
49746,Silver,25-Jan-17,25-Jan-17,123032638,220100100277,1,34.6,17.4
51118,Gold,25-Jan-17,27-Jan-17,123035365,240100100468,1,18,8.25
51474,Silver,25-Jan-17,25-Jan-17,123033761,220100700005,1,160.4,76.45
52608,SILVER,25-Jan-17,25-Jan-17,123033252,220200100241,1,35.4,17.8
56188,Gold,25-Jan-17,25-Jan-17,123033300,240100100155,2,66.6,14.85
60591,Gold,25-Jan-17,25-Jan-17,123033798,220200200047,2,271.6,68
62349,Gold,25-Jan-17,25-Jan-17,123032182,240100200012,1,32.2,13.35
71454,Silver,25-Jan-17,28-Jan-17,123033357,240100200008,1,30,12.45
71871,Silver,25-Jan-17,25-Jan-17,123033385,210201100001,1,32,14
75542,Platinum,25-Jan-17,25-Jan-17,123033418,220100100014,1,12,6.5
75879,Gold,25-Jan-17,25-Jan-17,123034161,240500200090,1,16.1,7.75
75890,Silver,25-Jan-17,25-Jan-17,123033894,220200100087,1,113.7,56.95
80452,Silver,25-Jan-17,25-Jan-17,123032265,220100800053,2,48.8,11.6
82392,Gold,25-Jan-17,25-Jan-17,123034215,230100500082,1,126.1,58.6
87585,Silver,25-Jan-17,25-Jan-17,123032934,240100100610,1,61,27.55
1904,Silver,26-Jan-17,28-Jan-17,123037678,210200600080,1,20,8.3
2281,GOLD,26-Jan-17,26-Jan-17,123039458,240700100011,1,26.99,10.23
2428,Gold,26-Jan-17,26-Jan-17,123039474,220200100166,1,142.9,71.55
3554,Gold,26-Jan-17,26-Jan-17,123039517,210200100005,1,13,5.75
6500,Silver,26-Jan-17,26-Jan-17,123036304,210200700016,1,23.5,9.2
7191,Silver,26-Jan-17,26-Jan-17,123039978,240500200009,1,14.1,5.95
7387,Gold,26-Jan-17,26-Jan-17,123039980,220101400121,1,65.1,28.95
8171,Gold,26-Jan-17,26-Jan-17,123035739,240400200084,2,136.8,28.55
10419,Silver,26-Jan-17,26-Jan-17,123036404,240100400046,1,328.3,165.95
10550,Silver,26-Jan-17,31-Jan-17,123040075,240100100333,2,48.4,9.7
13562,PLATINUM,26-Jan-17,26-Jan-17,123038542,210200400087,1,46.6,23.4
15353,Gold,26-Jan-17,26-Jan-17,123037221,210200600057,1,94.3,40.5
15375,Silver,26-Jan-17,26-Jan-17,123035780,240400300013,2,99.8,20.8
17143,SILVER,26-Jan-17,27-Jan-17,123039828,230100200049,1,107.2,48.9
18261,Gold,26-Jan-17,27-Jan-17,123040266,240500100061,1,71.2,30.85
18877,Silver,26-Jan-17,28-Jan-17,123037253,240100100719,2,82.2,17.9
19248,Silver,26-Jan-17,28-Jan-17,123036507,220200200039,2,191,43.55
19883,SILVER,26-Jan-17,26-Jan-17,123035783,240100100490,2,30,7.6
20231,Gold,26-Jan-17,31-Jan-17,123038973,240200100043,1,141.2,69.4
20815,Gold,26-Jan-17,26-Jan-17,123038568,230100500056,1,8,3.5
22557,Gold,26-Jan-17,26-Jan-17,123037831,240800200006,2,451,112.85
23330,SILVER,26-Jan-17,29-Jan-17,123035785,220100100340,2,82.2,20.65
23402,Silver,26-Jan-17,29-Jan-17,123040401,230100500077,1,173,72.75
23633,Gold,26-Jan-17,26-Jan-17,123039003,220200300144,2,166,37.8
24188,PLATINUM,26-Jan-17,26-Jan-17,123037116,240100100679,2,91.6,19.5
29342,SILVER,26-Jan-17,26-Jan-17,123040518,240700100013,1,23.99,9.75
30589,SILVER,26-Jan-17,26-Jan-17,123036670,220200100084,1,106.5,51.55
31287,GOLD,26-Jan-17,26-Jan-17,123038675,240100100386,1,39.5,16.55
32164,Gold,26-Jan-17,26-Jan-17,123040598,220200300066,3,105.9,16.1
32257,SILVER,26-Jan-17,26-Jan-17,123039015,240700400007,1,18.3,8.1
32638,Gold,26-Jan-17,26-Jan-17,123038686,220100300024,2,105,24.35
34043,Silver,26-Jan-17,26-Jan-17,123037870,220200100220,1,74.5,36.1
34971,Silver,26-Jan-17,26-Jan-17,123037356,240200100119,1,176.4,90.05
35117,Gold,26-Jan-17,26-Jan-17,123037885,220100400023,1,93.6,40.75
35841,Silver,26-Jan-17,26-Jan-17,123035842,220100100119,3,239.4,40
36432,SILVER,26-Jan-17,26-Jan-17,123039622,210200600059,1,167.2,71.6
37303,SILVER,26-Jan-17,29-Jan-17,123040737,240100100498,2,18,3.5
39105,PLATINUM,26-Jan-17,26-Jan-17,123040766,220100100223,1,48,24.1
40529,Gold,26-Jan-17,26-Jan-17,123039050,230100100036,2,68.6,15.95
43270,Gold,26-Jan-17,26-Jan-17,123037978,240800200024,6,190.2,14
43917,Silver,26-Jan-17,26-Jan-17,123040895,240800200006,2,451,112.85
44968,GOLD,26-Jan-17,27-Jan-17,123040933,240100100379,1,1.5,0.7
47985,Silver,26-Jan-17,26-Jan-17,123041007,220100400024,1,91.1,43.9
48193,GOLD,26-Jan-17,26-Jan-17,123038038,220200100194,3,367.8,61.4
50280,GOLD,26-Jan-17,26-Jan-17,123036976,220200100197,2,277,69.35
50908,Gold,26-Jan-17,01-Feb-17,123041113,220200100051,1,121.3,60.75
51389,Gold,26-Jan-17,26-Jan-17,123037403,240200100154,1,26.6,11.95
54601,Silver,26-Jan-17,26-Jan-17,123038799,230100100002,2,401.4,85.35
56182,Silver,26-Jan-17,26-Jan-17,123038816,240100100690,1,201.5,86.1
57423,Gold,26-Jan-17,27-Jan-17,123038826,220101400043,1,17.9,7.85
58759,Platinum,26-Jan-17,26-Jan-17,123039694,220100800010,1,70.9,33.8
59138,Gold,26-Jan-17,26-Jan-17,123038842,240500100005,1,177.5,74.6
60263,Silver,26-Jan-17,26-Jan-17,123037450,240500200088,2,79.4,18.9
61283,Gold,26-Jan-17,26-Jan-17,123041396,220200200018,1,66.4,30.25
61469,Silver,26-Jan-17,26-Jan-17,123038137,220100100565,1,39,19.6
61812,Silver,26-Jan-17,26-Jan-17,123041428,210201000011,1,28.2,12.95
64578,Gold,26-Jan-17,26-Jan-17,123035961,230100500077,2,346,72.75
65349,Gold,26-Jan-17,26-Jan-17,123038909,220100400003,1,161.8,81
71085,Gold,26-Jan-17,26-Jan-17,123037492,220200300077,1,53.8,24.55
71516,Gold,26-Jan-17,29-Jan-17,123035982,220100100625,2,53,13.35
73627,Silver,26-Jan-17,27-Jan-17,123039188,220100100594,1,112,56.1
77064,Gold,26-Jan-17,26-Jan-17,123039238,240800200001,4,678,67.8
77374,Silver,26-Jan-17,01-Feb-17,123036055,210200300026,2,80.8,20.3
78758,Gold,26-Jan-17,26-Jan-17,123038222,220101400225,1,58.9,26.85
79454,Silver,26-Jan-17,26-Jan-17,123038229,220200100225,1,64.1,30.2
81358,Gold,26-Jan-17,26-Jan-17,123036110,240400200088,2,394.8,82.25
81922,GOLD,26-Jan-17,26-Jan-17,123039766,220200100202,2,184,46.1
82761,Gold,26-Jan-17,26-Jan-17,123039307,240200100231,1,8,3.6
83251,Silver,26-Jan-17,26-Jan-17,123037601,220100500026,1,63,28.7
83899,Silver,26-Jan-17,26-Jan-17,123039337,220200200071,1,95.4,41.45
84599,Silver,26-Jan-17,26-Jan-17,123036157,220101400006,2,121.2,23.05
89917,Gold,26-Jan-17,26-Jan-17,123037633,240100100326,2,37.2,8.15
90818,Gold,26-Jan-17,26-Jan-17,123038418,240700100001,1,23.4,12.2
91035,Silver,26-Jan-17,26-Jan-17,123038431,240100100392,3,399.9,59.95
92051,Silver,26-Jan-17,26-Jan-17,123038450,240500100051,1,58.5,18.75
92414,Silver,26-Jan-17,26-Jan-17,123039438,240500200091,3,30.6,4.9
92824,Gold,26-Jan-17,26-Jan-17,123037152,220200100171,2,112.6,31.05
93175,GOLD,26-Jan-17,31-Jan-17,123039441,220200100147,1,115.5,57.85
564,Gold,27-Jan-17,27-Jan-17,123042973,240300100037,6,130.2,9.75
884,Gold,27-Jan-17,01-Feb-17,123041511,240100400021,2,183.2,45.75
1809,Silver,27-Jan-17,01-Feb-17,123045518,240100100251,1,203.9,95.1
2630,Gold,27-Jan-17,07-Feb-17,123044737,240800200003,2,203.75,40.75
3089,Gold,27-Jan-17,27-Jan-17,123043012,220200100099,1,157.8,79
3292,Silver,27-Jan-17,27-Jan-17,123045602,220100100591,1,37.7,18.95
6898,Silver,27-Jan-17,27-Jan-17,123044757,240500200101,2,238.8,49.75
9013,Silver,27-Jan-17,27-Jan-17,123044294,240100100231,1,11.4,5.3
12512,Gold,27-Jan-17,27-Jan-17,123045897,230100100054,2,647.8,148.55
13581,Silver,27-Jan-17,27-Jan-17,123044334,240100200012,1,32.2,13.35
14051,Gold,27-Jan-17,27-Jan-17,123045952,240100100410,1,20.7,9.5
14066,Gold,27-Jan-17,27-Jan-17,123042099,230100100037,2,95.8,21.4
18067,Silver,27-Jan-17,27-Jan-17,123042176,240500200116,1,47.7,19.85
22344,Gold,27-Jan-17,01-Feb-17,123046214,240500100060,1,54.7,23.85
22444,Silver,27-Jan-17,27-Jan-17,123044450,220200200045,2,226,51.45
22482,GOLD,27-Jan-17,29-Jan-17,123044455,220100100580,1,56.5,28.35
23235,Gold,27-Jan-17,27-Jan-17,123046246,230100600005,1,129.8,63.2
24669,Silver,27-Jan-17,27-Jan-17,123046289,210200600108,1,34.6,15.05
26064,Gold,27-Jan-17,27-Jan-17,123043725,240100400125,1,114.2,44.6
27086,Gold,27-Jan-17,29-Jan-17,123043154,240700400014,1,16.8,7.7
27328,Gold,27-Jan-17,27-Jan-17,123042294,240800200043,2,84.6,18.45
28639,Silver,27-Jan-17,30-Jan-17,123046401,240100100382,1,8.9,4.15
29305,Silver,27-Jan-17,28-Jan-17,123046409,240100100703,2,159.8,34.3
29683,Platinum,27-Jan-17,27-Jan-17,123045289,220101400394,1,94.8,42.6
29809,Silver,27-Jan-17,27-Jan-17,123043737,210200300103,1,19.7,9.95
30851,GOLD,27-Jan-17,27-Jan-17,123044836,230100500024,1,22.9,10.85
30959,Gold,27-Jan-17,27-Jan-17,123042344,240500100041,1,116.1,46.5
32114,Gold,27-Jan-17,27-Jan-17,123042368,240600100165,1,22.8,9.75
33413,GOLD,27-Jan-17,27-Jan-17,123044512,240100200012,1,32.2,13.35
34026,Gold,27-Jan-17,27-Jan-17,123046544,240100100577,1,76,31.75
35311,Gold,27-Jan-17,31-Jan-17,123046611,240100100112,1,6.1,2.95
35995,Silver,27-Jan-17,27-Jan-17,123042413,220101400152,1,13.1,5.9
36093,Gold,27-Jan-17,30-Jan-17,123042423,220100100189,1,94.7,47.45
37740,Silver,27-Jan-17,27-Jan-17,123044842,230100500056,1,8,3.5
38371,Silver,27-Jan-17,27-Jan-17,123046639,210201000205,1,33.6,15.3
38420,Gold,27-Jan-17,27-Jan-17,123043182,210201000040,1,39.6,18.05
38556,Gold,27-Jan-17,27-Jan-17,123042446,210200600116,1,36.3,15.2
38755,SILVER,27-Jan-17,01-Feb-17,123044547,220100900010,1,92.1,36.9
42062,Silver,27-Jan-17,12-Feb-17,123044876,220100100023,1,55.2,27.7
43033,Silver,27-Jan-17,29-Jan-17,123042520,230100200025,2,500.2,113.65
43325,SILVER,27-Jan-17,02-Feb-17,123047394,240100200012,1,32.2,13.35
44456,Silver,27-Jan-17,27-Jan-17,123046797,240100100036,1,69.6,30.25
44883,Gold,27-Jan-17,28-Jan-17,123042552,220101400051,1,111.1,50.65
46465,Gold,27-Jan-17,27-Jan-17,123042579,220101100029,1,10.9,4.75
46564,GOLD,27-Jan-17,27-Jan-17,123043219,240600100087,1,39.1,17.4
47980,Silver,27-Jan-17,27-Jan-17,123046846,230100100035,6,424.8,29.8
49214,Silver,27-Jan-17,27-Jan-17,123043834,240100100036,1,69.6,30.25
51632,Silver,27-Jan-17,27-Jan-17,123042896,240200200019,1,129.8,12.25
53574,Silver,27-Jan-17,27-Jan-17,123044899,220100100171,1,170.4,85.3
53965,Platinum,27-Jan-17,27-Jan-17,123044618,240700400003,1,12.4,5.6
54262,Gold,27-Jan-17,28-Jan-17,123043247,240700400013,1,68.2,35.55
54501,Gold,27-Jan-17,29-Jan-17,123047029,240800200059,2,81.6,18.45
55117,SILVER,27-Jan-17,31-Jan-17,123047048,230100500074,1,136,51.3
57026,GOLD,27-Jan-17,27-Jan-17,123042751,240400200090,1,125.4,52.25
57520,GOLD,27-Jan-17,30-Jan-17,123044702,220101400245,1,27.3,12.45
57589,GOLD,27-Jan-17,29-Jan-17,123042771,240100100372,1,28.8,12.3
59362,GOLD,27-Jan-17,27-Jan-17,123044642,210200300103,1,19.7,9.95
59677,Silver,27-Jan-17,27-Jan-17,123041622,230100600022,2,168.2,42.15
60386,Gold,27-Jan-17,27-Jan-17,123047272,230100600016,1,77,38.6
62001,Gold,27-Jan-17,27-Jan-17,123047317,230100700002,1,220,135
62745,Silver,27-Jan-17,27-Jan-17,123045362,220200100198,1,101.6,50.9
63743,Silver,27-Jan-17,27-Jan-17,123042875,220100100580,1,56.5,28.35
70696,SILVER,27-Jan-17,27-Jan-17,123043317,220200300161,1,22.6,9.65
71395,GOLD,27-Jan-17,08-Feb-17,123043968,240500200105,2,58.4,12.2
74907,Gold,27-Jan-17,05-Feb-17,123044015,240100100107,1,334.4,152.5
75849,Gold,27-Jan-17,31-Jan-17,123041951,240200100057,1,40.8,19.75
76977,SILVER,27-Jan-17,27-Jan-17,123044031,220100100080,1,40.5,20.35
77131,Gold,27-Jan-17,27-Jan-17,123045022,240700400001,1,62.8,27.3
77698,Silver,27-Jan-17,27-Jan-17,123043437,240200100235,1,97.8,49
79873,Gold,27-Jan-17,27-Jan-17,123045054,220200200031,1,47.9,23.45
79889,GOLD,27-Jan-17,27-Jan-17,123041833,220101000002,2,35.4,8
80441,Gold,27-Jan-17,27-Jan-17,123041844,230100700002,2,440,135
81546,Gold,27-Jan-17,27-Jan-17,123045420,220200200015,1,105.1,47.75
82065,Silver,27-Jan-17,29-Jan-17,123045092,220200100100,2,170.6,42.75
82316,Gold,27-Jan-17,27-Jan-17,123045430,220200100116,1,180.7,90.45
83122,GOLD,27-Jan-17,29-Jan-17,123044136,240100400021,1,91.6,45.75
83740,Gold,27-Jan-17,27-Jan-17,123041871,230100500056,4,32,3.5
85260,Gold,27-Jan-17,27-Jan-17,123044148,240800200053,2,49.2,11.8
86237,Gold,27-Jan-17,27-Jan-17,123041881,240100200002,1,15.3,6.05
88155,Silver,27-Jan-17,31-Jan-17,123043546,240200200014,1,129.2,13.3
89162,Gold,27-Jan-17,27-Jan-17,123041905,210200300119,2,79.2,19.75
91089,Silver,27-Jan-17,27-Jan-17,123045462,240100100422,1,22.6,7.85
92029,SILVER,27-Jan-17,27-Jan-17,123045483,240100200012,1,32.2,13.35
94175,SILVER,27-Jan-17,30-Jan-17,123043601,210201100002,1,53.3,23.25
3038,Gold,28-Jan-17,31-Jan-17,123050775,230100500085,1,237.6,97.9
3304,Platinum,28-Jan-17,28-Jan-17,123050405,220200300110,1,60,26.75
4460,Gold,28-Jan-17,01-Feb-17,123048615,220200100002,2,78.2,19.65
6668,Silver,28-Jan-17,31-Jan-17,123050803,220200200018,2,132.8,30.25
6719,Gold,28-Jan-17,28-Jan-17,123051238,240200100246,1,16.2,7.9
7196,Gold,28-Jan-17,02-Feb-17,123051249,240500200059,1,31,14.8
7766,Gold,28-Jan-17,28-Jan-17,123047896,240800100043,2,805.6,171.25
8070,Gold,28-Jan-17,28-Jan-17,123051253,220101400070,1,36.7,16.75
8155,Silver,28-Jan-17,28-Jan-17,123049816,210200100005,1,13,5.75
9248,Gold,28-Jan-17,28-Jan-17,123049817,240100100366,1,16.3,7.8
10818,Gold,28-Jan-17,28-Jan-17,123051326,240200100038,1,18.5,9.35
15184,Gold,28-Jan-17,02-Feb-17,123051451,240500200007,1,9.5,4.55
15211,Silver,28-Jan-17,28-Jan-17,123048669,220200100212,1,103.5,51.85
16989,Silver,28-Jan-17,28-Jan-17,123047990,240800200002,2,340.75,68.15
17745,Silver,28-Jan-17,28-Jan-17,123051488,220100300007,2,141.2,28.3
18752,Gold,28-Jan-17,28-Jan-17,123051518,220101400052,1,190.2,83.3
18841,Gold,28-Jan-17,29-Jan-17,123049293,210201000087,1,20,9.15
18847,GOLD,28-Jan-17,28-Jan-17,123051519,240200100120,1,174.1,87.15
19274,Gold,28-Jan-17,28-Jan-17,123049915,240500200072,1,47,22.4
20875,Gold,28-Jan-17,28-Jan-17,123050462,220200300101,1,130.4,58.05
21218,Silver,28-Jan-17,28-Jan-17,123049314,240700400017,1,41.4,19.4
21306,Silver,28-Jan-17,28-Jan-17,123048693,210200900044,1,18.8,7.6
23089,Silver,28-Jan-17,28-Jan-17,123050471,240200100061,1,93.4,48.15
23973,Gold,28-Jan-17,30-Jan-17,123049322,240100100078,2,29,6.2
24259,Gold,28-Jan-17,28-Jan-17,123050481,220200200010,1,66.8,30.35
24319,Gold,28-Jan-17,28-Jan-17,123051640,230100100035,2,141.6,29.8
25928,Silver,28-Jan-17,29-Jan-17,123048720,240100100552,3,507.6,71.95
26447,Silver,28-Jan-17,28-Jan-17,123050868,240700400014,1,16.8,7.7
27225,Silver,28-Jan-17,28-Jan-17,123051702,220100200005,1,71.7,28.65
27345,Silver,28-Jan-17,30-Jan-17,123048074,230100500080,1,25,12.2
28370,Silver,28-Jan-17,28-Jan-17,123048085,240100200014,1,55.4,22.8
28825,Gold,28-Jan-17,28-Jan-17,123049345,210200900016,1,13.9,6.55
29081,Gold,28-Jan-17,28-Jan-17,123048751,220200200015,1,105.1,47.75
30993,Silver,28-Jan-17,28-Jan-17,123051806,240700100011,1,26.99,10.23
34032,Silver,28-Jan-17,28-Jan-17,123048126,220200300112,1,5.7,2.6
34206,Gold,28-Jan-17,28-Jan-17,123048767,240100100186,1,273,122.8
34239,GOLD,28-Jan-17,03-Feb-17,123050497,220200100129,1,78.6,38.75
34506,Silver,28-Jan-17,28-Jan-17,123047518,240200100085,2,33.6,7.7
34599,SILVER,28-Jan-17,28-Jan-17,123048770,220101400190,1,5.4,2.4
34711,Gold,28-Jan-17,28-Jan-17,123047531,240100100078,3,43.5,6.2
34780,Gold,28-Jan-17,28-Jan-17,123051892,220100100214,1,90.6,45.4
35893,Gold,28-Jan-17,28-Jan-17,123049374,240500200091,1,10.2,4.9
36301,Silver,28-Jan-17,28-Jan-17,123050107,220200300044,1,42,19.1
37738,Silver,28-Jan-17,28-Jan-17,123047538,230100200016,2,376.2,90.35
38470,Gold,28-Jan-17,28-Jan-17,123050895,220100100218,1,36.7,18.45
40691,Gold,28-Jan-17,28-Jan-17,123048180,230100500022,1,150.1,64.1
41066,Gold,28-Jan-17,28-Jan-17,123050523,230100500056,1,8,3.5
41633,GOLD,28-Jan-17,28-Jan-17,123050126,240400200023,1,131.7,55
41709,Gold,28-Jan-17,28-Jan-17,123050131,220200100082,1,160.7,80.45
45460,GOLD,28-Jan-17,29-Jan-17,123048782,240300300090,4,1851.6,210.8
45948,GOLD,28-Jan-17,28-Jan-17,123050161,220200300015,1,115,52.4
46019,Silver,28-Jan-17,30-Jan-17,123052202,240800100042,2,507.2,105.3
47395,Silver,28-Jan-17,29-Jan-17,123052248,240700200007,1,5.1,2.2
49558,Silver,28-Jan-17,01-Feb-17,123049432,240100100118,1,100.2,40
50614,Gold,28-Jan-17,31-Jan-17,123048295,230100500083,1,51.8,25.85
51155,Silver,28-Jan-17,28-Jan-17,123052389,240200200019,1,129.8,12.25
52048,Gold,28-Jan-17,28-Jan-17,123050224,240500100041,1,116.1,46.5
52373,Gold,28-Jan-17,31-Jan-17,123050231,220101400313,1,96.7,44
54250,Silver,28-Jan-17,28-Jan-17,123048815,240100100466,1,39.4,17.55
59062,Silver,28-Jan-17,28-Jan-17,123052589,240700100001,1,23.4,12.2
59686,Gold,28-Jan-17,28-Jan-17,123052597,240600100010,1,16,6.5
60397,GOLD,28-Jan-17,28-Jan-17,123052621,230100100002,2,401.4,85.35
62358,Silver,28-Jan-17,28-Jan-17,123048438,230100600028,1,96.7,48.45
62575,Silver,28-Jan-17,28-Jan-17,123050365,240400100006,2,25.8,4.55
64353,SILVER,28-Jan-17,28-Jan-17,123048889,240100100569,2,89.4,19.25
65388,Silver,28-Jan-17,28-Jan-17,123052691,240500100006,1,46.1,21.05
65611,Silver,28-Jan-17,28-Jan-17,123052708,230100700008,1,494.4,241
70759,Silver,28-Jan-17,28-Jan-17,123049539,230100100058,2,96.6,20.5
71658,Gold,28-Jan-17,29-Jan-17,123050950,230100500077,1,173,72.75
72274,Gold,28-Jan-17,28-Jan-17,123049545,240100100386,3,118.5,16.55
73345,Silver,28-Jan-17,28-Jan-17,123050567,240800200008,2,300.5,60.1
73636,Gold,28-Jan-17,28-Jan-17,123048928,240100100687,2,95.2,19.8
73720,Gold,28-Jan-17,02-Feb-17,123048930,240600100168,1,22.7,9.7
74838,SILVER,28-Jan-17,28-Jan-17,123047619,240200100204,2,218.4,55.85
77029,Silver,28-Jan-17,31-Jan-17,123047410,240100200002,1,15.3,6.05
78091,GOLD,28-Jan-17,02-Feb-17,123047418,240100200004,1,35.2,14.8
78341,Gold,28-Jan-17,28-Jan-17,123050612,210200500007,1,39.4,17.8
79481,Silver,28-Jan-17,28-Jan-17,123051006,240100400062,1,113.2,54
81220,Gold,28-Jan-17,30-Jan-17,123049644,240100300004,1,22.9,9.1
82835,Silver,28-Jan-17,28-Jan-17,123050663,230100600005,1,129.8,63.2
83746,Silver,28-Jan-17,28-Jan-17,123051026,230100100046,2,269.6,55.1
84151,Gold,28-Jan-17,28-Jan-17,123049661,220200200018,1,66.4,30.25
84370,Gold,28-Jan-17,29-Jan-17,123051035,220101400284,1,49.8,22.75
85331,Gold,28-Jan-17,28-Jan-17,123050705,230100100013,2,226.2,58.9
86007,SILVER,28-Jan-17,28-Jan-17,123051066,210201000125,1,51.3,23.4
88004,Gold,28-Jan-17,29-Jan-17,123050712,220200300040,1,110.7,49.35
88385,Gold,28-Jan-17,28-Jan-17,123048574,240600100172,1,23.4,10
88877,Silver,28-Jan-17,28-Jan-17,123049094,220200300131,1,70.1,31.95
91207,Gold,28-Jan-17,02-Feb-17,123050732,220200200009,1,59,26.85
91211,GOLD,28-Jan-17,30-Jan-17,123048594,240500100008,1,65.7,29.9
91261,Silver,28-Jan-17,28-Jan-17,123049714,240100100651,1,29.2,12.9
92203,SILVER,28-Jan-17,28-Jan-17,123049734,210200300058,1,33.3,16.75
93233,GOLD,28-Jan-17,28-Jan-17,123049208,240100300004,1,22.9,9.1
1505,SILVER,29-Jan-17,01-Feb-17,123053311,230100500075,1,181.5,76.3
1728,Gold,29-Jan-17,29-Jan-17,123055571,220200100212,2,207,51.85
1768,GOLD,29-Jan-17,29-Jan-17,123056724,220100100444,1,134.6,67.25
2219,Gold,29-Jan-17,31-Jan-17,123056747,240100100161,1,116.6,57.9
2509,Gold,29-Jan-17,29-Jan-17,123055580,230100600026,1,118.6,59.4
3670,Gold,29-Jan-17,02-Feb-17,123055591,220100100203,1,85,42.6
7291,Gold,29-Jan-17,29-Jan-17,123052770,220100200022,5,119.5,9.55
7302,SILVER,29-Jan-17,30-Jan-17,123055919,240300300029,2,84.6,18.2
7548,Gold,29-Jan-17,29-Jan-17,123056890,240300100034,2,95.8,21.75
11991,Gold,29-Jan-17,29-Jan-17,123054235,240800200008,6,901.5,60.1
12816,Silver,29-Jan-17,29-Jan-17,123055624,220101400088,1,38.4,17.5
12940,Silver,29-Jan-17,29-Jan-17,123052787,230100700011,2,504,103.95
15478,Gold,29-Jan-17,29-Jan-17,123056952,240500200139,2,48.6,11
16417,GOLD,29-Jan-17,29-Jan-17,123054253,240100400087,1,117.2,58.55
17424,Silver,29-Jan-17,29-Jan-17,123052798,230100500024,2,45.8,10.85
17921,Silver,29-Jan-17,29-Jan-17,123057013,220100900010,1,92.1,36.9
19538,GOLD,29-Jan-17,29-Jan-17,123057037,220101400086,1,23.6,10.85
20178,SILVER,29-Jan-17,03-Feb-17,123052819,240100100659,2,46.4,9.95
21225,Silver,29-Jan-17,29-Jan-17,123052828,230100700011,5,1260,103.95
21433,Gold,29-Jan-17,02-Feb-17,123053529,220200100099,1,157.8,79
22222,Silver,29-Jan-17,02-Feb-17,123053538,220200200019,2,380.8,86.5
22823,GOLD,29-Jan-17,29-Jan-17,123052841,240500100064,3,167.1,24.2
25569,SILVER,29-Jan-17,29-Jan-17,123057207,220101400052,1,190.2,83.3
26706,SILVER,29-Jan-17,02-Feb-17,123057241,240100100159,1,30.8,13.7
27149,Silver,29-Jan-17,31-Jan-17,123057270,240800200059,2,81.6,18.45
27761,Gold,29-Jan-17,03-Feb-17,123052752,240100400048,2,585.4,144.65
27824,Gold,29-Jan-17,29-Jan-17,123057297,240500100006,1,46.1,21.05
28921,Silver,29-Jan-17,29-Jan-17,123057320,220100400005,1,81.3,40.75
30062,Silver,29-Jan-17,29-Jan-17,123057353,220200100129,1,78.6,38.75
31537,Gold,29-Jan-17,29-Jan-17,123055076,240100100252,2,360.8,87.1
33130,Silver,29-Jan-17,29-Jan-17,123055696,220200200041,1,112.6,51.3
33507,Silver,29-Jan-17,29-Jan-17,123055719,240100400112,1,114,54.8
35877,SILVER,29-Jan-17,31-Jan-17,123057444,230100500008,1,38,16.8
39829,GOLD,29-Jan-17,01-Feb-17,123056417,230100200066,1,12.9,5.45
40358,SILVER,29-Jan-17,03-Feb-17,123057593,220200100053,1,187.3,93.75
41071,Silver,29-Jan-17,29-Jan-17,123053725,220200100227,1,261.2,130.55
41192,GOLD,29-Jan-17,29-Jan-17,123055730,220100700022,1,51.7,21.9
41672,SILVER,29-Jan-17,29-Jan-17,123056023,220200100025,2,170.8,42.8
42878,GOLD,29-Jan-17,01-Feb-17,123057693,240100100703,1,79.9,34.3
43052,Gold,29-Jan-17,29-Jan-17,123052908,220101400423,2,180.4,45.05
44236,Silver,29-Jan-17,29-Jan-17,123053766,220101100005,1,7.8,2.95
46450,Silver,29-Jan-17,29-Jan-17,123053812,240500200116,1,47.7,19.85
48197,Silver,29-Jan-17,29-Jan-17,123057771,220100300029,2,379.4,80.9
49961,Silver,29-Jan-17,29-Jan-17,123056057,220200100156,1,112.7,56.45
50199,GOLD,29-Jan-17,29-Jan-17,123057831,240100100065,1,34.7,13.8
50210,GOLD,29-Jan-17,29-Jan-17,123056058,220200100240,2,80,20.1
62167,GOLD,29-Jan-17,29-Jan-17,123058271,220101200008,1,35.7,14.3
63154,Silver,29-Jan-17,29-Jan-17,123055861,240100100312,1,17.8,7.55
65785,Silver,29-Jan-17,29-Jan-17,123055286,240100100422,2,45.2,7.85
70325,Gold,29-Jan-17,02-Feb-17,123052970,240100400151,2,838,209.45
71687,Gold,29-Jan-17,29-Jan-17,123054492,240100200002,1,15.3,6.05
72041,Gold,29-Jan-17,29-Jan-17,123053017,220100700038,2,200.4,47.75
72433,Silver,29-Jan-17,29-Jan-17,123055312,210200100005,1,13,5.75
76712,Gold,29-Jan-17,29-Jan-17,123055351,220101400114,1,63.1,28.7
76825,Gold,29-Jan-17,29-Jan-17,123056199,210200600114,1,81.1,34.55
77667,SILVER,29-Jan-17,30-Jan-17,123056204,220101400111,1,24.8,11.4
79546,SILVER,29-Jan-17,31-Jan-17,123053277,240200100148,1,31.8,12.55
80342,Gold,29-Jan-17,14-Feb-17,123054682,240500100036,1,50.5,22.4
81505,Gold,29-Jan-17,29-Jan-17,123054701,230100500080,1,25,12.2
82256,Gold,29-Jan-17,03-Feb-17,123053097,220100100043,3,54.3,7.8
83635,Silver,29-Jan-17,29-Jan-17,123054719,240600100004,1,53.9,22.35
85113,Silver,29-Jan-17,29-Jan-17,123054746,240100100424,1,26.3,9.1
85328,Gold,29-Jan-17,29-Jan-17,123056250,220200200011,2,172.4,39.25
87507,Gold,29-Jan-17,29-Jan-17,123056267,240200200088,1,66.7,27.45
88425,Silver,29-Jan-17,29-Jan-17,123054798,240100100029,1,109.6,47.35
90965,GOLD,29-Jan-17,02-Feb-17,123055532,210200300103,1,19.7,9.95
91673,Silver,29-Jan-17,01-Feb-17,123053239,220101200009,3,320.4,42.8
92587,Silver,29-Jan-17,04-Feb-17,123053252,220100100470,2,215,53.7
93690,Gold,29-Jan-17,29-Jan-17,123055547,210200400060,1,64.8,32.5
209,Gold,30-Jan-17,30-Jan-17,123061915,240500100027,1,45.5,20.2
689,Silver,30-Jan-17,30-Jan-17,123062671,210200500006,1,24,11.95
2744,Silver,30-Jan-17,01-Feb-17,123062729,240800200015,2,254.6,63.6
3490,Silver,30-Jan-17,30-Jan-17,123061928,230100700002,1,220,135
4672,Silver,30-Jan-17,02-Feb-17,123062750,220100700038,1,100.2,47.75
5097,Silver,30-Jan-17,30-Jan-17,123061332,240100200014,1,55.4,22.8
5166,Gold,30-Jan-17,30-Jan-17,123062774,240300300069,2,988.8,225.15
5441,Silver,30-Jan-17,30-Jan-17,123059963,220100300025,4,412,42.4
6553,Gold,30-Jan-17,30-Jan-17,123062819,220101400211,1,34.9,15.6
6723,Gold,30-Jan-17,30-Jan-17,123060007,220200100194,3,367.8,61.4
8545,Gold,30-Jan-17,30-Jan-17,123060011,220100100106,1,93.1,46.65
8734,Silver,30-Jan-17,30-Jan-17,123059090,240800200009,2,171.2,34.3
10062,Silver,30-Jan-17,01-Feb-17,123061359,210200900016,1,13.9,6.55
10856,Silver,30-Jan-17,30-Jan-17,123062334,220200300072,1,98.7,45
11260,Gold,30-Jan-17,30-Jan-17,123062954,230100500091,1,191,80.45
11690,SILVER,30-Jan-17,03-Feb-17,123059145,220200200018,2,132.8,30.25
13248,Gold,30-Jan-17,30-Jan-17,123059181,230100300001,4,50.8,5.75
13410,SILVER,30-Jan-17,30-Jan-17,123059194,230100600030,1,86.3,41.4
14261,GOLD,30-Jan-17,30-Jan-17,123059221,220100700031,1,119.4,56.95
15362,Silver,30-Jan-17,30-Jan-17,123060648,240700400001,1,62.8,27.3
15495,SILVER,30-Jan-17,03-Feb-17,123058437,240100100550,2,264,56.7
15596,SILVER,30-Jan-17,30-Jan-17,123059237,220200100108,1,135.2,67.7
18078,Gold,30-Jan-17,30-Jan-17,123059264,240100100516,1,25.3,10.95
18389,Gold,30-Jan-17,30-Jan-17,123060074,240500100062,2,109.2,23.85
18562,Gold,30-Jan-17,30-Jan-17,123063135,220200100057,2,251.6,63
19071,Silver,30-Jan-17,03-Feb-17,123061420,220100100449,1,60.9,30.55
19507,Gold,30-Jan-17,30-Jan-17,123059281,210200600041,1,11.1,4.6
21626,SILVER,30-Jan-17,30-Jan-17,123059291,220100100280,1,127.2,63.7
22987,Gold,30-Jan-17,30-Jan-17,123063272,220101400237,1,101.9,46.45
23740,Silver,30-Jan-17,30-Jan-17,123061973,220200200071,2,190.8,41.45
24622,Silver,30-Jan-17,30-Jan-17,123063289,240500100029,1,58.9,26.1
25172,SILVER,30-Jan-17,30-Jan-17,123059343,230100100015,2,213.8,45.5
25347,Silver,30-Jan-17,30-Jan-17,123061476,240100200005,1,32.4,13.65
27161,Silver,30-Jan-17,30-Jan-17,123061491,220100500029,1,206.9,91.1
28335,Silver,30-Jan-17,02-Feb-17,123059394,220200100057,1,125.8,63
28528,Gold,30-Jan-17,30-Jan-17,123059418,240100100330,1,5.4,2.2
28600,Gold,30-Jan-17,04-Feb-17,123063412,240100100252,1,180.4,87.1
29028,Silver,30-Jan-17,30-Jan-17,123059427,240100100250,2,29.4,6
29562,GOLD,30-Jan-17,03-Feb-17,123062399,220200300127,1,49.4,22.05
29888,Gold,30-Jan-17,30-Jan-17,123059459,240100100326,1,18.6,8.15
30484,Silver,30-Jan-17,02-Feb-17,123061531,220100100155,1,37.1,18.65
31372,Silver,30-Jan-17,30-Jan-17,123059473,240100300006,1,51.5,22.8
31881,Silver,30-Jan-17,30-Jan-17,123061558,240100100107,1,334.4,152.5
34103,Silver,30-Jan-17,30-Jan-17,123063554,220100500006,1,156.9,69.1
35354,GOLD,30-Jan-17,01-Feb-17,123059530,230100600039,1,106.8,51.1
37007,Gold,30-Jan-17,30-Jan-17,123061632,240100200002,1,15.3,6.05
38330,Gold,30-Jan-17,30-Jan-17,123061643,240200200007,1,83.4,8.35
41219,Gold,30-Jan-17,02-Feb-17,123063888,240400200022,1,93.4,38.95
42660,GOLD,30-Jan-17,30-Jan-17,123063931,240700100009,1,26.99,10.23
44330,Gold,30-Jan-17,30-Jan-17,123063995,210200500007,1,39.4,17.8
44961,Silver,30-Jan-17,30-Jan-17,123064018,220100200018,1,38,15.2
45089,SILVER,30-Jan-17,30-Jan-17,123061673,240200100053,1,85.6,44.15
48856,Gold,30-Jan-17,30-Jan-17,123064158,210200100014,1,35,15.65
49784,SILVER,30-Jan-17,05-Feb-17,123061899,220100300029,4,758.8,80.9
49941,Silver,30-Jan-17,30-Jan-17,123059643,240600100080,1,28.3,8.55
50175,GOLD,30-Jan-17,30-Jan-17,123058510,230100600031,2,177,42.45
51558,Platinum,30-Jan-17,30-Jan-17,123061755,220100100272,1,22.8,11.5
52226,GOLD,30-Jan-17,30-Jan-17,123059686,240800100005,2,450.8,100.2
53616,Silver,30-Jan-17,30-Jan-17,123059717,240100400008,1,103.5,51.7
55003,Gold,30-Jan-17,30-Jan-17,123062091,240700400022,1,32.7,14.45
55276,SILVER,30-Jan-17,02-Feb-17,123061776,220101400029,1,4.6,1.9
56014,Silver,30-Jan-17,04-Feb-17,123064345,230100500087,1,91.1,37.95
56152,Gold,30-Jan-17,30-Jan-17,123064358,220101400181,1,49.5,22.1
56520,GOLD,30-Jan-17,31-Jan-17,123058537,220101300011,2,47.6,10.65
59078,Gold,30-Jan-17,30-Jan-17,123064490,220100100483,1,32.2,19.4
59838,GOLD,30-Jan-17,30-Jan-17,123060235,240100100427,2,69.4,16.25
60752,Silver,30-Jan-17,03-Feb-17,123064509,240700100001,1,23.4,12.2
64330,Silver,30-Jan-17,03-Feb-17,123060246,240100100734,1,10,4.15
64386,Silver,30-Jan-17,30-Jan-17,123061892,240700100004,1,26.2,13.55
65150,Gold,30-Jan-17,31-Jan-17,123059826,220200100063,1,66.5,33.35
70243,Silver,30-Jan-17,30-Jan-17,123062440,240100400087,2,234.4,58.55
76146,Silver,30-Jan-17,31-Jan-17,123058652,230100200044,2,140.2,35.15
77444,Gold,30-Jan-17,30-Jan-17,123058707,220101300025,4,245.2,28.15
78162,Silver,30-Jan-17,30-Jan-17,123060954,220200200031,2,95.8,23.45
79014,Silver,30-Jan-17,30-Jan-17,123059903,210200600057,1,94.3,40.5
80005,Silver,30-Jan-17,30-Jan-17,123060358,240500100061,1,71.2,30.85
82067,Gold,30-Jan-17,30-Jan-17,123061020,230100100013,4,452.4,58.9
82506,Gold,30-Jan-17,30-Jan-17,123061030,240700400030,1,21.7,9.45
84481,Silver,30-Jan-17,30-Jan-17,123060420,220200200011,1,86.2,39.25
88146,Silver,30-Jan-17,30-Jan-17,123062572,240100100036,1,69.6,30.25
89299,Gold,30-Jan-17,30-Jan-17,123060474,240200100251,1,5.6,2.85
89620,Gold,30-Jan-17,30-Jan-17,123058877,240400200012,2,321.8,69.6
91562,Silver,30-Jan-17,04-Feb-17,123061239,240100100077,1,138.4,62.85
92019,Gold,30-Jan-17,30-Jan-17,123062627,220200100099,1,157.8,79
92055,Gold,30-Jan-17,30-Jan-17,123060529,220101400152,1,13.1,5.9
92666,Silver,30-Jan-17,30-Jan-17,123058886,230100600005,4,519.2,63.2
94244,Silver,30-Jan-17,30-Jan-17,123061297,210200700013,1,10.1,3.6
191,Silver,31-Jan-17,31-Jan-17,123069308,240200100220,1,85.3,42.75
1850,Silver,31-Jan-17,31-Jan-17,123066590,240800200059,4,163.2,18.45
4143,Silver,31-Jan-17,31-Jan-17,123067274,210201000169,1,24.5,12.2
4907,Silver,31-Jan-17,31-Jan-17,123067919,220200300015,2,230,52.4
6170,Gold,31-Jan-17,31-Jan-17,123067943,240500100018,1,61,27.05
6294,Silver,31-Jan-17,31-Jan-17,123067947,220200200014,1,90,40.9
6429,Gold,31-Jan-17,02-Feb-17,123069483,240500100044,1,71.2,28.5
7872,SILVER,31-Jan-17,04-Feb-17,123069537,230100400028,2,27.8,5.45
12042,Silver,31-Jan-17,31-Jan-17,123069614,220100100153,1,50,25.1
12296,Silver,31-Jan-17,31-Jan-17,123069623,240500200001,1,30.9,14.75
13162,Silver,31-Jan-17,02-Feb-17,123068977,230100600030,2,172.6,41.4
13390,Silver,31-Jan-17,31-Jan-17,123065445,220100700037,1,51.4,24.5
14552,Silver,31-Jan-17,05-Feb-17,123068986,220200300133,1,28.2,12.95
14600,Gold,31-Jan-17,31-Jan-17,123066649,240100400069,1,93.3,39.95
14797,Silver,31-Jan-17,31-Jan-17,123068587,220101000004,1,49.6,21.05
15206,Silver,31-Jan-17,31-Jan-17,123064746,240100100407,2,118.2,30.95
16160,Gold,31-Jan-17,31-Jan-17,123065512,240100100152,1,169.8,82.95
18905,Silver,31-Jan-17,31-Jan-17,123064781,240100400050,4,748.8,140
19077,Silver,31-Jan-17,31-Jan-17,123064791,230100600013,2,143.4,35.95
21393,Silver,31-Jan-17,01-Feb-17,123069891,220200100077,1,99,49.6
22134,Silver,31-Jan-17,04-Feb-17,123068996,230100400007,2,24.4,4.9
22993,Silver,31-Jan-17,31-Jan-17,123065597,210201000036,1,19.5,8.9
23973,Silver,31-Jan-17,31-Jan-17,123067347,220200200037,1,70.1,31.9
24025,Gold,31-Jan-17,31-Jan-17,123069935,220100100324,1,170.3,85.1
24805,Silver,31-Jan-17,31-Jan-17,123068084,220100300041,2,342.6,69.25
25030,Gold,31-Jan-17,04-Feb-17,123069282,230100500056,1,8,3.5
25980,Silver,31-Jan-17,31-Jan-17,123069965,220100100143,1,88.1,44.15
26513,Gold,31-Jan-17,31-Jan-17,123069982,210200300024,1,66.6,33.4
28673,Silver,31-Jan-17,05-Feb-17,123070030,240500200058,1,23.1,11.05
29661,Gold,31-Jan-17,31-Jan-17,123068119,210200400018,1,41.2,20.7
30789,Silver,31-Jan-17,01-Feb-17,123070076,240100100710,1,34.3,14.35
32812,Platinum,31-Jan-17,31-Jan-17,123070116,240200100157,1,353.1,196.15
33690,Platinum,31-Jan-17,31-Jan-17,123070151,220100100363,1,144.8,72.35
34608,GOLD,31-Jan-17,31-Jan-17,123070181,240800200008,4,601,60.1
35107,Silver,31-Jan-17,31-Jan-17,123068214,220100100421,1,8.2,4.15
35266,GOLD,31-Jan-17,31-Jan-17,123064858,210200600020,2,43,9.95
35441,SILVER,31-Jan-17,31-Jan-17,123065842,220101200017,2,28.4,5.85
35484,Silver,31-Jan-17,08-Feb-17,123070200,220200100241,1,35.4,17.8
35506,GOLD,31-Jan-17,01-Feb-17,123065857,230100500092,1,115.6,48.15
36104,Gold,31-Jan-17,31-Jan-17,123070214,240700100004,1,26.2,13.55
38036,GOLD,31-Jan-17,01-Feb-17,123070284,240100100690,1,201.5,86.1
38237,GOLD,31-Jan-17,31-Jan-17,123066689,240200100229,1,160.8,78.5
38657,Silver,31-Jan-17,31-Jan-17,123065884,230100300014,1,39.9,16.7
38870,Gold,31-Jan-17,31-Jan-17,123070293,240800200024,4,126.8,14
39127,Gold,31-Jan-17,31-Jan-17,123068225,240100100273,4,67.6,7.6
39217,Silver,31-Jan-17,31-Jan-17,123067478,240600100107,1,26.2,11.7
39285,SILVER,31-Jan-17,02-Feb-17,123070332,240100100723,1,37.3,15.6
40059,Gold,31-Jan-17,01-Feb-17,123065893,220200100057,1,125.8,63
40403,Silver,31-Jan-17,31-Jan-17,123065911,240500100039,1,34.5,15.4
41553,Silver,31-Jan-17,31-Jan-17,123070391,240100100365,1,191.6,87.4
41802,Gold,31-Jan-17,31-Jan-17,123064878,230100200004,2,199.8,50.05
42201,Silver,31-Jan-17,31-Jan-17,123067520,240500200067,1,40.6,17
42559,Silver,31-Jan-17,31-Jan-17,123068276,240100200001,1,15.9,6.3
43380,Gold,31-Jan-17,17-Feb-17,123068282,220200100117,2,375.8,94.05
43407,Silver,31-Jan-17,31-Jan-17,123068288,240100400062,1,113.2,54
44200,Silver,31-Jan-17,03-Feb-17,123070448,240500200091,1,10.2,4.9
44307,SILVER,31-Jan-17,02-Feb-17,123069303,230100700009,1,540.7,276
45447,SILVER,31-Jan-17,31-Jan-17,123066763,220100900008,2,42,8.9
46269,Platinum,31-Jan-17,31-Jan-17,123066029,240400200024,1,118.4,49.45
46959,Silver,31-Jan-17,31-Jan-17,123070490,240700200010,1,25.7,9.85
48272,Silver,31-Jan-17,31-Jan-17,123068348,240100100529,1,61.1,26.95
49957,Gold,31-Jan-17,04-Feb-17,123070561,240100100458,1,6.7,2.95
50219,Silver,31-Jan-17,31-Jan-17,123070585,210200400073,1,42.1,21.15
51011,Silver,31-Jan-17,31-Jan-17,123070598,220100100289,1,17.3,8.75
56212,Gold,31-Jan-17,31-Jan-17,123068405,220200200054,1,195.7,97.95
56822,Gold,31-Jan-17,31-Jan-17,123070799,220100100400,2,210.6,50.15
57872,Gold,31-Jan-17,04-Feb-17,123070822,240700100002,1,23.2,12.1
58175,SILVER,31-Jan-17,31-Jan-17,123066297,220200100035,1,62.6,31.4
58567,Silver,31-Jan-17,31-Jan-17,123070852,220100300018,2,51.2,12.1
59648,Silver,31-Jan-17,31-Jan-17,123070880,220101300012,1,18.4,8.3
59852,Silver,31-Jan-17,31-Jan-17,123070895,240100400053,1,98.7,46.9
62147,GOLD,31-Jan-17,31-Jan-17,123066813,220200200078,1,107.7,46.8
62155,Silver,31-Jan-17,31-Jan-17,123066373,240500100048,1,42.6,17.1
63126,Silver,31-Jan-17,31-Jan-17,123066380,240700400032,1,30.8,6.75
64725,GOLD,31-Jan-17,31-Jan-17,123067647,240700400028,1,38.1,19.75
65704,Gold,31-Jan-17,31-Jan-17,123068496,210201000006,1,23.4,10.5
70143,SILVER,31-Jan-17,31-Jan-17,123068757,230100500082,1,126.1,58.6
73573,Silver,31-Jan-17,31-Jan-17,123068797,220200100225,1,64.1,30.2
73969,Gold,31-Jan-17,31-Jan-17,123066874,220200200079,1,122.3,55.55
73986,SILVER,31-Jan-17,31-Jan-17,123065001,230100500101,2,277.4,62.5
73992,Silver,31-Jan-17,31-Jan-17,123065011,240100400148,2,506.2,125.1
74290,Gold,31-Jan-17,31-Jan-17,123067714,230100500082,1,126.1,58.6
74490,Gold,31-Jan-17,01-Feb-17,123068809,240800200063,2,73.8,16.85
75112,Gold,31-Jan-17,31-Jan-17,123068814,220200100240,1,40,20.1
75282,SILVER,31-Jan-17,31-Jan-17,123068822,220200200032,2,192.8,43.85
77385,Silver,31-Jan-17,01-Feb-17,123068867,220200100226,1,133.2,66.7
77547,Gold,31-Jan-17,02-Feb-17,123066956,240200200034,1,17.2,6.55
77696,Silver,31-Jan-17,02-Feb-17,123066957,240100100642,1,72.6,30.95
80225,Silver,31-Jan-17,02-Feb-17,123065068,220101400027,2,137.8,31.4
83415,Silver,31-Jan-17,05-Feb-17,123069205,230100600022,1,84.1,42.15
87549,Silver,31-Jan-17,31-Jan-17,123066556,240800200059,2,81.6,18.45
90242,Gold,31-Jan-17,31-Jan-17,123069242,220200100224,2,289.8,72.55
91172,SILVER,31-Jan-17,01-Feb-17,123067144,220200300071,1,103.8,47.25
92562,Gold,31-Jan-17,01-Feb-17,123064674,240100400089,1,99.8,48.7
93248,Gold,31-Jan-17,31-Jan-17,123067877,220100400026,1,120.5,54.85
1893,Gold,01-Feb-17,02-Feb-17,123071485,240100100253,1,104.2,50.9
2595,Gold,01-Feb-17,02-Feb-17,123071121,210200500016,2,105,22.25
2979,Silver,01-Feb-17,01-Feb-17,123072955,220200200009,1,59,26.85
3160,Silver,01-Feb-17,01-Feb-17,123073216,220100300025,2,206,42.4
6239,Silver,01-Feb-17,01-Feb-17,123073277,220200100115,1,148.1,74.15
9562,Gold,01-Feb-17,01-Feb-17,123073342,230100100002,2,401.4,85.35
11013,Gold,01-Feb-17,01-Feb-17,123071543,240200100232,1,28.2,14.2
13540,Silver,01-Feb-17,01-Feb-17,123073438,240800200062,2,70.8,16.15
15105,Silver,01-Feb-17,01-Feb-17,123073458,240300100022,3,20.7,2.9
16457,Gold,01-Feb-17,01-Feb-17,123072641,220101200007,1,72.2,28.8
18331,Gold,01-Feb-17,02-Feb-17,123073506,240700200005,1,6,2.85
18375,Gold,01-Feb-17,01-Feb-17,123072960,240200100183,1,95.7,47.95
20090,Silver,01-Feb-17,01-Feb-17,123073528,220200300073,1,80,36.5
21331,Silver,01-Feb-17,01-Feb-17,123073555,230100600018,1,64.2,32.2
22261,GOLD,01-Feb-17,01-Feb-17,123071581,220200100101,1,61,28.75
22505,Silver,01-Feb-17,01-Feb-17,123073584,240500200141,1,101.1,48.1
25178,Gold,01-Feb-17,01-Feb-17,123073626,220101300012,2,36.8,8.3
27957,Gold,01-Feb-17,03-Feb-17,123073664,240800100055,2,480.2,110.55
28691,Gold,01-Feb-17,01-Feb-17,123072668,220101400322,1,28.1,12.9
31771,Silver,01-Feb-17,01-Feb-17,123071666,220101400148,1,10.5,4.75
34626,Gold,01-Feb-17,01-Feb-17,123071693,240600100196,1,57.8,25.5
38613,Silver,01-Feb-17,01-Feb-17,123073923,240700200004,1,4.2,2.2
39213,Gold,01-Feb-17,01-Feb-17,123072696,240400200093,1,155.8,64.95
44770,Silver,01-Feb-17,01-Feb-17,123074100,220200300016,1,101,46.05
57711,Gold,01-Feb-17,01-Feb-17,123074334,240200100163,1,54.1,27.15
72537,Gold,01-Feb-17,01-Feb-17,123071797,220101400205,1,24.7,11.1
75936,Gold,01-Feb-17,01-Feb-17,123072761,240600100027,1,35.4,14.25
76629,SILVER,01-Feb-17,01-Feb-17,123072434,220100100599,1,46.4,23.3
80173,Silver,01-Feb-17,01-Feb-17,123072482,240300100032,1,582.7,291.3
80359,SILVER,01-Feb-17,01-Feb-17,123073140,220200200032,1,96.4,43.85
83438,Gold,01-Feb-17,01-Feb-17,123071386,220100100505,2,200.4,50.2
84841,Gold,01-Feb-17,01-Feb-17,123071392,230100200047,2,145.4,35.2
89748,Gold,01-Feb-17,04-Feb-17,123072886,240300300104,3,165,23.45
91244,Gold,01-Feb-17,01-Feb-17,123071999,240600100046,1,8.5,3.3
91977,Silver,01-Feb-17,01-Feb-17,123072920,220100100105,1,117.6,58.9
147,Silver,02-Feb-17,02-Feb-17,123075065,210200600084,1,34.8,14.9
885,Silver,02-Feb-17,07-Feb-17,123075068,230100500087,1,91.1,37.95
1629,Silver,02-Feb-17,02-Feb-17,123077369,240500100029,1,58.9,26.1
1838,Gold,02-Feb-17,02-Feb-17,123077376,220100300017,3,67.2,10.6
2992,Gold,02-Feb-17,02-Feb-17,123078165,220200200005,1,47,21.45
5553,SILVER,02-Feb-17,02-Feb-17,123078637,220101300019,1,55.2,22.15
6142,Silver,02-Feb-17,04-Feb-17,123077405,220101400131,1,22.3,7.75
6238,Gold,02-Feb-17,02-Feb-17,123075117,240800100010,2,158,36.05
6699,GOLD,02-Feb-17,05-Feb-17,123078670,240800200043,2,84.6,18.45
6875,SILVER,02-Feb-17,02-Feb-17,123075122,220100900031,1,86.7,34.7
7353,Gold,02-Feb-17,02-Feb-17,123077717,210200400020,1,38,19.1
8507,Gold,02-Feb-17,02-Feb-17,123075127,240500100043,1,26,8.8
11218,Silver,02-Feb-17,02-Feb-17,123077416,210200600026,1,33.3,13.95
11621,Gold,02-Feb-17,02-Feb-17,123075153,240100300001,1,35.5,17.9
12704,Gold,02-Feb-17,07-Feb-17,123078867,240100100673,1,59.9,25.35
14400,Gold,02-Feb-17,02-Feb-17,123075193,220100100575,1,38.7,19.45
15375,Silver,02-Feb-17,02-Feb-17,123074532,230100500040,2,23.8,5.3
16082,SILVER,02-Feb-17,02-Feb-17,123075220,230100200066,1,12.9,5.45
16934,Silver,02-Feb-17,02-Feb-17,123079005,220100300037,2,231.6,48.7
18416,Gold,02-Feb-17,02-Feb-17,123076816,220101400301,1,52.5,23.95
18914,Gold,02-Feb-17,02-Feb-17,123077757,230100500077,1,173,72.75
19344,Silver,02-Feb-17,02-Feb-17,123077474,240100200012,1,32.2,13.35
20420,Gold,02-Feb-17,02-Feb-17,123079135,210200600050,1,49.6,20.55
21735,SILVER,02-Feb-17,02-Feb-17,123077763,220200300054,2,130.4,29.7
22066,GOLD,02-Feb-17,02-Feb-17,123079174,220100300038,2,282.4,57.95
23302,Gold,02-Feb-17,03-Feb-17,123079177,240100100186,1,273,122.8
24349,Gold,02-Feb-17,02-Feb-17,123076170,240100100511,1,14.1,6.2
25044,Silver,02-Feb-17,02-Feb-17,123078228,230100100034,4,310.8,32.25
25350,Silver,02-Feb-17,08-Feb-17,123079284,240100400057,1,217.5,161.2
26217,Gold,02-Feb-17,02-Feb-17,123076860,240300200017,1,55.4,25.15
27665,GOLD,02-Feb-17,02-Feb-17,123077797,230100600033,1,85.1,40.65
27830,Silver,02-Feb-17,02-Feb-17,123076183,220100800019,1,21.4,10.2
31501,Gold,02-Feb-17,02-Feb-17,123079448,220100100265,1,44.7,22.45
32175,Gold,02-Feb-17,02-Feb-17,123075438,240400100009,1,130.6,62.9
32921,Gold,02-Feb-17,02-Feb-17,123076876,240100100640,1,13,5.5
33336,Silver,02-Feb-17,04-Feb-17,123077521,220100100014,1,12,6.5
34002,Gold,02-Feb-17,02-Feb-17,123076210,210200500010,1,100.6,43.45
36387,Silver,02-Feb-17,03-Feb-17,123075500,230100500083,1,51.8,25.85
36392,Gold,02-Feb-17,02-Feb-17,123076904,240400300039,1,19.6,7.9
37207,Gold,02-Feb-17,02-Feb-17,123079656,240800100053,2,533.4,106.75
38952,Silver,02-Feb-17,04-Feb-17,123075917,240500200128,1,41.9,17.5
40239,Gold,02-Feb-17,03-Feb-17,123079726,240800200003,2,203.75,40.75
41134,Silver,02-Feb-17,02-Feb-17,123077584,220100100365,1,128.1,64.15
41634,Gold,02-Feb-17,02-Feb-17,123079761,240600100200,1,17.9,7.65
42153,GOLD,02-Feb-17,02-Feb-17,123079793,230100500066,1,12.7,6.1
42413,Silver,02-Feb-17,02-Feb-17,123079799,220100300001,2,180.4,38.3
43100,Gold,02-Feb-17,02-Feb-17,123075921,240300300033,1,54.6,23.15
44722,Gold,02-Feb-17,02-Feb-17,123079847,220101400211,1,34.9,15.6
47520,Gold,02-Feb-17,02-Feb-17,123079925,230100700002,2,440,135
49518,Gold,02-Feb-17,02-Feb-17,123075651,240500200091,1,10.2,4.9
51236,Gold,02-Feb-17,02-Feb-17,123080030,220100400028,1,68.5,32.6
51304,Gold,02-Feb-17,05-Feb-17,123080031,240100400009,1,65.5,25.6
54171,Gold,02-Feb-17,02-Feb-17,123077860,210200400060,1,64.8,32.5
54937,Gold,02-Feb-17,05-Feb-17,123077635,230100600031,1,88.5,42.45
55114,Gold,02-Feb-17,02-Feb-17,123080143,220100100198,1,153.6,76.9
56188,GOLD,02-Feb-17,04-Feb-17,123077045,220200200042,1,127.3,58
57769,Silver,02-Feb-17,02-Feb-17,123074658,220101100022,3,64.5,8.95
58435,Silver,02-Feb-17,02-Feb-17,123080188,220200100052,1,196.5,98.35
58638,Gold,02-Feb-17,02-Feb-17,123077917,230100600015,1,78.2,39.2
58956,Silver,02-Feb-17,02-Feb-17,123080228,220100200016,1,34.4,13.8
60010,Silver,02-Feb-17,03-Feb-17,123080273,240400200084,1,68.4,28.55
60558,Silver,02-Feb-17,07-Feb-17,123077690,220101400033,1,10.1,4.45
60863,Silver,02-Feb-17,02-Feb-17,123080299,220100900020,1,14.9,5.8
62167,Gold,02-Feb-17,02-Feb-17,123080313,210200700004,1,12.7,5.75
63675,Silver,02-Feb-17,02-Feb-17,123075848,220200100121,1,68.6,34.4
64948,Silver,02-Feb-17,02-Feb-17,123080392,240700100007,1,22.85,9.3
65177,Silver,02-Feb-17,02-Feb-17,123078317,240100100641,1,233.2,99.15
70373,Silver,02-Feb-17,04-Feb-17,123077080,210201000166,1,56.7,25.8
71069,Gold,02-Feb-17,02-Feb-17,123075960,220100400022,1,98.9,47.7
71070,Silver,02-Feb-17,03-Feb-17,123074999,240200100229,1,160.8,78.5
72410,GOLD,02-Feb-17,05-Feb-17,123076401,240200100109,1,133.9,68.45
72444,Gold,02-Feb-17,02-Feb-17,123077941,220200300101,1,130.4,58.05
73186,Silver,02-Feb-17,02-Feb-17,123077968,220200100087,1,113.7,56.95
73331,Silver,02-Feb-17,02-Feb-17,123078336,240100400079,1,230.3,102.45
73914,Gold,02-Feb-17,02-Feb-17,123076438,220200100218,1,75.2,37.7
75255,Gold,02-Feb-17,05-Feb-17,123076440,230100600021,1,84.2,42.2
76233,Gold,02-Feb-17,02-Feb-17,123077187,220101400386,1,166.1,75.9
76495,Gold,02-Feb-17,02-Feb-17,123078008,220101000007,1,23.8,10.65
77691,SILVER,02-Feb-17,02-Feb-17,123074794,230100600025,2,251.8,63.05
79035,Silver,02-Feb-17,03-Feb-17,123075029,240200100114,1,167.4,83.8
79585,Gold,02-Feb-17,02-Feb-17,123077196,210200900049,1,39.7,17.95
81910,Silver,02-Feb-17,07-Feb-17,123078041,220200100147,1,115.5,57.85
82801,Silver,02-Feb-17,07-Feb-17,123074864,240100400098,2,503.6,125.85
84152,SILVER,02-Feb-17,07-Feb-17,123077231,210200600099,1,46.7,21.1
86527,Gold,02-Feb-17,02-Feb-17,123077266,240300100006,1,16.4,7.95
87521,Silver,02-Feb-17,02-Feb-17,123078086,220101400326,1,31.9,14.6
87678,GOLD,02-Feb-17,02-Feb-17,123076650,240100100672,1,197.9,84.9
88374,Silver,02-Feb-17,05-Feb-17,123076653,240700400010,1,61.3,31.95
88385,Silver,02-Feb-17,02-Feb-17,123076032,210200500006,1,24,11.95
89197,Gold,02-Feb-17,08-Feb-17,123077309,210201000004,1,33.9,14.75
90380,Gold,02-Feb-17,02-Feb-17,123078127,220200200050,1,107.5,53.85
90968,Silver,02-Feb-17,02-Feb-17,123074977,220101100013,2,22.6,4.95
91245,Gold,02-Feb-17,06-Feb-17,123074979,210201000086,3,51.3,7.65
93777,Gold,02-Feb-17,02-Feb-17,123078155,240800200009,2,171.2,34.3
93866,GOLD,02-Feb-17,02-Feb-17,123078158,220100100182,1,89.6,44.9
94086,Silver,02-Feb-17,02-Feb-17,123078498,210201000126,1,6.5,2.3
869,Gold,03-Feb-17,03-Feb-17,123082774,230100100025,2,60.6,13.15
975,GOLD,03-Feb-17,05-Feb-17,123084654,240800200020,2,326.8,74.3
2877,Silver,03-Feb-17,03-Feb-17,123083383,220101400263,1,132.2,60.25
3700,Silver,03-Feb-17,03-Feb-17,123084680,240500200121,1,25.4,12.1
3862,Gold,03-Feb-17,03-Feb-17,123081097,220200300106,1,78.3,35.75
6040,Gold,03-Feb-17,03-Feb-17,123084728,220100500020,1,104.4,46.25
6391,GOLD,03-Feb-17,03-Feb-17,123081937,220200100190,1,63.5,29.95
8179,Gold,03-Feb-17,04-Feb-17,123084846,240700400020,1,71.3,37.15
8912,Gold,03-Feb-17,08-Feb-17,123080506,240100200004,1,35.2,14.8
11260,Gold,03-Feb-17,03-Feb-17,123084914,220100100528,1,35,17.6
11358,Gold,03-Feb-17,03-Feb-17,123081746,240100400043,1,266,131.5
14171,Gold,03-Feb-17,03-Feb-17,123084321,220200100147,1,115.5,57.85
14282,GOLD,03-Feb-17,03-Feb-17,123081180,230100500077,1,173,72.75
16289,Silver,03-Feb-17,06-Feb-17,123085087,220200300061,2,212.8,48.45
16598,Silver,03-Feb-17,03-Feb-17,123085093,240700200009,1,26.7,10.85
18963,Silver,03-Feb-17,08-Feb-17,123084331,230100100046,2,269.6,55.1
19903,Silver,03-Feb-17,03-Feb-17,123082010,220200300082,1,71,32.3
21698,Gold,03-Feb-17,03-Feb-17,123084332,240100400044,1,353.6,174.75
22045,Silver,03-Feb-17,03-Feb-17,123082031,240100100581,1,27.5,11.35
24384,Gold,03-Feb-17,03-Feb-17,123084351,230100500096,1,35.5,17.25
26876,Silver,03-Feb-17,03-Feb-17,123082052,240200100198,1,59.1,29.05
28431,Silver,03-Feb-17,03-Feb-17,123085326,220200100023,1,72.8,36.5
28783,Silver,03-Feb-17,03-Feb-17,123082069,210200300103,1,19.7,9.95
30304,Gold,03-Feb-17,03-Feb-17,123081383,240100400062,1,113.2,54
30618,Gold,03-Feb-17,03-Feb-17,123081755,220101400109,1,49.5,22.6
30650,Gold,03-Feb-17,04-Feb-17,123085340,210200300065,1,11.7,5.9
31147,Gold,03-Feb-17,05-Feb-17,123082759,210201000083,1,23,10.55
33798,Silver,03-Feb-17,03-Feb-17,123081391,220101400035,1,103.7,47.2
35377,Gold,03-Feb-17,03-Feb-17,123083917,240200100173,1,479.6,245.25
37064,GOLD,03-Feb-17,03-Feb-17,123082081,240100100411,1,6.8,3.1
37271,Gold,03-Feb-17,03-Feb-17,123080653,240300300018,1,51.6,22
38338,Gold,03-Feb-17,05-Feb-17,123080661,220100100556,2,94,23.6
39137,Silver,03-Feb-17,03-Feb-17,123082885,220100100103,1,11.1,5.65
39522,Gold,03-Feb-17,03-Feb-17,123085588,210200600128,1,17.9,7.85
39961,GOLD,03-Feb-17,03-Feb-17,123083935,220200200041,1,112.6,51.3
40688,Silver,03-Feb-17,03-Feb-17,123083548,240300300030,1,40.6,17.45
41908,Gold,03-Feb-17,07-Feb-17,123085634,240800200042,7,335.3,20.9
44513,Silver,03-Feb-17,03-Feb-17,123085675,220101400329,1,21.8,9.75
47085,Silver,03-Feb-17,03-Feb-17,123085814,240100100730,1,181.5,77.85
49487,GOLD,03-Feb-17,03-Feb-17,123083602,240700400011,1,18,8.2
49823,Silver,03-Feb-17,08-Feb-17,123080719,210201000125,3,153.9,23.4
50211,GOLD,03-Feb-17,03-Feb-17,123085867,240800100067,5,1367.5,116.6
51744,Silver,03-Feb-17,03-Feb-17,123080730,240200100052,2,199.4,51.4
56117,Silver,03-Feb-17,03-Feb-17,123081826,220101400005,1,94,42.75
56940,Gold,03-Feb-17,04-Feb-17,123080439,240100100152,2,339.6,82.95
58517,Silver,03-Feb-17,03-Feb-17,123086053,230100500077,1,173,72.75
59893,GOLD,03-Feb-17,08-Feb-17,123083988,220100300027,2,423.4,88.3
63505,Gold,03-Feb-17,06-Feb-17,123084440,230100200073,1,46.9,20.2
70175,GOLD,03-Feb-17,03-Feb-17,123082998,240400200088,1,197.4,82.25
72433,Gold,03-Feb-17,03-Feb-17,123083036,240800200034,2,133.4,30.25
76408,Silver,03-Feb-17,03-Feb-17,123081860,230100500023,1,7.2,3.1
77013,Gold,03-Feb-17,03-Feb-17,123082528,240200200080,1,93.8,9.4
78120,Gold,03-Feb-17,05-Feb-17,123084118,230100100056,4,1392.8,152.1
78477,Gold,03-Feb-17,03-Feb-17,123080858,240100100305,3,26.1,4
80432,SILVER,03-Feb-17,03-Feb-17,123084143,220200100011,1,61.9,55.85
80511,Silver,03-Feb-17,03-Feb-17,123082561,220200300078,4,208.4,23.8
80751,Gold,03-Feb-17,03-Feb-17,123084528,220100100309,1,96.3,48.25
81220,SILVER,03-Feb-17,03-Feb-17,123083137,240100400100,1,154.6,116.6
84691,Gold,03-Feb-17,03-Feb-17,123080899,240300100028,1,469.4,221.25
86653,Silver,03-Feb-17,03-Feb-17,123084580,210200100005,1,13,5.75
88237,Gold,03-Feb-17,04-Feb-17,123080454,240100100061,1,12.9,6.35
89382,Silver,03-Feb-17,08-Feb-17,123081909,240500100029,1,58.9,26.1
89816,Silver,03-Feb-17,06-Feb-17,123084206,220100100536,2,408.8,102.3
89958,GOLD,03-Feb-17,03-Feb-17,123083293,230100100035,4,283.2,29.8
93234,Gold,03-Feb-17,03-Feb-17,123084240,220100500026,1,63,28.7
148,Silver,04-Feb-17,04-Feb-17,123089061,240100400105,1,478,238.95
161,Silver,04-Feb-17,09-Feb-17,123090606,240100100466,1,39.4,17.55
344,Silver,04-Feb-17,04-Feb-17,123087759,240500200091,1,10.2,4.9
1118,Silver,04-Feb-17,04-Feb-17,123087802,240300200073,2,41.2,5.2
1626,Silver,04-Feb-17,04-Feb-17,123087583,240100300001,1,35.5,17.9
1652,GOLD,04-Feb-17,04-Feb-17,123090631,240500200103,1,64.2,26.8
1769,Gold,04-Feb-17,07-Feb-17,123089075,220101400419,1,59.4,29.65
3314,Silver,04-Feb-17,06-Feb-17,123086760,230100500098,1,60.5,30.35
6970,Silver,04-Feb-17,08-Feb-17,123089101,220101400148,1,10.5,4.75
8624,Gold,04-Feb-17,04-Feb-17,123088546,210200300107,1,34.4,17.3
9079,Silver,04-Feb-17,04-Feb-17,123086326,240600100027,2,70.8,14.25
10154,GOLD,04-Feb-17,04-Feb-17,123087889,220200100056,1,143.7,71.95
11748,Gold,04-Feb-17,04-Feb-17,123086837,240100200004,1,35.2,14.8
13875,Silver,04-Feb-17,06-Feb-17,123091067,230100100013,2,226.2,58.9
13986,SILVER,04-Feb-17,08-Feb-17,123086868,240400200016,2,355.2,50.4
15137,Gold,04-Feb-17,04-Feb-17,123089181,240100100366,1,16.3,7.8
16992,Silver,04-Feb-17,04-Feb-17,123086924,240100100231,1,11.4,5.3
18010,Silver,04-Feb-17,06-Feb-17,123086353,220100200018,2,76,15.2
18189,Silver,04-Feb-17,07-Feb-17,123091169,240700200010,1,25.7,9.85
19190,Silver,04-Feb-17,05-Feb-17,123086944,230100700008,1,494.4,241
19449,Gold,04-Feb-17,04-Feb-17,123089573,220100300021,2,34.8,8.2
22816,Silver,04-Feb-17,04-Feb-17,123091301,220100100450,1,75.2,37.55
27293,SILVER,04-Feb-17,04-Feb-17,123087942,220100100340,1,41.1,20.65
27505,Gold,04-Feb-17,04-Feb-17,123087040,220100100172,1,110.3,55.25
28148,GOLD,04-Feb-17,04-Feb-17,123090230,240700400007,1,18.3,8.1
30513,Silver,04-Feb-17,04-Feb-17,123091460,230100100005,2,313.8,66.75
30720,Gold,04-Feb-17,04-Feb-17,123089233,230100100062,2,283.4,61
31338,Silver,04-Feb-17,04-Feb-17,123089246,240100100468,1,18,8.25
32098,SILVER,04-Feb-17,04-Feb-17,123089263,220200100094,1,119.4,59.8
33316,Gold,04-Feb-17,04-Feb-17,123087068,240100100614,1,35.5,15.2
33848,Silver,04-Feb-17,09-Feb-17,123086450,240100400088,2,365.2,86.9
36206,Gold,04-Feb-17,04-Feb-17,123089275,240100100380,1,9.2,4.3
37547,Silver,04-Feb-17,04-Feb-17,123088693,220200100104,1,94.3,47.25
37801,Gold,04-Feb-17,10-Feb-17,123090589,230100600008,1,131.2,64.25
37916,Gold,04-Feb-17,09-Feb-17,123089284,220100300021,2,34.8,8.2
37921,SILVER,04-Feb-17,09-Feb-17,123090147,220200100078,1,110.8,55.5
41538,Silver,04-Feb-17,10-Feb-17,123091676,240500200007,1,9.5,4.55
42520,Gold,04-Feb-17,13-Feb-17,123088063,240600100179,1,34.8,14.55
44551,Gold,04-Feb-17,04-Feb-17,123091787,220101400391,1,102.9,46.95
45721,Silver,04-Feb-17,04-Feb-17,123087187,240100200004,1,35.2,14.8
46238,Silver,04-Feb-17,05-Feb-17,123089327,220100100197,2,202.6,50.75
46324,Gold,04-Feb-17,09-Feb-17,123088729,220101400374,1,33.7,15.7
48500,Silver,04-Feb-17,04-Feb-17,123091878,210200700005,1,16.9,7.4
52191,Gold,04-Feb-17,04-Feb-17,123091938,240100100604,1,83.9,35
52505,Silver,04-Feb-17,04-Feb-17,123089366,240100200005,1,32.4,13.65
52686,Silver,04-Feb-17,05-Feb-17,123091977,240700200025,1,14.6,6.2
52731,SILVER,04-Feb-17,10-Feb-17,123089373,220100300018,2,51.2,12.1
53230,Silver,04-Feb-17,04-Feb-17,123091987,220101400130,1,16.9,5.7
53604,Silver,04-Feb-17,04-Feb-17,123092008,230100700011,1,252,103.95
54537,Silver,04-Feb-17,07-Feb-17,123092079,240800200024,2,63.4,14
54945,SILVER,04-Feb-17,04-Feb-17,123089401,220200100134,1,54.4,27.3
54947,Silver,04-Feb-17,05-Feb-17,123087383,230100200063,1,13,5.55
55601,SILVER,04-Feb-17,04-Feb-17,123086491,240400300032,2,63.8,12.85
55920,Silver,04-Feb-17,04-Feb-17,123088176,220200100241,1,35.4,17.8
55980,Gold,04-Feb-17,04-Feb-17,123092144,210201000130,1,29.6,13.2
56478,Silver,04-Feb-17,06-Feb-17,123087414,240400300034,1,34.2,13.75
56618,Gold,04-Feb-17,05-Feb-17,123087424,230100500085,1,237.6,97.9
57190,Silver,04-Feb-17,04-Feb-17,123087436,220200100097,1,89.8,45
58699,SILVER,04-Feb-17,04-Feb-17,123092262,220101400421,1,35.8,17.85
58868,Silver,04-Feb-17,04-Feb-17,123092268,240400300012,1,63,26.15
59912,Silver,04-Feb-17,04-Feb-17,123088198,220101400233,1,61.3,27.9
61208,Silver,04-Feb-17,04-Feb-17,123087491,240200200080,1,93.8,9.4
61385,Silver,04-Feb-17,04-Feb-17,123088809,230100100046,2,269.6,55.1
61734,Gold,04-Feb-17,04-Feb-17,123087501,240400300035,1,19.1,7.7
62756,SILVER,04-Feb-17,09-Feb-17,123092371,240100100063,1,22.9,9.25
62859,Gold,04-Feb-17,07-Feb-17,123092380,240700400028,1,38.1,19.75
65488,Gold,04-Feb-17,04-Feb-17,123087568,220200300018,1,61.6,28.05
65529,Gold,04-Feb-17,06-Feb-17,123088814,240100400036,1,213.3,104.1
71343,Gold,04-Feb-17,04-Feb-17,123088854,230100600005,1,129.8,63.2
72383,Gold,04-Feb-17,04-Feb-17,123090411,240600100158,1,5.7,2.3
73724,Silver,04-Feb-17,04-Feb-17,123089787,220100500018,1,65.8,30
73805,Gold,04-Feb-17,04-Feb-17,123089790,220100800047,1,76.6,36.5
73821,Silver,04-Feb-17,04-Feb-17,123089794,220101400294,1,34,15.5
74096,Silver,04-Feb-17,04-Feb-17,123090450,230100100013,2,226.2,58.9
75321,Silver,04-Feb-17,07-Feb-17,123087652,240800200001,5,847.5,67.8
75730,Platinum,04-Feb-17,08-Feb-17,123088236,220200200041,1,112.6,51.3
75994,Gold,04-Feb-17,04-Feb-17,123088240,240600100028,1,18.6,7.5
79454,GOLD,04-Feb-17,04-Feb-17,123088933,220100500018,1,65.8,30
80292,Gold,04-Feb-17,06-Feb-17,123088940,210200600103,1,24.9,10.05
80999,GOLD,04-Feb-17,04-Feb-17,123088308,220200300009,1,52,23.75
83212,Gold,04-Feb-17,04-Feb-17,123089954,220200100093,1,100.4,50.3
83930,Gold,04-Feb-17,04-Feb-17,123089963,240700400034,1,13.2,5.95
84393,SILVER,04-Feb-17,04-Feb-17,123089981,220100900039,1,68.6,24.75
88240,Silver,04-Feb-17,05-Feb-17,123087729,240500200044,1,59.4,24.75
90301,GOLD,04-Feb-17,05-Feb-17,123090089,240300200060,1,23.9,10.15
93697,Silver,04-Feb-17,04-Feb-17,123090134,230100200025,1,250.1,113.65
93978,Silver,04-Feb-17,04-Feb-17,123090140,220200200022,1,57.3,33.9
1750,Silver,05-Feb-17,05-Feb-17,123092973,230100100039,4,232.8,23.35
1863,Gold,05-Feb-17,05-Feb-17,123096414,220100100261,1,39.1,19.65
2449,Gold,05-Feb-17,05-Feb-17,123092982,230100500092,1,115.6,48.15
3060,Silver,05-Feb-17,05-Feb-17,123096443,220101200014,1,88,38.25
3405,Gold,05-Feb-17,05-Feb-17,123095213,240500100045,1,83.4,33.45
4177,Silver,05-Feb-17,14-Feb-17,123095222,220101300017,1,16.5,7.45
4213,Silver,05-Feb-17,05-Feb-17,123096475,220100100323,1,52.1,24.8
6786,Silver,05-Feb-17,05-Feb-17,123095239,230100100051,2,369.8,78.15
6858,Silver,05-Feb-17,05-Feb-17,123096634,240700200021,1,19.1,10.15
7865,Silver,05-Feb-17,05-Feb-17,123093829,240200100114,2,334.8,83.8
9306,Gold,05-Feb-17,05-Feb-17,123095257,230100500022,1,150.1,64.1
10192,GOLD,05-Feb-17,05-Feb-17,123096685,220101400043,1,17.9,7.85
10417,GOLD,05-Feb-17,05-Feb-17,123096700,220101400131,1,22.3,7.75
10892,Gold,05-Feb-17,05-Feb-17,123093045,230100500087,1,91.1,37.95
11689,Gold,05-Feb-17,05-Feb-17,123096720,220100300018,2,51.2,12.1
12699,GOLD,05-Feb-17,05-Feb-17,123096765,240400300023,1,49.4,19.8
13227,Silver,05-Feb-17,05-Feb-17,123094536,240400300034,1,34.2,13.75
13249,Gold,05-Feb-17,10-Feb-17,123095296,220100600010,2,476.2,113.4
13458,Gold,05-Feb-17,05-Feb-17,123095569,220101400394,1,94.8,42.6
13678,Silver,05-Feb-17,05-Feb-17,123096787,230100500082,1,126.1,58.6
16942,GOLD,05-Feb-17,05-Feb-17,123096028,220200300103,1,56.3,25.05
16993,Silver,05-Feb-17,10-Feb-17,123093100,230100700002,1,220,135
17745,Silver,05-Feb-17,05-Feb-17,123096835,210200300024,1,66.6,33.4
22287,Gold,05-Feb-17,05-Feb-17,123093864,210200600127,1,31.3,13.4
22525,Silver,05-Feb-17,07-Feb-17,123096932,230100600008,1,131.2,64.25
24171,Gold,05-Feb-17,05-Feb-17,123097013,230100600028,1,96.7,48.45
25210,Gold,05-Feb-17,05-Feb-17,123094586,220200100241,2,70.8,17.8
25618,Silver,05-Feb-17,05-Feb-17,123093190,240800200034,2,133.4,30.25
26063,Silver,05-Feb-17,12-Feb-17,123097049,220101400404,1,81.8,40.85
26115,Silver,05-Feb-17,05-Feb-17,123093238,240400200051,1,186.3,88.8
26260,Silver,05-Feb-17,05-Feb-17,123094593,240600100161,1,66.1,30.5
26263,Silver,05-Feb-17,05-Feb-17,123093677,230100600021,1,84.2,42.2
26537,Gold,05-Feb-17,07-Feb-17,123092526,220101400110,2,116.2,25.9
27425,Gold,05-Feb-17,05-Feb-17,123095343,240200200024,1,124.2,12.4
28166,GOLD,05-Feb-17,05-Feb-17,123097097,230100500068,1,1.7,0.8
28895,Silver,05-Feb-17,05-Feb-17,123095355,240100100689,1,55,22.95
29396,GOLD,05-Feb-17,05-Feb-17,123096037,230100200066,1,12.9,5.45
33467,Silver,05-Feb-17,05-Feb-17,123093278,220200300095,1,117,53.3
34239,SILVER,05-Feb-17,11-Feb-17,123095625,240300100006,1,16.4,7.95
37531,Silver,05-Feb-17,05-Feb-17,123097424,220200100101,1,61,28.75
37771,Gold,05-Feb-17,11-Feb-17,123097430,240100400149,1,86,41
42001,Silver,05-Feb-17,05-Feb-17,123092601,230100600015,2,156.4,39.2
42819,GOLD,05-Feb-17,05-Feb-17,123093950,210200700003,1,21.2,8.3
43449,Silver,05-Feb-17,11-Feb-17,123097567,240100400142,1,153.8,77
44239,Gold,05-Feb-17,07-Feb-17,123093967,240600100196,1,57.8,25.5
44313,GOLD,05-Feb-17,05-Feb-17,123094779,240100400148,1,253.1,125.1
45717,SILVER,05-Feb-17,05-Feb-17,123095450,240100200001,1,15.9,6.3
46563,Silver,05-Feb-17,05-Feb-17,123095467,220200100099,1,157.8,79
48134,Gold,05-Feb-17,05-Feb-17,123097767,220100100104,1,17.8,9
50776,SILVER,05-Feb-17,05-Feb-17,123095479,230100200025,1,250.1,113.65
52764,Gold,05-Feb-17,05-Feb-17,123093504,240500200080,1,55.5,23.1
53319,Gold,05-Feb-17,05-Feb-17,123092660,230100600015,2,156.4,39.2
54193,Silver,05-Feb-17,05-Feb-17,123093511,220101400089,1,36.7,16.75
54948,Silver,05-Feb-17,12-Feb-17,123094015,240600100115,1,47.9,20
56561,Silver,05-Feb-17,05-Feb-17,123097935,240600100080,1,28.3,8.55
56614,Gold,05-Feb-17,05-Feb-17,123095499,210200100007,1,23,10.3
57020,Silver,05-Feb-17,09-Feb-17,123093544,230100500082,1,126.1,58.6
58019,Gold,05-Feb-17,05-Feb-17,123094803,220100100474,1,23.7,11.95
58734,Silver,05-Feb-17,07-Feb-17,123097955,240800200006,2,451,112.85
58846,Silver,05-Feb-17,09-Feb-17,123097956,240700200007,1,5.1,2.2
59061,Silver,05-Feb-17,05-Feb-17,123095533,240500200042,1,37,17.6
63801,Silver,05-Feb-17,07-Feb-17,123096126,230100500082,1,126.1,58.6
65356,Silver,05-Feb-17,05-Feb-17,123098175,220100100316,1,49.5,24.85
65424,Gold,05-Feb-17,05-Feb-17,123092699,230100700011,2,504,103.95
71283,Gold,05-Feb-17,05-Feb-17,123095751,230100600023,1,73.4,36.8
71340,Gold,05-Feb-17,05-Feb-17,123094874,240200100061,1,93.4,48.15
73095,Gold,05-Feb-17,05-Feb-17,123095780,220101400409,1,146.7,66.7
73385,Platinum,05-Feb-17,05-Feb-17,123094932,210201000040,1,39.6,18.05
74246,Silver,05-Feb-17,05-Feb-17,123095804,220101200024,1,25.7,11.15
74270,Silver,05-Feb-17,11-Feb-17,123094128,240700400024,1,63.6,33.15
74640,Silver,05-Feb-17,05-Feb-17,123094950,240100100404,1,62.5,32.75
77818,Silver,05-Feb-17,05-Feb-17,123094198,220200300071,1,103.8,47.25
78213,Gold,05-Feb-17,05-Feb-17,123095004,230100300006,1,68.5,34.35
79128,Silver,05-Feb-17,09-Feb-17,123096212,220200300086,1,137.3,62.5
80058,Silver,05-Feb-17,05-Feb-17,123095029,210200500016,1,52.5,22.25
83212,Silver,05-Feb-17,05-Feb-17,123095869,220101400273,1,47,21.45
83854,Silver,05-Feb-17,05-Feb-17,123095087,230100100024,2,91,20.8
83964,Gold,05-Feb-17,07-Feb-17,123092853,220100100270,2,155.8,39.05
84564,Silver,05-Feb-17,06-Feb-17,123094372,240200200026,1,96.3,38.55
85306,Gold,05-Feb-17,05-Feb-17,123096250,240100400010,1,100.9,50.4
85613,Silver,05-Feb-17,05-Feb-17,123095098,220100700022,1,51.7,21.9
87889,Silver,05-Feb-17,05-Feb-17,123095123,230100600028,1,96.7,48.45
90294,Silver,05-Feb-17,05-Feb-17,123094468,220200300158,1,87.3,40.7
92382,Gold,05-Feb-17,07-Feb-17,123092933,210200200017,3,123,17.85
93337,Gold,05-Feb-17,05-Feb-17,123096000,210200600111,1,19.8,8.45
2031,Silver,06-Feb-17,10-Feb-17,123001170,240500100061,1,71.2,30.85
3711,Silver,06-Feb-17,11-Feb-17,123002542,240800200018,2,78.8,16.35
4862,Silver,06-Feb-17,06-Feb-17,123001204,230100100017,2,350.6,74.95
6202,Silver,06-Feb-17,06-Feb-17,123098853,220100100427,1,62.3,31.25
7972,Gold,06-Feb-17,06-Feb-17,123099968,220200200018,1,66.4,30.25
8272,Silver,06-Feb-17,06-Feb-17,123001220,240100400100,1,154.6,116.6
8486,Gold,06-Feb-17,06-Feb-17,123002732,240700100011,1,26.99,10.23
8650,Silver,06-Feb-17,11-Feb-17,123001226,220100100589,1,36.1,18.15
9689,Silver,06-Feb-17,06-Feb-17,123002801,240700200005,1,6,2.85
10175,Gold,06-Feb-17,06-Feb-17,123000664,220100800040,1,111.5,53.05
10528,Silver,06-Feb-17,06-Feb-17,123000676,210201000093,1,47,21.45
10621,Gold,06-Feb-17,06-Feb-17,123001241,230100100058,2,96.6,20.5
11621,Platinum,06-Feb-17,06-Feb-17,123098983,220200100194,2,245.2,61.4
11939,SILVER,06-Feb-17,07-Feb-17,123000691,240100100306,1,8.9,4.1
12863,Silver,06-Feb-17,06-Feb-17,123000012,240600100068,2,104.2,21.55
13807,Silver,06-Feb-17,06-Feb-17,123001250,240100200002,1,15.3,6.05
15089,GOLD,06-Feb-17,09-Feb-17,123098991,230100600026,1,118.6,59.4
17891,Gold,06-Feb-17,06-Feb-17,123098264,230100600016,2,154,38.6
23193,Gold,06-Feb-17,09-Feb-17,123003088,240500100001,1,47.6,21.15
23489,Gold,06-Feb-17,06-Feb-17,123003140,240500200141,1,101.1,48.1
25127,Gold,06-Feb-17,06-Feb-17,123001297,220200100211,1,103.5,51.85
25457,GOLD,06-Feb-17,11-Feb-17,123099140,230100500022,1,150.1,64.1
28883,Silver,06-Feb-17,06-Feb-17,123003329,220101400175,2,44.6,10
29326,Gold,06-Feb-17,07-Feb-17,123000739,240100200001,1,15.9,6.3
32313,Silver,06-Feb-17,06-Feb-17,123099262,230100200074,1,47.8,23.35
32412,Silver,06-Feb-17,06-Feb-17,123001347,220200300131,1,70.1,31.95
32678,Silver,06-Feb-17,06-Feb-17,123099271,240800200056,2,109.4,24.5
33319,SILVER,06-Feb-17,06-Feb-17,123000768,230100100052,2,370.2,77.7
35085,Gold,06-Feb-17,06-Feb-17,123099300,220200100019,1,98.1,49.15
35427,Gold,06-Feb-17,10-Feb-17,123001627,220100400024,1,91.1,43.9
35482,Gold,06-Feb-17,06-Feb-17,123098349,220101400203,2,77,17.15
35484,SILVER,06-Feb-17,08-Feb-17,123003478,240800200001,2,339,67.8
36465,GOLD,06-Feb-17,06-Feb-17,123000136,240100200012,1,32.2,13.35
36634,Gold,06-Feb-17,06-Feb-17,123099344,230100600005,1,129.8,63.2
40198,Gold,06-Feb-17,10-Feb-17,123099370,230100600028,1,96.7,48.45
40693,Gold,06-Feb-17,14-Feb-17,123000161,240100100176,1,13.8,6.25
42299,Gold,06-Feb-17,06-Feb-17,123099409,240500200091,1,10.2,4.9
43048,Silver,06-Feb-17,06-Feb-17,123099414,240500200080,1,55.5,23.1
45283,Silver,06-Feb-17,06-Feb-17,123001679,240100300001,1,35.5,17.9
46038,Gold,06-Feb-17,11-Feb-17,123001420,220101400284,1,49.8,22.75
46199,Silver,06-Feb-17,07-Feb-17,123003780,240100400037,1,231,113.65
47312,Silver,06-Feb-17,06-Feb-17,123001447,240700400032,1,30.8,6.75
47524,GOLD,06-Feb-17,06-Feb-17,123099482,240400200012,1,160.9,69.6
48038,Silver,06-Feb-17,06-Feb-17,123099526,220200100081,1,114.7,57.45
48807,Gold,06-Feb-17,06-Feb-17,123098399,240500200123,2,40,9.5
50119,Gold,06-Feb-17,07-Feb-17,123001689,220200300040,1,110.7,49.35
51023,Silver,06-Feb-17,06-Feb-17,123000820,240600100080,1,28.3,8.55
54351,Silver,06-Feb-17,07-Feb-17,123004009,240100100710,2,68.6,14.35
55032,Silver,06-Feb-17,06-Feb-17,123099651,240600100098,2,109.4,21.95
55958,Gold,06-Feb-17,06-Feb-17,123099670,220100500018,1,65.8,30
57081,Silver,06-Feb-17,06-Feb-17,123002264,240600100026,1,46.8,19.95
62957,Gold,06-Feb-17,06-Feb-17,123002272,210200400062,1,56.1,28.15
63737,Silver,06-Feb-17,06-Feb-17,123099780,220200300140,1,24.2,11.1
71795,Gold,06-Feb-17,06-Feb-17,123000290,220101400272,1,42.6,19.35
72518,Silver,06-Feb-17,06-Feb-17,123098481,240200100157,2,706.2,196.15
73490,Gold,06-Feb-17,06-Feb-17,123001794,230100200048,1,68.7,34.45
75915,Silver,06-Feb-17,06-Feb-17,123001826,220100100189,1,94.7,47.45
77327,Gold,06-Feb-17,06-Feb-17,123001004,220200300017,1,99.5,44.3
77725,Platinum,06-Feb-17,06-Feb-17,123098541,220101400306,2,145.2,33.1
78899,Silver,06-Feb-17,06-Feb-17,123001022,240100100142,1,1.8,0.75
79123,Gold,06-Feb-17,06-Feb-17,123002352,230100600021,2,168.4,42.2
79564,Gold,06-Feb-17,06-Feb-17,123001878,230100500092,2,231.2,48.15
80474,Silver,06-Feb-17,06-Feb-17,123000403,220100500026,1,63,28.7
80876,Silver,06-Feb-17,06-Feb-17,123001041,220200200077,1,126,57.35
83156,Silver,06-Feb-17,06-Feb-17,123000442,220200200011,1,86.2,39.25
83742,GOLD,06-Feb-17,06-Feb-17,123000468,240500200100,1,22.7,10.85
85783,SILVER,06-Feb-17,06-Feb-17,123001084,210200600075,1,12.4,5.25
86136,SILVER,06-Feb-17,06-Feb-17,123098627,240300100058,1,30.7,14.65
86361,Gold,06-Feb-17,06-Feb-17,123001091,210201000125,1,51.3,23.4
86930,Silver,06-Feb-17,06-Feb-17,123001938,230100100058,2,96.6,20.5
89776,SILVER,06-Feb-17,09-Feb-17,123002451,230100500046,1,45.6,21.7
90639,Gold,06-Feb-17,06-Feb-17,123098704,240400200091,2,434,90.4
91190,Silver,06-Feb-17,06-Feb-17,123002462,240400200088,1,197.4,82.25
91435,Silver,06-Feb-17,11-Feb-17,123001117,240100100736,1,69.1,29.8
93602,Silver,06-Feb-17,07-Feb-17,123098746,220101400169,3,130.8,19.5
2520,Silver,07-Feb-17,07-Feb-17,123007729,240500200077,1,50.7,21.15
2615,Gold,07-Feb-17,07-Feb-17,123009249,220200200027,1,98.8,42.95
3360,Gold,07-Feb-17,07-Feb-17,123009284,240200100073,1,21.3,12.05
4347,GOLD,07-Feb-17,07-Feb-17,123009315,240500200098,1,44,20.95
4590,SILVER,07-Feb-17,09-Feb-17,123008698,230100600028,1,96.7,48.45
7854,Silver,07-Feb-17,11-Feb-17,123009395,240100100730,1,181.5,77.85
9019,Silver,07-Feb-17,12-Feb-17,123009405,240100400043,1,266,131.5
10524,SILVER,07-Feb-17,07-Feb-17,123009432,220100300038,2,282.4,57.95
12746,Gold,07-Feb-17,07-Feb-17,123006368,220200100134,1,54.4,27.3
13942,Silver,07-Feb-17,11-Feb-17,123005129,240400200012,1,160.9,69.6
15917,Gold,07-Feb-17,07-Feb-17,123007814,220100400016,1,70.8,32.15
18520,Silver,07-Feb-17,10-Feb-17,123005228,230100500008,1,38,16.8
19031,Gold,07-Feb-17,07-Feb-17,123006387,220200200062,1,88.8,37.8
19509,SILVER,07-Feb-17,07-Feb-17,123007850,220100100380,1,74,36.95
20227,Silver,07-Feb-17,07-Feb-17,123007872,240500200120,1,20.9,9.9
21836,Gold,07-Feb-17,07-Feb-17,123006408,220200300110,1,60,26.75
22792,Gold,07-Feb-17,12-Feb-17,123006439,240800200002,5,851.875,68.15
24863,Gold,07-Feb-17,07-Feb-17,123005333,240800100090,2,413.8,82.8
25968,SILVER,07-Feb-17,08-Feb-17,123004474,240100100145,2,8.8,1.9
26311,Silver,07-Feb-17,07-Feb-17,123008294,230100200047,1,72.7,35.2
27328,SILVER,07-Feb-17,07-Feb-17,123005392,240800200013,7,564.9,33.65
29627,Gold,07-Feb-17,09-Feb-17,123007935,220100300017,3,67.2,10.6
29901,Silver,07-Feb-17,07-Feb-17,123005440,220101200015,1,23,9.95
30270,SILVER,07-Feb-17,08-Feb-17,123007945,240100200001,1,15.9,6.3
30554,Silver,07-Feb-17,14-Feb-17,123009980,240200100251,1,5.6,2.85
31954,Silver,07-Feb-17,07-Feb-17,123006075,230100600036,1,103.2,50.4
31960,SILVER,07-Feb-17,07-Feb-17,123010010,240500100019,1,48.4,21.5
32188,Gold,07-Feb-17,07-Feb-17,123005496,240100200001,1,15.9,6.3
32572,SILVER,07-Feb-17,07-Feb-17,123007952,210201100001,1,32,14
33280,Silver,07-Feb-17,07-Feb-17,123007969,240100100434,1,15.3,7.5
34026,Gold,07-Feb-17,07-Feb-17,123010065,220100100474,1,23.7,11.95
34824,Silver,07-Feb-17,07-Feb-17,123005569,220200100160,1,34.9,17.55
34856,Silver,07-Feb-17,07-Feb-17,123005575,220100100629,1,53.3,26.75
35151,Silver,07-Feb-17,07-Feb-17,123007265,240200200060,1,184.5,73.85
35927,Silver,07-Feb-17,08-Feb-17,123004572,220100300017,1,22.4,10.6
40752,Gold,07-Feb-17,07-Feb-17,123005638,220100100600,1,56.3,28.25
41556,SILVER,07-Feb-17,07-Feb-17,123008013,220200300002,1,37.5,17.05
41964,Silver,07-Feb-17,07-Feb-17,123010263,230100600026,1,118.6,59.4
42599,Gold,07-Feb-17,07-Feb-17,123008761,220101100034,1,11.8,5
42660,Silver,07-Feb-17,07-Feb-17,123010310,230100600018,1,64.2,32.2
43065,Platinum,07-Feb-17,11-Feb-17,123010337,240800200002,2,340.75,68.15
43320,Gold,07-Feb-17,07-Feb-17,123006537,240600100044,1,9.5,3.7
43450,Silver,07-Feb-17,10-Feb-17,123004612,210201100005,2,74.2,16.15
44375,Gold,07-Feb-17,07-Feb-17,123007315,240500100020,1,51.6,22.9
48913,Gold,07-Feb-17,07-Feb-17,123010481,230100300011,1,49.3,19.8
50260,GOLD,07-Feb-17,07-Feb-17,123010510,220200100113,1,139.9,70.05
50590,Silver,07-Feb-17,07-Feb-17,123004639,220101400035,2,207.4,47.2
51793,Silver,07-Feb-17,07-Feb-17,123010553,220200100113,1,139.9,70.05
51861,GOLD,07-Feb-17,07-Feb-17,123005788,230100400018,2,56.2,12.75
52490,Gold,07-Feb-17,13-Feb-17,123005812,230100500016,2,23.8,5.4
52834,Gold,07-Feb-17,15-Feb-17,123010584,230100600041,1,67.5,32.15
54758,Silver,07-Feb-17,07-Feb-17,123007380,220101400146,1,10,4.6
55191,Silver,07-Feb-17,07-Feb-17,123007390,230100100058,4,193.2,20.5
55630,Silver,07-Feb-17,07-Feb-17,123010681,240200100180,1,121.6,62.9
55810,Silver,07-Feb-17,07-Feb-17,123005863,220200300016,1,101,46.05
56649,Silver,07-Feb-17,10-Feb-17,123006612,240300300047,1,55.8,22.4
57453,Silver,07-Feb-17,07-Feb-17,123005869,240300100007,3,982.8,156.9
58223,Gold,07-Feb-17,07-Feb-17,123008397,220100400022,1,98.9,47.7
60073,Silver,07-Feb-17,07-Feb-17,123010828,220100300002,2,155,32.25
60613,GOLD,07-Feb-17,09-Feb-17,123008420,220200100057,1,125.8,63
60852,Gold,07-Feb-17,07-Feb-17,123010870,230100700004,1,360,199
62389,Silver,07-Feb-17,13-Feb-17,123010917,240500100048,2,85.2,17.1
63343,Gold,07-Feb-17,08-Feb-17,123004674,220101000001,2,36.4,8.2
63523,SILVER,07-Feb-17,07-Feb-17,123008809,240500100029,1,58.9,26.1
63551,SILVER,07-Feb-17,07-Feb-17,123008166,240100200002,1,15.3,6.05
63551,Gold,07-Feb-17,07-Feb-17,123008171,240200100051,1,140.3,72
63664,Silver,07-Feb-17,07-Feb-17,123006013,240800200007,5,99.375,7.95
64000,Silver,07-Feb-17,07-Feb-17,123010982,230100200059,1,38.5,16.5
65199,Gold,07-Feb-17,07-Feb-17,123011004,240100100155,1,33.3,14.85
65385,Silver,07-Feb-17,07-Feb-17,123011006,230100600015,1,78.2,39.2
65728,Silver,07-Feb-17,07-Feb-17,123011038,240100100673,1,59.9,25.35
72161,Silver,07-Feb-17,07-Feb-17,123007451,240700400020,1,71.3,37.15
73421,Platinum,07-Feb-17,07-Feb-17,123007475,220101400211,1,34.9,15.6
74248,GOLD,07-Feb-17,07-Feb-17,123004721,220101400122,2,93.8,20.95
75073,SILVER,07-Feb-17,07-Feb-17,123004753,210200300091,2,26.6,6.7
76126,Silver,07-Feb-17,12-Feb-17,123007494,240100400057,1,217.5,161.2
77528,SILVER,07-Feb-17,07-Feb-17,123008521,230100500058,1,16.7,7.25
78943,Silver,07-Feb-17,11-Feb-17,123004779,240100100594,2,24.2,5.1
79481,Silver,07-Feb-17,07-Feb-17,123008935,220100300030,2,319.6,66.55
80855,SILVER,07-Feb-17,07-Feb-17,123008537,220100900027,1,49.9,20
83035,Gold,07-Feb-17,07-Feb-17,123006875,240100300005,1,45,19.2
83500,Gold,07-Feb-17,11-Feb-17,123008553,220200100053,1,187.3,93.75
85750,Gold,07-Feb-17,08-Feb-17,123008566,220100100405,1,12,6.05
86701,Silver,07-Feb-17,07-Feb-17,123006965,240500200142,1,8.3,3.9
88031,Silver,07-Feb-17,09-Feb-17,123009073,230100100045,2,249.6,53.6
91706,Gold,07-Feb-17,07-Feb-17,123007678,240100100649,1,77.1,32.85
92062,Gold,07-Feb-17,07-Feb-17,123009028,220101400126,2,82.2,18.4
882,Silver,08-Feb-17,08-Feb-17,123012573,220101200009,1,106.8,42.8
1408,GOLD,08-Feb-17,12-Feb-17,123011062,240100400062,2,226.4,54
3099,Gold,08-Feb-17,08-Feb-17,123012048,240800200059,2,81.6,18.45
5173,Gold,08-Feb-17,08-Feb-17,123013289,240100400048,1,292.7,144.65
9258,GOLD,08-Feb-17,08-Feb-17,123013426,220101400067,1,11.9,5.4
10743,Silver,08-Feb-17,08-Feb-17,123012604,240700400030,1,21.7,9.45
11947,Gold,08-Feb-17,08-Feb-17,123013466,240500200095,1,29.1,13.95
15664,Silver,08-Feb-17,08-Feb-17,123011105,240500100028,3,222.3,32.95
15862,SILVER,08-Feb-17,12-Feb-17,123012916,230100500089,1,140.3,58.4
16415,SILVER,08-Feb-17,08-Feb-17,123013544,220200300096,1,172.5,78.5
23738,Gold,08-Feb-17,08-Feb-17,123013739,220200100090,2,177.2,44.4
26723,Silver,08-Feb-17,08-Feb-17,123011142,240100100422,2,45.2,7.85
27293,GOLD,08-Feb-17,20-Feb-17,123011624,240200200088,1,66.7,27.45
27442,Gold,08-Feb-17,08-Feb-17,123013790,230100500094,1,86.6,34.1
28001,SILVER,08-Feb-17,08-Feb-17,123013848,220100200008,1,44.7,17.85
28970,Gold,08-Feb-17,08-Feb-17,123011629,240600100052,1,40.5,18.5
32060,SILVER,08-Feb-17,08-Feb-17,123012229,240800200034,5,333.5,30.25
37230,Silver,08-Feb-17,08-Feb-17,123011176,230100600038,2,225,54.95
38235,Gold,08-Feb-17,08-Feb-17,123012235,230100500087,1,91.1,37.95
39036,Silver,08-Feb-17,10-Feb-17,123011186,210200700016,2,47,9.2
41675,Silver,08-Feb-17,08-Feb-17,123014104,220101400091,1,32.8,15
47519,Silver,08-Feb-17,08-Feb-17,123014216,220100100207,1,54.7,27.45
50010,Silver,08-Feb-17,12-Feb-17,123013136,230100100045,4,499.2,53.6
50097,Gold,08-Feb-17,08-Feb-17,123014306,220100100374,1,11.6,5.85
51591,Silver,08-Feb-17,10-Feb-17,123012299,240100100386,1,39.5,16.55
52441,SILVER,08-Feb-17,08-Feb-17,123012311,210200400008,1,33.8,17
61055,SILVER,08-Feb-17,09-Feb-17,123014443,220200100042,1,59.1,29.65
62282,Gold,08-Feb-17,08-Feb-17,123012719,220101200015,1,23,9.95
63462,Gold,08-Feb-17,08-Feb-17,123014498,240700100013,1,23.99,9.75
64133,GOLD,08-Feb-17,08-Feb-17,123012736,220200100073,1,68.8,34.5
64727,Gold,08-Feb-17,08-Feb-17,123014514,220100300002,3,232.5,32.25
71050,Silver,08-Feb-17,09-Feb-17,123011799,210201000029,1,9.5,4.3
73992,Gold,08-Feb-17,08-Feb-17,123011350,220100400020,2,172.8,37.55
74445,Gold,08-Feb-17,08-Feb-17,123012773,240100400085,1,64.5,30.95
74480,Silver,08-Feb-17,08-Feb-17,123012390,210201000130,1,29.6,13.2
77667,Gold,08-Feb-17,08-Feb-17,123012804,220200300004,1,52.3,23.9
78327,SILVER,08-Feb-17,08-Feb-17,123012811,240400300028,1,78.3,31.4
83128,SILVER,08-Feb-17,08-Feb-17,123012841,230100100017,6,1051.8,74.95
84177,Gold,08-Feb-17,08-Feb-17,123011404,240500200104,3,162,22.5
86475,PLATINUM,08-Feb-17,08-Feb-17,123012463,230100300018,1,67.1,27.6
90177,SILVER,08-Feb-17,08-Feb-17,123012879,220200100098,1,120.7,66.5
90317,GOLD,08-Feb-17,23-Feb-17,123012500,220100100118,1,45.9,23.05
91221,Silver,08-Feb-17,08-Feb-17,123012882,220101200001,1,54.2,21.75
91527,Silver,08-Feb-17,09-Feb-17,123011462,230100600022,3,252.3,42.15
91783,Silver,08-Feb-17,11-Feb-17,123011941,240700400028,1,38.1,19.75
1831,GOLD,09-Feb-17,15-Feb-17,123014573,220100100565,2,78,19.6
2006,GOLD,09-Feb-17,10-Feb-17,123017485,210201000130,1,29.6,13.2
3258,Silver,09-Feb-17,13-Feb-17,123018750,240500200027,1,53.9,22.45
3940,Silver,09-Feb-17,09-Feb-17,123016888,240600100196,1,57.8,25.5
7239,Silver,09-Feb-17,09-Feb-17,123016116,220200100099,1,157.8,79
7573,GOLD,09-Feb-17,09-Feb-17,123017876,230100600022,1,84.1,42.15
9253,Silver,09-Feb-17,09-Feb-17,123014590,240200100231,3,24,3.6
9274,Silver,09-Feb-17,11-Feb-17,123017545,220100300001,2,180.4,38.3
10452,Gold,09-Feb-17,09-Feb-17,123018917,240100100581,1,27.5,11.35
10477,Silver,09-Feb-17,15-Feb-17,123015291,230100200026,1,273.2,124.1
11288,GOLD,09-Feb-17,10-Feb-17,123018938,220101400386,1,166.1,75.9
11942,Silver,09-Feb-17,24-Feb-17,123016940,220200100201,1,107.4,53.8
12871,Silver,09-Feb-17,11-Feb-17,123019001,240500200107,1,169.5,70.6
13164,Gold,09-Feb-17,09-Feb-17,123016950,240500200006,1,14.6,7.05
13285,Silver,09-Feb-17,09-Feb-17,123017568,220200200011,1,86.2,39.25
13485,Gold,09-Feb-17,09-Feb-17,123016961,220101400184,1,54.1,24.15
13779,Silver,09-Feb-17,09-Feb-17,123019012,240200100153,1,28,12.55
15283,Gold,09-Feb-17,09-Feb-17,123015340,240100100652,1,66.7,28.75
16278,SILVER,09-Feb-17,09-Feb-17,123018371,210200100009,1,34.7,15.5
18715,SILVER,09-Feb-17,09-Feb-17,123019096,220101400211,1,34.9,15.6
19356,Gold,09-Feb-17,13-Feb-17,123019110,240800200002,2,340.75,68.15
21119,Silver,09-Feb-17,12-Feb-17,123015397,240400300030,1,55.5,22.25
23371,Silver,09-Feb-17,09-Feb-17,123014637,230100700002,3,660,135
23703,SILVER,09-Feb-17,09-Feb-17,123014647,220100400024,3,273.3,43.9
26566,SILVER,09-Feb-17,09-Feb-17,123017045,240500200099,1,49.2,22.45
27816,SILVER,09-Feb-17,09-Feb-17,123019319,210200600044,1,56.7,24.9
29101,Gold,09-Feb-17,09-Feb-17,123019378,230100100015,2,213.8,45.5
29434,Gold,09-Feb-17,09-Feb-17,123015481,230100200025,1,250.1,113.65
32615,SILVER,09-Feb-17,12-Feb-17,123014684,210201000017,2,92.6,19.15
33909,Silver,09-Feb-17,09-Feb-17,123015551,240400200051,1,186.3,88.8
34840,GOLD,09-Feb-17,09-Feb-17,123016308,220101400338,1,37.3,16.6
35042,Gold,09-Feb-17,15-Feb-17,123015560,220200200020,1,163.5,74.3
36116,GOLD,09-Feb-17,09-Feb-17,123019536,220101400342,1,175.7,79.9
36301,Gold,09-Feb-17,09-Feb-17,123017644,230100200004,1,99.9,50.05
37116,Gold,09-Feb-17,09-Feb-17,123019588,220200200085,1,41.4,18
38453,Gold,09-Feb-17,09-Feb-17,123017084,220100800020,1,21.7,10.35
39258,Gold,09-Feb-17,09-Feb-17,123019629,240800100053,5,1333.5,106.75
39369,Gold,09-Feb-17,09-Feb-17,123016334,240600100020,1,34.3,15.75
42375,Gold,09-Feb-17,09-Feb-17,123015671,220200200078,1,107.7,46.8
43091,Silver,09-Feb-17,09-Feb-17,123015681,240600100174,1,22.8,9.4
46038,Gold,09-Feb-17,14-Feb-17,123017683,220101400433,1,64,29.4
47199,GOLD,09-Feb-17,09-Feb-17,123018052,220101400390,1,38.4,19.15
48171,Silver,09-Feb-17,09-Feb-17,123019932,230100600013,1,71.7,35.95
52291,Silver,09-Feb-17,10-Feb-17,123014779,240100400021,2,183.2,45.75
52523,Gold,09-Feb-17,09-Feb-17,123017197,230100500056,1,8,3.5
53498,Gold,09-Feb-17,16-Feb-17,123015786,220200100061,1,75.6,37.9
55017,Gold,09-Feb-17,12-Feb-17,123018690,230100500096,1,35.5,17.25
56490,Silver,09-Feb-17,09-Feb-17,123017748,220200200045,1,113,51.45
57754,Silver,09-Feb-17,14-Feb-17,123016374,220101400273,1,47,21.45
58817,Gold,09-Feb-17,09-Feb-17,123017783,240100200001,1,15.9,6.3
59364,Silver,09-Feb-17,11-Feb-17,123020133,210200400073,1,42.1,21.15
59609,GOLD,09-Feb-17,10-Feb-17,123020161,230100100013,4,452.4,58.9
61222,SILVER,09-Feb-17,09-Feb-17,123020175,240800200009,5,428,34.3
62563,Gold,09-Feb-17,14-Feb-17,123020197,240500200081,1,126.8,52.9
63076,Silver,09-Feb-17,09-Feb-17,123020226,230100500004,1,3.2,1.35
63974,Silver,09-Feb-17,09-Feb-17,123020232,220100100265,1,44.7,22.45
70075,Gold,09-Feb-17,09-Feb-17,123014874,240200100222,2,169.4,42.45
70718,Gold,09-Feb-17,09-Feb-17,123018116,240100100572,1,25.8,11.05
71302,SILVER,09-Feb-17,09-Feb-17,123017275,230100300014,1,39.9,16.7
71387,Gold,09-Feb-17,13-Feb-17,123016518,240700400036,1,6.2,2.75
73954,Gold,09-Feb-17,09-Feb-17,123016546,210200300093,2,55.8,14.05
74299,Silver,09-Feb-17,09-Feb-17,123016569,240800200008,2,300.5,60.1
74858,GOLD,09-Feb-17,13-Feb-17,123018131,220200300134,1,18.8,8.6
76234,GOLD,09-Feb-17,18-Feb-17,123018517,210200600122,1,70,30.45
82477,Gold,09-Feb-17,09-Feb-17,123016732,220200100224,1,144.9,72.55
83069,Silver,09-Feb-17,11-Feb-17,123016750,210200600055,1,85.5,36.7
84167,Silver,09-Feb-17,09-Feb-17,123016775,240600100203,1,38.7,15.85
84484,Silver,09-Feb-17,09-Feb-17,123018217,220100100565,1,39,19.6
85536,Gold,09-Feb-17,09-Feb-17,123018241,220101400112,1,40.9,18.6
86163,Silver,09-Feb-17,12-Feb-17,123016799,210200300056,1,36.8,18.5
87186,Gold,09-Feb-17,09-Feb-17,123018269,230100100013,2,226.2,58.9
90234,Gold,09-Feb-17,09-Feb-17,123017457,220101200019,1,47.4,20.55
93734,Gold,09-Feb-17,09-Feb-17,123015155,240200200068,2,597.6,151.55
93918,Gold,09-Feb-17,09-Feb-17,123016879,240100400022,1,187.3,87.35
47,Gold,10-Feb-17,10-Feb-17,123022865,220200100244,1,51.8,26
2434,SILVER,10-Feb-17,10-Feb-17,123021728,220100100302,1,59.5,29.85
2829,Silver,10-Feb-17,10-Feb-17,123020799,220101100024,1,19.7,8.25
3789,SILVER,10-Feb-17,10-Feb-17,123020336,240100100154,2,78.2,16.7
4856,GOLD,10-Feb-17,10-Feb-17,123022914,230100100037,2,95.8,21.4
5324,Silver,10-Feb-17,14-Feb-17,123024195,230100100036,2,68.6,15.95
5351,Silver,10-Feb-17,10-Feb-17,123023305,210201000196,1,47.1,21.05
7232,Gold,10-Feb-17,10-Feb-17,123020339,240600100042,2,39.4,8
8113,Gold,10-Feb-17,10-Feb-17,123024276,240700100007,1,22.85,9.3
8942,Gold,10-Feb-17,10-Feb-17,123022222,240100400021,1,91.6,45.75
9579,Gold,10-Feb-17,14-Feb-17,123022960,220100100374,1,11.6,5.85
19042,Silver,10-Feb-17,12-Feb-17,123022286,210201000130,1,29.6,13.2
19438,SILVER,10-Feb-17,10-Feb-17,123023020,220101400211,1,34.9,15.6
19617,Gold,10-Feb-17,10-Feb-17,123023814,220101400150,1,28.2,12.9
26128,Silver,10-Feb-17,11-Feb-17,123022327,240100400071,2,298.4,109.35
27258,SILVER,10-Feb-17,10-Feb-17,123021799,240200100040,1,21.6,10.9
27843,Silver,10-Feb-17,10-Feb-17,123024678,220101200015,1,23,9.95
28687,Gold,10-Feb-17,10-Feb-17,123024721,210200600070,1,7.5,3.15
35347,Silver,10-Feb-17,10-Feb-17,123022358,230100300028,1,38,17.7
35366,SILVER,10-Feb-17,10-Feb-17,123021168,240200100229,1,160.8,78.5
35506,GOLD,10-Feb-17,10-Feb-17,123021169,230100100002,2,401.4,85.35
36798,Silver,10-Feb-17,15-Feb-17,123023107,220100300029,2,379.4,80.9
36828,Silver,10-Feb-17,10-Feb-17,123024949,240700400036,1,6.2,2.75
39114,Silver,10-Feb-17,10-Feb-17,123023125,220101400113,1,37.8,17.2
40885,Silver,10-Feb-17,10-Feb-17,123025113,220100100123,1,55.1,27.65
41570,SILVER,10-Feb-17,11-Feb-17,123021260,230100700002,1,220,135
42092,Gold,10-Feb-17,10-Feb-17,123023159,240200100197,1,61,29.95
43052,Gold,10-Feb-17,16-Feb-17,123020403,240300300092,1,222.2,97.3
43746,SILVER,10-Feb-17,10-Feb-17,123021266,220101400114,1,63.1,28.7
44957,GOLD,10-Feb-17,16-Feb-17,123025182,230100500058,1,16.7,7.25
45316,SILVER,10-Feb-17,10-Feb-17,123022412,240500200074,1,22.6,9.45
46112,GOLD,10-Feb-17,10-Feb-17,123025201,220101200032,1,99.3,42.75
46959,GOLD,10-Feb-17,10-Feb-17,123025260,220100100365,1,128.1,64.15
48521,Silver,10-Feb-17,15-Feb-17,123024103,230100100036,2,68.6,15.95
49128,Silver,10-Feb-17,11-Feb-17,123023449,220100400003,1,161.8,81
49156,Silver,10-Feb-17,10-Feb-17,123021347,240800200062,2,70.8,16.15
50484,Silver,10-Feb-17,10-Feb-17,123021375,240100100365,1,191.6,87.4
51511,Gold,10-Feb-17,10-Feb-17,123021385,240500200044,1,59.4,24.75
53397,Silver,10-Feb-17,14-Feb-17,123025357,240800100049,2,592,123.2
55027,Silver,10-Feb-17,10-Feb-17,123020460,230100200020,3,556.2,92.8
55799,GOLD,10-Feb-17,10-Feb-17,123025427,240300200073,2,41.2,5.2
57195,Silver,10-Feb-17,10-Feb-17,123025462,240700100011,1,26.99,10.23
57934,Silver,10-Feb-17,10-Feb-17,123021485,240500200088,1,39.7,18.9
59233,GOLD,10-Feb-17,13-Feb-17,123022494,240100400079,1,230.3,102.45
59877,Silver,10-Feb-17,10-Feb-17,123023473,230100600015,1,78.2,39.2
60008,SILVER,10-Feb-17,10-Feb-17,123022501,220100700027,1,57.9,29.05
61340,Gold,10-Feb-17,21-Feb-17,123025531,220200200080,1,177.6,82.75
61452,GOLD,10-Feb-17,10-Feb-17,123020481,240400200035,2,121.2,27.5
62030,Gold,10-Feb-17,10-Feb-17,123023265,240100100424,1,26.3,9.1
63253,Gold,10-Feb-17,10-Feb-17,123025558,230100500101,1,138.7,62.5
63479,Platinum,10-Feb-17,10-Feb-17,123021558,240700400034,2,26.4,5.95
64148,SILVER,10-Feb-17,10-Feb-17,123023269,210200500016,1,52.5,22.25
64513,Gold,10-Feb-17,16-Feb-17,123024094,230100100031,2,920.8,209.35
71177,Gold,10-Feb-17,10-Feb-17,123023521,220100100038,1,19.7,9.95
73213,Silver,10-Feb-17,10-Feb-17,123023548,220101400060,1,32.1,14.7
73852,SILVER,10-Feb-17,14-Feb-17,123020572,240100100355,2,125,28.35
74041,Gold,10-Feb-17,10-Feb-17,123023952,210200700013,1,10.1,3.6
75792,Gold,10-Feb-17,10-Feb-17,123023973,240100100049,1,226,112.95
81039,SILVER,10-Feb-17,14-Feb-17,123021694,240500100039,1,34.5,15.4
81481,GOLD,10-Feb-17,11-Feb-17,123024012,230100500080,1,25,12.2
81660,Gold,10-Feb-17,14-Feb-17,123020663,220100300008,1,85.7,34.35
81846,Silver,10-Feb-17,10-Feb-17,123022690,240700400036,1,6.2,2.75
82081,Gold,10-Feb-17,10-Feb-17,123023656,240400200095,1,223.6,101.6
83492,Gold,10-Feb-17,10-Feb-17,123022082,220100100565,1,39,19.6
83757,Gold,10-Feb-17,10-Feb-17,123022108,220101200019,1,47.4,20.55
85283,Silver,10-Feb-17,10-Feb-17,123021702,240100100385,1,39.1,16.4
85624,Gold,10-Feb-17,10-Feb-17,123022119,220101300012,1,18.4,8.3
87340,GOLD,10-Feb-17,10-Feb-17,123023714,220200300054,1,65.2,29.7
88334,GOLD,10-Feb-17,10-Feb-17,123022131,220200300044,1,42,19.1
88787,Silver,10-Feb-17,15-Feb-17,123020713,220100100154,3,236.4,39.5
91394,Gold,10-Feb-17,10-Feb-17,123023744,240200100152,1,293.9,168.05
92116,Gold,10-Feb-17,10-Feb-17,123022835,220200100240,1,40,20.1
93750,Silver,10-Feb-17,10-Feb-17,123022856,240800200009,2,171.2,34.3
3079,Gold,11-Feb-17,11-Feb-17,123029594,230100500093,1,132.8,55.85
5622,Gold,11-Feb-17,11-Feb-17,123025630,220100100616,2,70.4,17.7
6063,Silver,11-Feb-17,11-Feb-17,123026969,240100100598,1,77.2,32.9
6436,Gold,11-Feb-17,11-Feb-17,123026973,240500100026,1,55.2,24.5
8623,Silver,11-Feb-17,11-Feb-17,123029867,220100100516,1,40.2,20.2
9065,Silver,11-Feb-17,11-Feb-17,123027465,240700400011,1,18,8.2
10249,Gold,11-Feb-17,11-Feb-17,123029895,230100500095,1,96.9,40
13693,Silver,11-Feb-17,11-Feb-17,123026196,240800200020,2,326.8,74.3
14263,Silver,11-Feb-17,11-Feb-17,123026208,240500100060,1,54.7,23.85
20025,Silver,11-Feb-17,11-Feb-17,123028299,210200400047,1,30.6,15.4
20302,GOLD,11-Feb-17,13-Feb-17,123026330,230100200034,1,215.5,97.85
22444,Silver,11-Feb-17,11-Feb-17,123028332,210200600106,1,49.8,21.85
22568,Silver,11-Feb-17,11-Feb-17,123027016,220101000002,1,17.7,8
24350,Silver,11-Feb-17,11-Feb-17,123028678,220101400406,1,105.7,52.8
26066,GOLD,11-Feb-17,11-Feb-17,123028381,240100200012,1,32.2,13.35
26074,Gold,11-Feb-17,11-Feb-17,123028383,220200200078,1,107.7,46.8
26616,Platinum,11-Feb-17,11-Feb-17,123030191,210200900016,1,13.9,6.55
29342,Gold,11-Feb-17,11-Feb-17,123030269,220200100056,1,143.7,71.95
29734,Silver,11-Feb-17,11-Feb-17,123027651,230100100048,2,245.2,52.8
32118,Gold,11-Feb-17,11-Feb-17,123026463,220200100247,1,47.5,23.85
35075,Silver,11-Feb-17,11-Feb-17,123030437,210201000051,1,41.8,19.05
35639,Gold,11-Feb-17,11-Feb-17,123026532,240300200032,1,40.3,18.4
37611,Silver,11-Feb-17,11-Feb-17,123026898,210200300063,1,71.7,35.95
39787,Silver,11-Feb-17,15-Feb-17,123025756,240100100552,3,507.6,71.95
39895,Silver,11-Feb-17,11-Feb-17,123030519,240600100189,1,58.6,24.8
45065,Gold,11-Feb-17,11-Feb-17,123030650,230100500081,1,73,30.35
46232,Gold,11-Feb-17,11-Feb-17,123026616,240800100011,5,683,58.8
52020,SILVER,11-Feb-17,11-Feb-17,123027143,240200200007,1,83.4,8.35
54294,Gold,11-Feb-17,13-Feb-17,123027728,240100100511,1,14.1,6.2
55896,GOLD,11-Feb-17,14-Feb-17,123030856,240800100077,2,953,206.15
56812,GOLD,11-Feb-17,11-Feb-17,123030886,240100400073,1,127.7,63.45
57515,Silver,11-Feb-17,11-Feb-17,123030938,240200100061,1,93.4,48.15
60127,GOLD,11-Feb-17,11-Feb-17,123031002,240400300026,1,92.7,40.3
62143,Silver,11-Feb-17,13-Feb-17,123026778,230100500085,1,237.6,97.9
62246,Silver,11-Feb-17,11-Feb-17,123031084,220100700039,1,55.1,27.65
63149,Gold,11-Feb-17,11-Feb-17,123027801,220100100419,1,49.5,24.85
63160,SILVER,11-Feb-17,11-Feb-17,123028552,240400300035,1,19.1,7.7
65206,Gold,11-Feb-17,11-Feb-17,123028567,240100400110,1,232.6,116.25
71264,Gold,11-Feb-17,11-Feb-17,123025851,230100700004,3,1080,199
71859,Gold,11-Feb-17,11-Feb-17,123027250,220100100240,1,39.6,19.9
72500,Silver,11-Feb-17,11-Feb-17,123028871,230100500097,1,24,11.7
74961,Gold,11-Feb-17,11-Feb-17,123028896,220200200047,1,135.8,68
77462,Gold,11-Feb-17,11-Feb-17,123027907,220200100014,1,68.6,33.25
78001,Gold,11-Feb-17,16-Feb-17,123028958,240300100006,4,65.6,7.95
78752,Gold,11-Feb-17,11-Feb-17,123027927,220100100585,1,40.7,20.45
82926,SILVER,11-Feb-17,11-Feb-17,123029417,220200100038,1,106.6,53.4
88376,Silver,11-Feb-17,11-Feb-17,123028101,240800200052,2,48.6,11.65
89710,GOLD,11-Feb-17,11-Feb-17,123028122,230100100037,4,191.6,21.4
89795,Silver,11-Feb-17,13-Feb-17,123026041,230100500008,3,114,16.8
90158,Gold,11-Feb-17,11-Feb-17,123027378,220200100117,1,187.9,94.05
90205,Gold,11-Feb-17,11-Feb-17,123028128,210200700002,1,12.1,5.45
92840,Silver,11-Feb-17,11-Feb-17,123027423,220100800071,1,29,13.9
93039,Gold,11-Feb-17,11-Feb-17,123029079,230100500006,1,8.4,3.45
1808,SILVER,12-Feb-17,12-Feb-17,123034005,240700400034,1,13.2,5.95
3632,Silver,12-Feb-17,12-Feb-17,123033563,240100400078,1,350.5,175.2
6202,Silver,12-Feb-17,12-Feb-17,123031660,220100500026,1,63,28.7
6391,Gold,12-Feb-17,12-Feb-17,123032512,210200100018,1,39.8,17.55
6793,GOLD,12-Feb-17,12-Feb-17,123031675,230100500083,1,51.8,25.85
8027,GOLD,12-Feb-17,15-Feb-17,123034797,230100500061,1,18.3,8.05
8046,Gold,12-Feb-17,21-Feb-17,123031695,230100600031,1,88.5,42.45
9993,Silver,12-Feb-17,13-Feb-17,123034801,230100200055,1,247.6,116
10693,Silver,12-Feb-17,12-Feb-17,123034460,220100100609,1,57.9,29.05
11621,Silver,12-Feb-17,12-Feb-17,123031795,220200300040,1,110.7,49.35
14608,GOLD,12-Feb-17,12-Feb-17,123032539,240600100138,1,26.7,12.65
17658,Silver,12-Feb-17,12-Feb-17,123034076,220100300028,2,238.6,57.35
18013,Gold,12-Feb-17,12-Feb-17,123032387,220200200009,1,59,26.85
19952,Silver,12-Feb-17,17-Feb-17,123035344,240500200098,1,44,20.95
28682,SILVER,12-Feb-17,12-Feb-17,123032601,240600100102,1,44.9,19.25
29113,Gold,12-Feb-17,12-Feb-17,123034115,220101300023,1,50.2,23.8
29225,Gold,12-Feb-17,12-Feb-17,123033727,220200100010,1,177.8,89
29828,Silver,12-Feb-17,12-Feb-17,123034132,230100500056,1,8,3.5
31549,Silver,12-Feb-17,12-Feb-17,123033752,240100100511,1,14.1,6.2
33507,Silver,12-Feb-17,12-Feb-17,123033762,230100500096,1,35.5,17.25
33976,Silver,12-Feb-17,12-Feb-17,123031237,240100400071,2,298.4,109.35
36459,SILVER,12-Feb-17,12-Feb-17,123031238,240400300026,2,185.4,40.3
38826,SILVER,12-Feb-17,14-Feb-17,123033807,220100300027,3,635.1,88.3
40465,GOLD,12-Feb-17,12-Feb-17,123031246,230100500094,5,433,34.1
40899,Gold,12-Feb-17,15-Feb-17,123035790,240500100020,1,51.6,22.9
41065,GOLD,12-Feb-17,12-Feb-17,123034176,240600100066,1,18.3,7.4
42692,Silver,12-Feb-17,12-Feb-17,123031259,240200100191,3,1459.2,243.3
44608,SILVER,12-Feb-17,12-Feb-17,123033852,240200100007,1,24.7,11.8
44806,Gold,12-Feb-17,13-Feb-17,123035965,240800100025,2,498,113.55
46058,Gold,12-Feb-17,17-Feb-17,123032148,230100500061,1,18.3,8.05
47435,SILVER,12-Feb-17,12-Feb-17,123032174,230100500018,1,1.4,0.6
50323,Gold,12-Feb-17,12-Feb-17,123033892,210201000006,1,23.4,10.5
50888,Silver,12-Feb-17,12-Feb-17,123032203,220101400079,2,46,10.55
55432,SILVER,12-Feb-17,12-Feb-17,123033955,240100200008,1,30,12.45
56517,GOLD,12-Feb-17,12-Feb-17,123032271,220101400413,2,38.6,9.6
57837,Gold,12-Feb-17,18-Feb-17,123034819,230100100015,2,213.8,45.5
58084,GOLD,12-Feb-17,15-Feb-17,123036412,240500200089,1,17.9,8.5
58817,Gold,12-Feb-17,12-Feb-17,123033962,230100100016,2,337.2,71.75
61968,Platinum,12-Feb-17,18-Feb-17,123036531,210200400012,1,33.4,16.8
62078,Silver,12-Feb-17,12-Feb-17,123032328,240700100006,1,23.5,9.5
63639,Silver,12-Feb-17,18-Feb-17,123036636,240800100077,5,2382.5,206.15
64057,Gold,12-Feb-17,12-Feb-17,123034225,240800100086,7,1915.2,109.5
64887,Silver,12-Feb-17,15-Feb-17,123033299,210201000083,1,23,10.55
65040,Gold,12-Feb-17,12-Feb-17,123032347,240600100080,1,28.3,8.55
70326,Gold,12-Feb-17,12-Feb-17,123033310,220100800098,1,47.7,22.75
70509,GOLD,12-Feb-17,12-Feb-17,123032403,230100100034,2,155.4,32.25
70965,Silver,12-Feb-17,12-Feb-17,123031317,240200100153,2,56,12.55
71292,Gold,12-Feb-17,16-Feb-17,123032762,230100600028,1,96.7,48.45
78285,GOLD,12-Feb-17,12-Feb-17,123033373,220100100273,1,38.8,19.5
78733,SILVER,12-Feb-17,12-Feb-17,123032876,240600100080,1,28.3,8.55
79264,Gold,12-Feb-17,12-Feb-17,123031386,240600100174,3,68.4,9.4
80002,Silver,12-Feb-17,12-Feb-17,123033397,240500200090,1,16.1,7.75
80876,Gold,12-Feb-17,12-Feb-17,123033421,220101400002,1,104.1,47.4
81478,Gold,12-Feb-17,14-Feb-17,123033427,240100100581,1,27.5,11.35
82412,Gold,12-Feb-17,12-Feb-17,123032914,240600100058,1,25.3,11.5
83873,Gold,12-Feb-17,12-Feb-17,123034326,210201000087,1,20,9.15
84024,GOLD,12-Feb-17,14-Feb-17,123032941,240600100200,2,35.8,7.65
84932,Silver,12-Feb-17,12-Feb-17,123033452,240800100062,2,750.6,150.2
85140,SILVER,12-Feb-17,17-Feb-17,123034350,220200100160,2,69.8,17.55
85280,Silver,12-Feb-17,12-Feb-17,123031485,220100100278,2,46,11.6
85872,Silver,12-Feb-17,12-Feb-17,123033460,220200300158,1,87.3,40.7
87065,Gold,12-Feb-17,12-Feb-17,123031532,230100600016,2,154,38.6
88451,Gold,12-Feb-17,12-Feb-17,123032968,220200300042,1,36,16.4
89347,Gold,12-Feb-17,12-Feb-17,123031555,220101400262,2,189.8,43.25
89401,Silver,12-Feb-17,12-Feb-17,123033490,240100100477,1,8.5,3.3
91663,Silver,12-Feb-17,12-Feb-17,123034738,220200300101,2,260.8,58.05
91740,Gold,12-Feb-17,12-Feb-17,123034761,220100100594,1,112,56.1
92901,Platinum,12-Feb-17,12-Feb-17,123034791,220101100022,1,21.5,8.95
93453,Gold,12-Feb-17,13-Feb-17,123031584,240500200113,2,84.4,20.05
93910,Silver,12-Feb-17,12-Feb-17,123033535,220101500015,1,236.375,94.55
1222,Gold,13-Feb-17,13-Feb-17,123039732,240100400081,1,120.1,56.45
1444,Silver,13-Feb-17,17-Feb-17,123040210,240300100026,1,150.9,75.2
2148,Silver,13-Feb-17,13-Feb-17,123041124,240100400037,1,231,113.65
2287,Silver,13-Feb-17,13-Feb-17,123038846,220200100240,1,40,20.1
2598,Gold,13-Feb-17,16-Feb-17,123036725,220100100258,3,169.2,28.3
2854,Platinum,13-Feb-17,13-Feb-17,123041152,210200600128,1,17.9,7.85
5990,GOLD,13-Feb-17,13-Feb-17,123039775,240100100332,1,32.8,14
6233,SILVER,13-Feb-17,13-Feb-17,123040683,230100100043,2,164,32.9
6363,Silver,13-Feb-17,13-Feb-17,123041276,240100400074,1,159.3,116.75
6841,Gold,13-Feb-17,13-Feb-17,123038866,240700100011,1,26.99,10.23
9968,Silver,13-Feb-17,13-Feb-17,123038298,240200200083,1,114.1,45.75
10450,Gold,13-Feb-17,23-Feb-17,123041359,220100100108,1,114.2,57.2
10630,SILVER,13-Feb-17,17-Feb-17,123041378,240800200020,2,326.8,74.3
10977,Silver,13-Feb-17,13-Feb-17,123039836,240100100624,1,54.1,25.95
12850,GOLD,13-Feb-17,13-Feb-17,123040262,230100100034,2,155.4,32.25
13217,Silver,13-Feb-17,13-Feb-17,123041460,220100100424,1,19.2,9.7
14320,Silver,13-Feb-17,13-Feb-17,123039870,230100600006,1,14,6.5
15211,Gold,13-Feb-17,13-Feb-17,123038317,210200300118,1,38.6,19.25
15395,GOLD,13-Feb-17,14-Feb-17,123039886,220101400386,1,166.1,75.9
16902,Gold,13-Feb-17,13-Feb-17,123037415,220101400058,1,55.2,25.2
16905,Gold,13-Feb-17,19-Feb-17,123040717,230100100014,2,640.8,145
16942,Silver,13-Feb-17,13-Feb-17,123040721,220101300003,1,40.1,17.85
17291,Silver,13-Feb-17,13-Feb-17,123037420,240100200004,1,35.2,14.8
18601,Silver,13-Feb-17,13-Feb-17,123041644,220100100198,1,153.6,76.9
18739,Gold,13-Feb-17,13-Feb-17,123041651,220100100233,1,83.5,41.85
21553,SILVER,13-Feb-17,13-Feb-17,123040742,220100100516,1,40.2,20.2
21918,Gold,13-Feb-17,13-Feb-17,123037474,220200100120,1,65.7,32.95
23472,Gold,13-Feb-17,13-Feb-17,123036795,230100100045,1,124.8,53.6
23842,SILVER,13-Feb-17,13-Feb-17,123037479,240800100019,7,224.7,18.7
24113,Silver,13-Feb-17,13-Feb-17,123040287,230100500082,1,126.1,58.6
24349,Gold,13-Feb-17,14-Feb-17,123038360,240200200020,1,138.9,13
25153,GOLD,13-Feb-17,13-Feb-17,123037510,240400200095,1,223.6,101.6
25683,GOLD,13-Feb-17,13-Feb-17,123041888,230100600022,1,84.1,42.15
26632,Silver,13-Feb-17,13-Feb-17,123036835,240100400129,2,474.8,111
27892,GOLD,13-Feb-17,13-Feb-17,123036859,240100200012,1,32.2,13.35
29122,Gold,13-Feb-17,13-Feb-17,123037552,220200200022,1,57.3,33.9
32306,Gold,13-Feb-17,17-Feb-17,123040328,220101400083,1,50.7,23.1
33619,Gold,13-Feb-17,13-Feb-17,123037608,240100100332,1,32.8,14
34292,Gold,13-Feb-17,13-Feb-17,123042131,230100200040,1,95.9,48.05
34829,Gold,13-Feb-17,13-Feb-17,123037623,240700400027,1,69.6,36.35
35323,Gold,13-Feb-17,13-Feb-17,123042165,240500200111,1,36.7,15.4
36133,Silver,13-Feb-17,17-Feb-17,123039976,220100300002,2,155,32.25
37670,Gold,13-Feb-17,13-Feb-17,123036892,220100100576,2,107,26.85
41908,Platinum,13-Feb-17,13-Feb-17,123042226,220101400112,1,40.9,18.6
43419,Gold,13-Feb-17,17-Feb-17,123042285,240800200063,2,73.8,16.85
45198,Silver,13-Feb-17,13-Feb-17,123037772,230100100013,4,452.4,58.9
45308,GOLD,13-Feb-17,13-Feb-17,123040372,220100100565,1,39,19.6
45428,Gold,13-Feb-17,13-Feb-17,123037775,240400200003,1,6.2,3
46106,Gold,13-Feb-17,13-Feb-17,123042369,210200100001,1,12.8,5.65
48309,Silver,13-Feb-17,13-Feb-17,123036956,240100100602,3,69.6,9.9
49462,Gold,13-Feb-17,13-Feb-17,123037842,220200100044,2,204.4,51.2
51484,Gold,13-Feb-17,13-Feb-17,123040427,230100600015,1,78.2,39.2
52478,Gold,13-Feb-17,13-Feb-17,123037881,240500200121,1,25.4,12.1
53017,Silver,13-Feb-17,13-Feb-17,123037896,230100100051,2,369.8,78.15
53461,Gold,13-Feb-17,18-Feb-17,123042659,240800100047,2,711.4,148.05
53913,Silver,13-Feb-17,20-Feb-17,123042704,240200100061,1,93.4,48.15
58038,Silver,13-Feb-17,13-Feb-17,123040148,240200100220,1,85.3,42.75
58395,PLATINUM,13-Feb-17,13-Feb-17,123038512,220100100103,1,11.1,5.65
59525,Gold,13-Feb-17,13-Feb-17,123040837,240600100137,1,22.4,9.3
59928,GOLD,13-Feb-17,13-Feb-17,123038513,220200100211,1,103.5,51.85
60656,Silver,13-Feb-17,19-Feb-17,123038004,230100200006,1,93.1,46.65
60715,Silver,13-Feb-17,13-Feb-17,123040434,230100300012,1,72.6,29.1
61208,Silver,13-Feb-17,13-Feb-17,123038025,230100100012,2,358.6,82
62234,Gold,13-Feb-17,16-Feb-17,123040439,220200100222,1,109,60.05
62773,GOLD,13-Feb-17,16-Feb-17,123040179,210200900049,1,39.7,17.95
63599,Silver,13-Feb-17,13-Feb-17,123039311,210201000034,1,22.3,10
64202,SILVER,13-Feb-17,13-Feb-17,123042918,230100500094,1,86.6,34.1
71964,Silver,13-Feb-17,13-Feb-17,123038574,220200200021,1,64,37.85
72447,SILVER,13-Feb-17,16-Feb-17,123040480,240300100021,1,20.4,9.3
73852,SILVER,13-Feb-17,13-Feb-17,123037016,230100700004,5,1800,199
74960,SILVER,13-Feb-17,13-Feb-17,123040936,210201000179,2,67,15.25
79301,Silver,13-Feb-17,13-Feb-17,123037088,230100600006,2,28,6.5
79434,Gold,13-Feb-17,13-Feb-17,123038191,220200100098,1,120.7,66.5
82659,SILVER,13-Feb-17,13-Feb-17,123039485,240100400100,1,154.6,116.6
83442,Silver,13-Feb-17,13-Feb-17,123039496,220200100160,1,34.9,17.55
83500,Gold,13-Feb-17,17-Feb-17,123040564,220100300038,3,423.6,57.95
84290,Gold,13-Feb-17,13-Feb-17,123038734,240200100036,1,14.7,5.7
88544,Gold,13-Feb-17,13-Feb-17,123038766,220200300003,4,134.8,15.45
89275,Silver,13-Feb-17,13-Feb-17,123038784,240800200020,5,817,74.3
89301,Platinum,13-Feb-17,13-Feb-17,123039631,210201000004,1,33.9,14.75
90573,Silver,13-Feb-17,13-Feb-17,123040629,210200100005,1,13,5.75
90728,Gold,13-Feb-17,13-Feb-17,123040633,220200100173,1,108.9,54.55
92901,GOLD,13-Feb-17,22-Feb-17,123041103,210201000159,1,56.8,25.95
93198,GOLD,13-Feb-17,18-Feb-17,123038827,240600100028,1,18.6,7.5
161,SILVER,14-Feb-17,19-Feb-17,123047694,240100100161,1,116.6,57.9
341,SILVER,14-Feb-17,15-Feb-17,123047377,220200100060,1,55.4,29.35
691,Silver,14-Feb-17,14-Feb-17,123043517,240100100690,1,201.5,86.1
722,Silver,14-Feb-17,18-Feb-17,123047683,230100300026,1,56,23.35
1460,Gold,14-Feb-17,14-Feb-17,123047748,230100100005,2,313.8,66.75
4188,Silver,14-Feb-17,14-Feb-17,123047835,230100100013,2,226.2,58.9
4299,Silver,14-Feb-17,14-Feb-17,123043538,240100100053,1,22.8,11.45
5242,SILVER,14-Feb-17,14-Feb-17,123047419,220200300112,1,5.7,2.6
5553,Silver,14-Feb-17,14-Feb-17,123047921,240700200019,2,33.8,8.6
6185,Silver,14-Feb-17,14-Feb-17,123043590,230100300014,1,39.9,16.7
6738,Gold,14-Feb-17,14-Feb-17,123047962,240600100080,1,28.3,8.55
6958,Silver,14-Feb-17,16-Feb-17,123043597,220200300005,1,115,52.35
8060,Silver,14-Feb-17,14-Feb-17,123048008,220100300018,3,76.8,12.1
9252,SILVER,14-Feb-17,17-Feb-17,123043664,220200200014,1,90,40.9
10031,Gold,14-Feb-17,06-Mar-17,123048105,230100200029,1,196.8,89.55
10901,GOLD,14-Feb-17,14-Feb-17,123046307,220200200067,1,80.8,35.15
11538,Silver,14-Feb-17,14-Feb-17,123043675,220100300001,2,180.4,38.3
12135,Gold,14-Feb-17,14-Feb-17,123048187,220100100205,1,68,34.1
13956,GOLD,14-Feb-17,14-Feb-17,123046341,220200100240,1,40,20.1
14140,Gold,14-Feb-17,14-Feb-17,123046346,240100100718,1,65.1,28.75
15069,Gold,14-Feb-17,24-Feb-17,123044563,220200100100,1,85.3,42.75
16496,Silver,14-Feb-17,14-Feb-17,123048283,220100100616,1,35.2,17.7
16508,Silver,14-Feb-17,14-Feb-17,123042989,230100500080,2,50,12.2
16539,Silver,14-Feb-17,14-Feb-17,123045500,240800200018,5,197,16.35
20030,Silver,14-Feb-17,14-Feb-17,123046403,240100200002,1,15.3,6.05
23850,Gold,14-Feb-17,14-Feb-17,123043869,240700200007,1,5.1,2.2
24111,Gold,14-Feb-17,14-Feb-17,123045577,220200100230,1,111.7,55.95
24124,Silver,14-Feb-17,19-Feb-17,123047474,230100100048,2,245.2,52.8
24969,Silver,14-Feb-17,14-Feb-17,123048514,220200100241,1,35.4,17.8
24970,Silver,14-Feb-17,14-Feb-17,123046426,240100200008,1,30,12.45
25507,Gold,14-Feb-17,14-Feb-17,123043916,220101200028,1,50.6,21.9
27028,Gold,14-Feb-17,14-Feb-17,123048591,220200100137,1,50.3,25.25
27161,Silver,14-Feb-17,14-Feb-17,123046446,240400200097,1,416.8,124.2
28212,Silver,14-Feb-17,14-Feb-17,123043955,240800100074,2,633.2,126.7
29131,Silver,14-Feb-17,14-Feb-17,123047482,220200100198,1,101.6,50.9
30959,Silver,14-Feb-17,14-Feb-17,123043999,240600100030,1,14.9,6.05
31018,SILVER,14-Feb-17,14-Feb-17,123045634,240800100074,2,633.2,126.7
32109,Gold,14-Feb-17,16-Feb-17,123048705,240500200113,1,42.2,20.05
32188,GOLD,14-Feb-17,14-Feb-17,123044025,220200200019,1,190.4,86.5
33078,Gold,14-Feb-17,17-Feb-17,123046493,220101400092,1,57.7,25.7
35905,Gold,14-Feb-17,14-Feb-17,123046504,240100100374,1,9.4,4
36626,GOLD,14-Feb-17,14-Feb-17,123048760,220200100198,1,101.6,50.9
43643,Silver,14-Feb-17,14-Feb-17,123046576,240200100225,1,147.2,74.9
43672,Silver,14-Feb-17,14-Feb-17,123044138,240100300001,1,35.5,17.9
43794,Gold,14-Feb-17,14-Feb-17,123043133,230100500055,3,76.5,10.75
45444,Gold,14-Feb-17,14-Feb-17,123044583,230100600033,1,85.1,40.65
46210,Silver,14-Feb-17,14-Feb-17,123044919,240200200042,1,50.6,20.3
46435,PLATINUM,14-Feb-17,19-Feb-17,123049117,240100400136,1,90.9,45.4
47499,Silver,14-Feb-17,14-Feb-17,123049147,240300300104,1,55,23.45
47563,Gold,14-Feb-17,14-Feb-17,123049154,240100300006,1,51.5,22.8
51475,Silver,14-Feb-17,14-Feb-17,123049336,240700200024,1,16,6.35
51871,Gold,14-Feb-17,15-Feb-17,123046979,240200100066,1,288.8,140.55
53656,Silver,14-Feb-17,14-Feb-17,123043163,220100900010,2,184.2,36.9
53889,Silver,14-Feb-17,16-Feb-17,123044939,220101400171,1,34.7,15.8
54475,Silver,14-Feb-17,17-Feb-17,123045695,210200200013,1,22.2,9.65
54681,Silver,14-Feb-17,14-Feb-17,123047003,220100300020,5,56.5,4.55
58170,Silver,14-Feb-17,14-Feb-17,123049490,220100700031,1,119.4,56.95
58648,Gold,14-Feb-17,22-Feb-17,123049524,220200100099,1,157.8,79
59579,PLATINUM,14-Feb-17,14-Feb-17,123044453,230100100013,2,226.2,58.9
59620,Silver,14-Feb-17,14-Feb-17,123045030,220200100117,1,187.9,94.05
59763,Silver,14-Feb-17,14-Feb-17,123046717,230100500096,1,35.5,17.25
60605,Gold,14-Feb-17,14-Feb-17,123045808,220100300020,2,22.6,4.55
61520,Gold,14-Feb-17,14-Feb-17,123044496,220100100203,1,85,42.6
63622,Gold,14-Feb-17,14-Feb-17,123049691,220101100034,1,11.8,5
70090,Gold,14-Feb-17,19-Feb-17,123047547,220200100126,1,33.4,16.8
73351,Silver,14-Feb-17,14-Feb-17,123043222,240100200013,1,61.9,25.45
73896,SILVER,14-Feb-17,14-Feb-17,123047115,220200100212,1,103.5,51.85
73957,GOLD,14-Feb-17,17-Feb-17,123043227,240100100390,2,28,5.8
74244,Silver,14-Feb-17,14-Feb-17,123043245,210201000044,2,29.4,6.75
77522,Silver,14-Feb-17,15-Feb-17,123047150,220100800066,1,46.2,22
78409,Silver,14-Feb-17,16-Feb-17,123047161,220200300005,1,115,52.35
79575,SILVER,14-Feb-17,14-Feb-17,123047180,220101400375,1,82.6,37.7
79696,Gold,14-Feb-17,18-Feb-17,123047186,220100100288,1,89.6,44.9
80614,Gold,14-Feb-17,14-Feb-17,123046003,220200100222,1,109,60.05
81816,Gold,14-Feb-17,14-Feb-17,123047609,220101400128,1,39.2,17.9
82076,Gold,14-Feb-17,14-Feb-17,123043352,220100100320,2,132.2,31.45
84239,Gold,14-Feb-17,14-Feb-17,123046053,210201000202,1,33.4,16.8
85404,Silver,14-Feb-17,14-Feb-17,123045297,220200100212,1,103.5,51.85
86691,Silver,14-Feb-17,14-Feb-17,123045312,220200100161,1,40.8,20.5
87925,Silver,14-Feb-17,14-Feb-17,123046114,220100500010,1,93,41
88095,Gold,14-Feb-17,19-Feb-17,123043439,220101300006,2,54.6,12.25
88262,Silver,14-Feb-17,16-Feb-17,123043449,220100100541,2,85.6,21.5
89875,Gold,14-Feb-17,14-Feb-17,123047290,220101400203,1,38.5,17.15
92390,GOLD,14-Feb-17,17-Feb-17,123043497,240200100165,1,52.9,25.2
3846,Gold,15-Feb-17,15-Feb-17,123052091,220200100038,1,106.6,53.4
4923,Silver,15-Feb-17,15-Feb-17,123052102,220100100339,1,12.6,6.35
12319,Silver,15-Feb-17,15-Feb-17,123051391,220100100400,1,105.3,50.15
13391,Silver,15-Feb-17,15-Feb-17,123050145,220200100213,1,116.3,56.3
17079,Silver,15-Feb-17,15-Feb-17,123052437,220200200018,1,66.4,30.25
17288,SILVER,15-Feb-17,15-Feb-17,123052446,210200500006,1,24,11.95
17485,Silver,15-Feb-17,15-Feb-17,123050937,220100300002,3,232.5,32.25
20112,Gold,15-Feb-17,15-Feb-17,123052547,210200600052,1,33.2,14
20132,Silver,15-Feb-17,15-Feb-17,123049785,240700400013,2,136.4,35.55
20669,Silver,15-Feb-17,15-Feb-17,123051434,230100100045,6,748.8,53.6
23198,Gold,15-Feb-17,20-Feb-17,123052626,240100100452,2,79,19.25
25623,Gold,15-Feb-17,15-Feb-17,123052632,240700300002,1,21.99,7.25
29064,Gold,15-Feb-17,15-Feb-17,123051462,220100100214,1,90.6,45.4
29348,Silver,15-Feb-17,19-Feb-17,123050233,240400300035,1,19.1,7.7
30403,Silver,15-Feb-17,17-Feb-17,123052693,210201000046,2,37.4,8.55
30701,Gold,15-Feb-17,16-Feb-17,123049803,210200400067,2,89.4,22.45
31145,Silver,15-Feb-17,15-Feb-17,123051466,220101500016,1,208.375,83.35
35877,Gold,15-Feb-17,15-Feb-17,123052777,220100100530,1,52.2,26.2
38036,Gold,15-Feb-17,16-Feb-17,123052803,240800200057,2,76.6,17.35
39239,Silver,15-Feb-17,17-Feb-17,123052906,240500200016,1,31.7,14.5
40131,GOLD,15-Feb-17,15-Feb-17,123052928,210200600045,1,61.1,26.35
40306,Silver,15-Feb-17,15-Feb-17,123050286,210201000175,1,39.7,18.1
41372,Silver,15-Feb-17,15-Feb-17,123050992,210201000001,1,18.3,8.55
47090,Silver,15-Feb-17,15-Feb-17,123053144,230100600018,1,64.2,32.2
47389,Silver,15-Feb-17,16-Feb-17,123051014,210201100001,1,32,14
48278,Silver,15-Feb-17,15-Feb-17,123051022,240100100605,1,48.2,20.75
52593,Silver,15-Feb-17,16-Feb-17,123050361,220200100092,1,83,41.6
52960,Silver,15-Feb-17,21-Feb-17,123051041,210200100007,1,23,10.3
53629,GOLD,15-Feb-17,15-Feb-17,123051042,220101400115,1,28.8,12.9
54753,Silver,15-Feb-17,15-Feb-17,123049844,240500200039,3,80.7,12.2
56812,Silver,15-Feb-17,15-Feb-17,123053478,220100100218,1,36.7,18.45
63356,Gold,15-Feb-17,15-Feb-17,123049884,240700400027,2,139.2,36.35
65359,Silver,15-Feb-17,15-Feb-17,123051089,210200300125,1,42.6,21.4
72068,Silver,15-Feb-17,15-Feb-17,123051873,220101400105,1,51.7,23.6
73959,Silver,15-Feb-17,15-Feb-17,123051888,230100100049,2,115.8,24.4
74228,Gold,15-Feb-17,15-Feb-17,123049921,220101200032,3,297.9,42.75
75723,Silver,15-Feb-17,15-Feb-17,123051122,240100400015,1,277.7,135.4
81638,GOLD,15-Feb-17,17-Feb-17,123051910,230100100034,2,155.4,32.25
81761,Gold,15-Feb-17,15-Feb-17,123051201,210201000030,1,22.3,10.25
86852,Gold,15-Feb-17,15-Feb-17,123051654,240800200015,2,254.6,63.6
87307,Silver,15-Feb-17,15-Feb-17,123051966,210201000197,1,41.7,18.55
89975,Gold,15-Feb-17,15-Feb-17,123051684,230100200024,1,251.6,114.4
91573,Silver,15-Feb-17,15-Feb-17,123051337,220200100167,1,56.5,28.35
92887,SILVER,15-Feb-17,17-Feb-17,123051695,220200100050,1,75.7,37.95
2359,Silver,16-Feb-17,16-Feb-17,123055101,220100700010,1,53.9,25.7
5351,Silver,16-Feb-17,16-Feb-17,123056856,230100700002,1,220,135
6509,Silver,16-Feb-17,16-Feb-17,123057332,210201000086,1,17.1,7.65
8615,Silver,16-Feb-17,16-Feb-17,123054295,240200100173,1,479.6,245.25
9659,GOLD,16-Feb-17,16-Feb-17,123056474,240700300002,1,21.99,7.25
11569,SILVER,16-Feb-17,16-Feb-17,123054309,220100700009,1,100.1,47.65
12875,Gold,16-Feb-17,16-Feb-17,123056515,240100200004,1,35.2,14.8
12975,Silver,16-Feb-17,21-Feb-17,123055165,230100200022,1,106.5,50.65
14988,Gold,16-Feb-17,16-Feb-17,123055762,240600100159,1,44.3,19.05
15877,Gold,16-Feb-17,16-Feb-17,123056916,220200200073,1,140.3,63.8
15931,Silver,16-Feb-17,16-Feb-17,123056560,210200500006,1,24,11.95
16366,GOLD,16-Feb-17,16-Feb-17,123055210,220200100225,2,128.2,30.2
16674,Silver,16-Feb-17,16-Feb-17,123055227,230100700009,1,540.7,276
17196,Silver,16-Feb-17,16-Feb-17,123054420,240100200012,1,32.2,13.35
18203,Silver,16-Feb-17,16-Feb-17,123056571,240500200056,1,24.1,11.55
19611,Gold,16-Feb-17,16-Feb-17,123053805,240200100228,2,303.2,71.1
22228,Silver,16-Feb-17,16-Feb-17,123054476,230100600015,1,78.2,39.2
22900,Gold,16-Feb-17,16-Feb-17,123056600,220200200018,1,66.4,30.25
23740,Silver,16-Feb-17,16-Feb-17,123056942,240600100080,1,28.3,8.55
24594,Silver,16-Feb-17,21-Feb-17,123054494,240400300009,1,62.1,25.8
29841,Silver,16-Feb-17,16-Feb-17,123053825,240100100390,2,28,5.8
30176,Gold,16-Feb-17,16-Feb-17,123054547,240400200095,1,223.6,101.6
33280,Silver,16-Feb-17,16-Feb-17,123056644,240100100070,1,42.2,19.8
34972,Silver,16-Feb-17,16-Feb-17,123053847,240600100195,2,54,11.55
35173,Silver,16-Feb-17,18-Feb-17,123054613,220100100038,1,19.7,9.95
36815,Silver,16-Feb-17,16-Feb-17,123055908,230100500093,1,132.8,55.85
38990,GOLD,16-Feb-17,16-Feb-17,123057035,230100300024,1,43.8,20.4
39025,Silver,16-Feb-17,18-Feb-17,123055929,210200300073,1,13.7,6.9
39103,GOLD,16-Feb-17,16-Feb-17,123055938,210201000126,1,6.5,2.3
40686,Silver,16-Feb-17,21-Feb-17,123056679,220100500026,1,63,28.7
42715,Silver,16-Feb-17,16-Feb-17,123054673,240100100159,1,30.8,13.7
44864,Silver,16-Feb-17,16-Feb-17,123057432,220200100153,1,48.2,24.2
45088,Gold,16-Feb-17,16-Feb-17,123054707,240400300008,1,39.3,16.35
47324,Silver,16-Feb-17,16-Feb-17,123054753,240100100665,1,41.5,17.25
48459,Silver,16-Feb-17,16-Feb-17,123057451,240500200073,1,49.5,20.65
48509,Gold,16-Feb-17,18-Feb-17,123054755,220200100029,1,104.3,52.25
49022,Gold,16-Feb-17,16-Feb-17,123056721,240200100047,1,14.8,7.5
49770,Silver,16-Feb-17,17-Feb-17,123056732,220100100553,1,35,17.6
52183,Silver,16-Feb-17,16-Feb-17,123056044,220200200027,1,98.8,42.95
52339,Silver,16-Feb-17,16-Feb-17,123056756,240300300100,5,523.5,43.9
53635,Gold,16-Feb-17,16-Feb-17,123055325,240100100053,1,22.8,11.45
54014,Silver,16-Feb-17,20-Feb-17,123056773,220200100069,1,76.7,38.45
55191,Silver,16-Feb-17,16-Feb-17,123056067,220200100179,1,134.5,67.35
55464,Gold,16-Feb-17,19-Feb-17,123056782,220100100513,1,63.9,32.05
55721,Gold,16-Feb-17,16-Feb-17,123057139,230100200052,1,121.7,56.6
58084,Gold,16-Feb-17,19-Feb-17,123059317,240600100165,1,22.8,9.75
62864,Gold,16-Feb-17,16-Feb-17,123056091,230100100005,2,313.8,66.75
63437,Gold,16-Feb-17,18-Feb-17,123057673,230100600015,1,78.2,39.2
63534,Silver,16-Feb-17,20-Feb-17,123054930,220101400346,1,34.5,17.2
63861,PLATINUM,16-Feb-17,16-Feb-17,123054946,230100100040,4,682.4,70.95
64286,Silver,16-Feb-17,16-Feb-17,123054992,240100400126,1,163.7,81.8
65727,Gold,16-Feb-17,16-Feb-17,123056841,230100200006,1,93.1,46.65
71575,Gold,16-Feb-17,16-Feb-17,123053982,230100700002,2,440,135
75048,Silver,16-Feb-17,16-Feb-17,123056198,240300100028,1,469.4,221.25
76061,PLATINUM,16-Feb-17,16-Feb-17,123056200,210200600026,1,33.3,13.95
77886,GOLD,16-Feb-17,19-Feb-17,123056202,210200600120,1,27.8,12.05
78263,Silver,16-Feb-17,17-Feb-17,123057563,230100100063,2,689.6,158.1
78276,Gold,16-Feb-17,16-Feb-17,123055017,210200400096,1,47.2,23.7
79454,GOLD,16-Feb-17,16-Feb-17,123056229,220200100072,1,100.4,50.3
81860,Silver,16-Feb-17,16-Feb-17,123056271,220200100081,1,114.7,57.45
82107,Silver,16-Feb-17,16-Feb-17,123057606,240500200045,1,30.6,12.8
82829,Silver,16-Feb-17,16-Feb-17,123057609,240100400043,1,266,131.5
85755,Gold,16-Feb-17,20-Feb-17,123056329,240100300006,1,51.5,22.8
87476,Silver,16-Feb-17,16-Feb-17,123054145,220100100354,2,34,8.45
90428,Silver,16-Feb-17,20-Feb-17,123054172,210201000001,2,36.6,8.55
91848,Silver,16-Feb-17,16-Feb-17,123057268,220101400123,1,43.1,19.3
92458,Silver,16-Feb-17,16-Feb-17,123057662,220101400135,1,23.5,10.75
94191,Gold,16-Feb-17,16-Feb-17,123056439,220200100092,1,83,41.6
134,SILVER,17-Feb-17,17-Feb-17,123063266,230100300011,1,49.3,19.8
2276,GOLD,17-Feb-17,17-Feb-17,123059511,240200100053,3,256.8,44.15
3330,Gold,17-Feb-17,17-Feb-17,123060738,240800100067,7,1914.5,116.6
4285,Gold,17-Feb-17,17-Feb-17,123062685,230100500013,1,9.4,4.75
8044,Silver,17-Feb-17,17-Feb-17,123063812,240700100006,1,23.5,9.5
8161,Silver,17-Feb-17,17-Feb-17,123063823,240700200005,2,12,2.85
8721,Gold,17-Feb-17,22-Feb-17,123063827,230100200066,1,12.9,5.45
9177,Gold,17-Feb-17,17-Feb-17,123062703,220101400093,1,40.3,18.35
9533,Gold,17-Feb-17,21-Feb-17,123059520,240100100140,2,46,9.25
9668,Silver,17-Feb-17,17-Feb-17,123062331,220200200020,1,163.5,74.3
11769,Silver,17-Feb-17,22-Feb-17,123062365,220101400093,1,40.3,18.35
11867,Silver,17-Feb-17,20-Feb-17,123060054,220200200071,1,95.4,41.45
14237,Silver,17-Feb-17,17-Feb-17,123064017,220100100483,1,32.2,19.4
15495,GOLD,17-Feb-17,17-Feb-17,123059573,240100100065,2,69.4,13.8
16665,Gold,17-Feb-17,17-Feb-17,123064095,210200100007,1,23,10.3
18335,GOLD,17-Feb-17,17-Feb-17,123064120,220101300011,2,47.6,10.65
18576,SILVER,17-Feb-17,21-Feb-17,123060926,230100500087,1,91.1,37.95
19906,Silver,17-Feb-17,21-Feb-17,123063604,230100600015,1,78.2,39.2
20731,Silver,17-Feb-17,17-Feb-17,123059578,240500200027,2,107.8,22.45
21094,Gold,17-Feb-17,17-Feb-17,123060935,220200300081,1,59.4,26.45
23997,Silver,17-Feb-17,17-Feb-17,123064253,210200600025,1,38.5,17.9
24000,Silver,17-Feb-17,17-Feb-17,123059591,220100100635,5,432,43.3
26975,Gold,17-Feb-17,18-Feb-17,123064316,240100100528,1,54.1,23.85
27593,GOLD,17-Feb-17,19-Feb-17,123061699,230100500077,1,173,72.75
29635,Silver,17-Feb-17,17-Feb-17,123063355,220200100079,1,124.3,62.25
29770,SILVER,17-Feb-17,17-Feb-17,123062457,240100200008,1,30,12.45
29806,Platinum,17-Feb-17,19-Feb-17,123064359,220100100374,1,11.6,5.85
31102,Gold,17-Feb-17,17-Feb-17,123061715,230100100046,4,539.2,55.1
32004,SILVER,17-Feb-17,18-Feb-17,123064411,240800200021,2,179.4,38.9
32115,Gold,17-Feb-17,21-Feb-17,123060994,210200400006,1,41.4,20.8
32144,Silver,17-Feb-17,20-Feb-17,123064426,240100400067,1,131.8,62.7
33319,SILVER,17-Feb-17,22-Feb-17,123061718,240100400126,2,327.4,81.8
35642,Gold,17-Feb-17,17-Feb-17,123060334,220200100070,1,72.7,36.45
36205,Silver,17-Feb-17,19-Feb-17,123059640,220101300006,2,54.6,12.25
37321,Silver,17-Feb-17,17-Feb-17,123060355,240500100005,1,177.5,74.6
38291,Gold,17-Feb-17,17-Feb-17,123062510,240100200008,1,30,12.45
39144,SILVER,17-Feb-17,17-Feb-17,123061782,240100100581,2,55,11.35
40769,Gold,17-Feb-17,18-Feb-17,123061799,240100100679,1,45.8,19.5
42104,Gold,17-Feb-17,17-Feb-17,123062847,240500200081,1,126.8,52.9
43938,Silver,17-Feb-17,17-Feb-17,123060394,220100800099,1,42.8,20.4
44597,GOLD,17-Feb-17,17-Feb-17,123064802,220200100218,1,75.2,37.7
45716,Silver,17-Feb-17,17-Feb-17,123062559,240100200001,1,15.9,6.3
46525,Silver,17-Feb-17,17-Feb-17,123062564,220100400003,1,161.8,81
48044,Gold,17-Feb-17,17-Feb-17,123064883,230100100051,2,369.8,78.15
49888,Silver,17-Feb-17,17-Feb-17,123064926,230100100045,4,499.2,53.6
49931,Silver,17-Feb-17,17-Feb-17,123064936,240100400111,1,103.3,49.2
50543,SILVER,17-Feb-17,17-Feb-17,123061077,220200100208,1,93.9,47.05
51175,Gold,17-Feb-17,17-Feb-17,123064944,220100700052,1,106.1,50.5
53149,SILVER,17-Feb-17,17-Feb-17,123060554,240500200011,1,30.8,14.35
53866,Gold,17-Feb-17,17-Feb-17,123061080,240100100528,1,54.1,23.85
56081,Gold,17-Feb-17,17-Feb-17,123061907,240600100017,1,53,23.25
56394,Gold,17-Feb-17,17-Feb-17,123062616,240100200012,1,32.2,13.35
56405,SILVER,17-Feb-17,17-Feb-17,123060601,240500100049,1,73.7,29.55
56898,Gold,17-Feb-17,20-Feb-17,123065217,240500100006,1,46.1,21.05
57620,Platinum,17-Feb-17,17-Feb-17,123060622,220101000002,1,17.7,8
57829,Silver,17-Feb-17,17-Feb-17,123060773,220200300101,1,130.4,58.05
59562,Gold,17-Feb-17,17-Feb-17,123065259,220100100536,1,204.4,102.3
60419,Gold,17-Feb-17,18-Feb-17,123065295,230100100025,2,60.6,13.15
61255,Gold,17-Feb-17,18-Feb-17,123059702,220101400383,2,96,23.95
65466,Silver,17-Feb-17,17-Feb-17,123065355,220101200010,1,71.6,28.7
65574,Silver,17-Feb-17,17-Feb-17,123062664,240100100158,1,8.9,3.9
71281,Gold,17-Feb-17,17-Feb-17,123061134,210201000009,1,21.7,9.95
71327,GOLD,17-Feb-17,18-Feb-17,123061143,240600100107,1,26.2,11.7
75686,Gold,17-Feb-17,17-Feb-17,123063025,230100500096,1,35.5,17.25
76022,Gold,17-Feb-17,17-Feb-17,123063033,220100800063,1,32.4,16.3
76699,Silver,17-Feb-17,20-Feb-17,123063481,220200300072,1,98.7,45
77021,GOLD,17-Feb-17,22-Feb-17,123063042,220200300164,1,82,37.45
77253,SILVER,17-Feb-17,17-Feb-17,123062063,220101400190,1,5.4,2.4
78120,Silver,17-Feb-17,17-Feb-17,123063052,230100500061,1,18.3,8.05
80112,Gold,17-Feb-17,22-Feb-17,123062094,210200700009,1,19.1,8.35
82193,Silver,17-Feb-17,17-Feb-17,123063097,240200200013,1,422,42.2
85207,Gold,17-Feb-17,22-Feb-17,123062164,240100300004,1,22.9,9.1
85349,Silver,17-Feb-17,17-Feb-17,123062166,220100100278,1,23,11.6
85578,Silver,17-Feb-17,17-Feb-17,123063142,220101400205,1,24.7,11.1
86166,SILVER,17-Feb-17,17-Feb-17,123061428,220200200014,1,90,40.9
87035,SILVER,17-Feb-17,17-Feb-17,123061435,220200100208,1,93.9,47.05
88461,Gold,17-Feb-17,17-Feb-17,123059857,240100400021,2,183.2,45.75
88732,Gold,17-Feb-17,17-Feb-17,123063195,220101400117,1,45.6,20.85
89147,Gold,17-Feb-17,17-Feb-17,123061450,240100400142,1,153.8,77
89301,Gold,17-Feb-17,21-Feb-17,123062239,240100100099,1,2.4,2.2
91234,GOLD,17-Feb-17,17-Feb-17,123061480,240200100043,1,141.2,69.4
91881,Silver,17-Feb-17,17-Feb-17,123063594,230100100051,4,739.6,78.15
93273,Silver,17-Feb-17,18-Feb-17,123062282,210200100010,1,41.5,18.5
93364,Silver,17-Feb-17,17-Feb-17,123063595,240100400008,1,103.5,51.7
93424,GOLD,17-Feb-17,17-Feb-17,123062290,210200600018,2,77.6,18.05
2406,Gold,18-Feb-17,18-Feb-17,123069542,240100100578,1,57.1,23.75
2723,GOLD,18-Feb-17,18-Feb-17,123069555,220101200017,1,14.2,5.85
4436,Gold,18-Feb-17,24-Feb-17,123068399,230100100053,2,92.6,20.9
6229,Silver,18-Feb-17,18-Feb-17,123065865,240700400036,1,6.2,2.75
7722,Gold,18-Feb-17,04-Mar-17,123067356,210201000134,1,42.2,19.2
12980,Silver,18-Feb-17,18-Feb-17,123069896,240100400121,1,116.5,56.8
17306,Gold,18-Feb-17,22-Feb-17,123070036,240100100273,1,16.9,7.6
17571,Gold,18-Feb-17,18-Feb-17,123068047,240700100007,1,22.85,9.3
18038,Gold,18-Feb-17,18-Feb-17,123069027,240100400098,1,251.8,125.85
18181,GOLD,18-Feb-17,22-Feb-17,123069043,230100500085,1,237.6,97.9
20721,SILVER,18-Feb-17,18-Feb-17,123068072,240500200123,2,40,9.5
21402,Gold,18-Feb-17,18-Feb-17,123066052,220200100084,1,106.5,51.55
21682,Silver,18-Feb-17,18-Feb-17,123066054,220100100081,1,54.9,27.55
25291,Silver,18-Feb-17,23-Feb-17,123068482,240300100018,1,7.6,3.4
27316,Silver,18-Feb-17,18-Feb-17,123070277,230100700011,1,252,103.95
29980,Silver,18-Feb-17,18-Feb-17,123065485,210200700013,2,20.2,3.6
30329,Silver,18-Feb-17,20-Feb-17,123068515,220200100099,1,157.8,79
31771,SILVER,18-Feb-17,23-Feb-17,123066815,220101100031,1,20.5,9.25
32647,Gold,18-Feb-17,20-Feb-17,123066172,220200100005,1,64.9,32.55
34023,Gold,18-Feb-17,18-Feb-17,123066179,240500200058,1,23.1,11.05
35005,Gold,18-Feb-17,18-Feb-17,123065506,230100200031,2,352.4,80.05
35151,Gold,18-Feb-17,18-Feb-17,123067489,220100900035,1,41.8,19.45
38161,Gold,18-Feb-17,18-Feb-17,123066221,230100100049,2,115.8,24.4
38248,Gold,18-Feb-17,23-Feb-17,123070541,240100400098,1,251.8,125.85
39096,SILVER,18-Feb-17,22-Feb-17,123068544,220101400328,1,18.8,8.75
40243,Gold,18-Feb-17,18-Feb-17,123068205,220200300060,1,79.7,36.4
42241,Silver,18-Feb-17,18-Feb-17,123068257,240500200095,1,29.1,13.95
43158,Gold,18-Feb-17,18-Feb-17,123065558,240700300004,2,34,8.1
43226,Silver,18-Feb-17,18-Feb-17,123070710,220100100094,1,88.6,44.4
43259,GOLD,18-Feb-17,23-Feb-17,123065560,220100100431,3,172.2,28.8
44572,SILVER,18-Feb-17,18-Feb-17,123067537,240300100032,1,582.7,291.3
44791,Gold,18-Feb-17,18-Feb-17,123069113,210201000073,1,45.9,20.95
46390,Silver,18-Feb-17,18-Feb-17,123068277,210200600032,1,39.4,18.75
46606,Silver,18-Feb-17,18-Feb-17,123066318,220200100060,1,55.4,29.35
48594,Silver,18-Feb-17,18-Feb-17,123070857,240100100251,1,203.9,95.1
49110,Silver,18-Feb-17,18-Feb-17,123065570,240100200001,1,15.9,6.3
50274,Gold,18-Feb-17,21-Feb-17,123068597,220200100099,1,157.8,79
54690,Gold,18-Feb-17,18-Feb-17,123066374,220200100179,1,134.5,67.35
57460,Platinum,18-Feb-17,22-Feb-17,123066925,240100400021,1,91.6,45.75
59184,Gold,18-Feb-17,18-Feb-17,123066433,220101400175,1,22.3,10
60794,Silver,18-Feb-17,18-Feb-17,123066436,240800200040,2,133.2,30.3
61259,Silver,18-Feb-17,18-Feb-17,123068370,240100100686,1,61.4,25.3
61316,Silver,18-Feb-17,18-Feb-17,123071138,240100100422,1,22.6,7.85
62419,Gold,18-Feb-17,18-Feb-17,123068649,220200100187,1,61.4,30.8
63465,Gold,18-Feb-17,23-Feb-17,123066444,220200200047,1,135.8,68
64914,Silver,18-Feb-17,18-Feb-17,123068687,220101400131,1,22.3,7.75
70386,Gold,18-Feb-17,18-Feb-17,123067683,220101000002,1,17.7,8
70959,Gold,18-Feb-17,18-Feb-17,123067696,220200100084,1,106.5,51.55
72413,Gold,18-Feb-17,21-Feb-17,123067032,240100100447,1,13.5,5.7
73473,Gold,18-Feb-17,18-Feb-17,123068717,230100300006,1,68.5,34.35
74041,Gold,18-Feb-17,18-Feb-17,123069186,220100300017,3,67.2,10.6
75678,GOLD,18-Feb-17,23-Feb-17,123068738,240200100229,1,160.8,78.5
78105,Silver,18-Feb-17,18-Feb-17,123068774,220100600008,1,294.2,140.05
79061,SILVER,18-Feb-17,24-Feb-17,123067772,240100100206,1,19.9,8.95
80172,Silver,18-Feb-17,18-Feb-17,123067782,210201000108,1,34.6,15.5
81769,Gold,18-Feb-17,18-Feb-17,123067800,210200600031,1,41.6,20.75
83168,Silver,18-Feb-17,18-Feb-17,123067237,220100700052,1,106.1,50.5
83369,Silver,18-Feb-17,18-Feb-17,123067243,210200600085,1,36.6,16.55
83899,GOLD,18-Feb-17,23-Feb-17,123068792,220100700022,1,51.7,21.9
84160,Gold,18-Feb-17,18-Feb-17,123069275,230100500077,1,173,72.75
85774,Gold,18-Feb-17,18-Feb-17,123065737,240700400036,2,12.4,2.75
88047,Silver,18-Feb-17,18-Feb-17,123065795,230100600005,3,389.4,63.2
88630,Gold,18-Feb-17,18-Feb-17,123067907,220100100092,1,45.1,22.65
89183,GOLD,18-Feb-17,18-Feb-17,123068864,220100400022,1,98.9,47.7
89940,Silver,18-Feb-17,18-Feb-17,123066640,240500200042,1,37,17.6
90295,Gold,18-Feb-17,18-Feb-17,123066648,240500100005,1,177.5,74.6
93434,Silver,18-Feb-17,18-Feb-17,123069405,230100600013,1,71.7,35.95
94219,Gold,18-Feb-17,18-Feb-17,123068944,220200100086,2,232.2,58.15
916,GOLD,19-Feb-17,19-Feb-17,123074822,240100400113,1,238.4,116.35
1206,Silver,19-Feb-17,19-Feb-17,123072566,220200100098,1,120.7,66.5
3548,SILVER,19-Feb-17,19-Feb-17,123071810,220200100098,2,241.4,66.5
4401,Gold,19-Feb-17,19-Feb-17,123073667,240700400007,1,18.3,8.1
6937,Silver,19-Feb-17,19-Feb-17,123071853,230100100005,2,313.8,66.75
7506,Silver,19-Feb-17,19-Feb-17,123074965,210200300079,1,32.1,16.15
7965,Silver,19-Feb-17,24-Feb-17,123074970,240100200008,1,30,12.45
9398,Gold,19-Feb-17,19-Feb-17,123075043,230100100036,2,68.6,15.95
9483,Silver,19-Feb-17,22-Feb-17,123071873,230100700009,1,540.7,276
10230,Gold,19-Feb-17,19-Feb-17,123073733,240400200093,1,155.8,64.95
10702,GOLD,19-Feb-17,19-Feb-17,123073740,240100100699,1,11.2,4.6
11539,Silver,19-Feb-17,19-Feb-17,123072601,220200300164,1,82,37.45
12755,Silver,19-Feb-17,19-Feb-17,123071270,240100100335,2,72.6,15.45
13495,Gold,19-Feb-17,19-Feb-17,123073085,240100300006,1,51.5,22.8
13701,Gold,19-Feb-17,19-Feb-17,123071950,240700400023,1,12.1,5.45
14293,Silver,19-Feb-17,19-Feb-17,123072610,220101300012,1,18.4,8.3
15236,Gold,19-Feb-17,22-Feb-17,123075195,240400200095,1,223.6,101.6
15772,Silver,19-Feb-17,19-Feb-17,123074082,220101200005,1,139,55.7
16169,SILVER,19-Feb-17,19-Feb-17,123071955,240700100017,1,26.2,11.2
16409,Silver,19-Feb-17,19-Feb-17,123074089,220200300101,1,130.4,58.05
18431,Silver,19-Feb-17,19-Feb-17,123071962,220100700022,1,51.7,21.9
19199,Gold,19-Feb-17,22-Feb-17,123075237,240800200001,5,847.5,67.8
22670,GOLD,19-Feb-17,19-Feb-17,123072636,240100200014,1,55.4,22.8
22987,Gold,19-Feb-17,19-Feb-17,123075328,240100100600,1,19.5,8.35
24072,Gold,19-Feb-17,19-Feb-17,123073114,240100300006,1,51.5,22.8
24581,Silver,19-Feb-17,19-Feb-17,123072027,220100800040,1,111.5,53.05
26264,Gold,19-Feb-17,23-Feb-17,123072449,240500200059,2,62,14.8
26719,Silver,19-Feb-17,19-Feb-17,123073790,240700400030,1,21.7,9.45
27671,Silver,19-Feb-17,19-Feb-17,123072069,240800100041,5,1462.5,121.75
27892,Gold,19-Feb-17,19-Feb-17,123071334,220100700046,3,412.2,65.5
28097,Gold,19-Feb-17,19-Feb-17,123074126,240700400027,1,69.6,36.35
28618,SILVER,19-Feb-17,19-Feb-17,123072459,240300300047,1,55.8,22.4
29323,Gold,19-Feb-17,19-Feb-17,123074160,240200100102,1,13.6,6.2
29615,Silver,19-Feb-17,28-Feb-17,123073150,210201000017,2,92.6,19.15
29820,GOLD,19-Feb-17,21-Feb-17,123071351,220101200021,2,342.2,73.15
33351,Gold,19-Feb-17,19-Feb-17,123074550,220101400392,1,99.3,45.15
33362,Silver,19-Feb-17,19-Feb-17,123074194,220200100060,1,55.4,29.35
33656,Gold,19-Feb-17,19-Feb-17,123072158,240700300004,1,17,8.1
34200,Gold,19-Feb-17,22-Feb-17,123075593,240100100322,1,255.6,127.75
34626,Silver,19-Feb-17,19-Feb-17,123072699,240100100654,1,45.2,18.15
34907,GOLD,19-Feb-17,19-Feb-17,123073833,240400200080,2,400.8,95.6
35279,Gold,19-Feb-17,19-Feb-17,123074199,220200100244,1,51.8,26
35459,Silver,19-Feb-17,19-Feb-17,123073195,240800200002,5,851.875,68.15
38289,Silver,19-Feb-17,23-Feb-17,123074202,220200200004,1,63.5,28.9
43392,Gold,19-Feb-17,21-Feb-17,123075856,240500100043,1,26,8.8
45005,Gold,19-Feb-17,19-Feb-17,123075881,220100100483,1,32.2,19.4
46097,Silver,19-Feb-17,19-Feb-17,123071422,230100500056,2,16,3.5
46680,Silver,19-Feb-17,19-Feb-17,123075884,240100400091,1,196.3,95.65
46697,Gold,19-Feb-17,21-Feb-17,123073917,240100100638,1,39.3,16.45
50739,SILVER,19-Feb-17,19-Feb-17,123073258,210201000117,1,45.8,20.9
52206,Gold,19-Feb-17,19-Feb-17,123076000,220100200006,1,39.6,15.9
54063,GOLD,19-Feb-17,19-Feb-17,123076079,240800100012,2,73.2,27.3
54109,Silver,19-Feb-17,19-Feb-17,123073285,240300100059,1,33.3,15.95
55740,Gold,19-Feb-17,19-Feb-17,123072383,240400300007,1,57.5,23.85
56822,Gold,19-Feb-17,19-Feb-17,123076112,220100700024,4,398.8,47.45
57597,Silver,19-Feb-17,19-Feb-17,123074626,210200600021,1,53,25.1
58123,Silver,19-Feb-17,24-Feb-17,123073959,220101400171,1,34.7,15.8
59138,Gold,19-Feb-17,19-Feb-17,123073968,210200400025,1,54.1,27.15
61135,GOLD,19-Feb-17,19-Feb-17,123076258,220100900015,1,76.4,31.9
62828,Silver,19-Feb-17,19-Feb-17,123073979,220100100101,1,59.7,29.95
63012,Gold,19-Feb-17,19-Feb-17,123076290,220200300002,1,37.5,17.05
65001,Gold,19-Feb-17,19-Feb-17,123076382,210201100001,1,32,14
70068,Gold,19-Feb-17,19-Feb-17,123073359,230100600005,1,129.8,63.2
73011,Gold,19-Feb-17,19-Feb-17,123072844,240200200082,1,52.8,21.3
73546,Gold,19-Feb-17,24-Feb-17,123074348,220200100163,2,231,57.85
75632,Gold,19-Feb-17,19-Feb-17,123073476,240100400125,1,114.2,44.6
78556,Gold,19-Feb-17,19-Feb-17,123072885,240500100017,1,53.5,23.75
78738,Gold,19-Feb-17,24-Feb-17,123073536,210201000081,1,27.7,12.4
79240,GOLD,19-Feb-17,19-Feb-17,123072904,210200300038,1,18.4,9.3
80275,Gold,19-Feb-17,25-Feb-17,123072488,230100200043,1,56.7,27.25
82141,Silver,19-Feb-17,19-Feb-17,123071579,240100400088,3,547.8,86.9
82757,Silver,19-Feb-17,19-Feb-17,123074426,220101200029,1,52.3,22.65
83203,Gold,19-Feb-17,25-Feb-17,123074798,230100600039,1,106.8,51.1
83226,Gold,19-Feb-17,19-Feb-17,123073574,220100100351,1,62.9,31.55
84693,Gold,19-Feb-17,20-Feb-17,123074455,240200100076,1,449,246.55
85513,Silver,19-Feb-17,21-Feb-17,123072919,210200300073,1,13.7,6.9
86973,Silver,19-Feb-17,23-Feb-17,123073583,210200500012,1,79,32.8
87032,SILVER,19-Feb-17,19-Feb-17,123073593,220100100270,1,77.9,39.05
87531,GOLD,19-Feb-17,19-Feb-17,123073600,240600100067,1,46.4,19.2
87604,Gold,19-Feb-17,19-Feb-17,123074740,220101400152,1,13.1,5.9
89587,Silver,19-Feb-17,19-Feb-17,123071675,240700400003,2,24.8,5.6
91499,Silver,19-Feb-17,19-Feb-17,123071733,240100200004,1,35.2,14.8
3071,Gold,20-Feb-17,20-Feb-17,123076959,210200400008,1,33.8,17
4284,Gold,20-Feb-17,20-Feb-17,123079363,220200100077,1,99,49.6
5525,SILVER,20-Feb-17,20-Feb-17,123079365,220200100203,1,75.3,37.75
6044,GOLD,20-Feb-17,20-Feb-17,123080799,220200300103,1,56.3,25.05
7972,Gold,20-Feb-17,20-Feb-17,123078062,240100400136,1,90.9,45.4
8029,GOLD,20-Feb-17,20-Feb-17,123080848,230100700008,1,494.4,241
8189,Silver,20-Feb-17,01-Mar-17,123079367,220200300045,1,65.5,29.8
9870,SILVER,20-Feb-17,20-Feb-17,123077064,210200500006,1,24,11.95
12930,Silver,20-Feb-17,20-Feb-17,123077143,240100400142,1,153.8,77
13376,Silver,20-Feb-17,20-Feb-17,123078109,220101400373,1,48.5,22.15
14972,Silver,20-Feb-17,23-Feb-17,123081081,240500200007,1,9.5,4.55
16542,Gold,20-Feb-17,20-Feb-17,123081146,240100100322,1,255.6,127.75
17770,Platinum,20-Feb-17,20-Feb-17,123077183,220100700002,1,169.5,80.85
17893,Platinum,20-Feb-17,24-Feb-17,123081195,240800200015,2,254.6,63.6
20053,Gold,20-Feb-17,20-Feb-17,123081302,240300300034,1,33.7,14.1
20802,Silver,20-Feb-17,22-Feb-17,123076451,220100700027,3,173.7,29.05
22144,GOLD,20-Feb-17,20-Feb-17,123079489,240500100026,1,55.2,24.5
22948,Silver,20-Feb-17,20-Feb-17,123077239,240500100031,1,57.3,25.45
24415,Gold,20-Feb-17,20-Feb-17,123079498,230100500012,1,73.9,33.25
24743,Gold,20-Feb-17,02-Mar-17,123081428,230100400007,2,24.4,4.9
24812,Gold,20-Feb-17,20-Feb-17,123081445,210200700002,1,12.1,5.45
25618,Gold,20-Feb-17,20-Feb-17,123077284,240800100025,2,498,113.55
26128,Gold,20-Feb-17,21-Feb-17,123078890,210200400082,1,38.7,19.45
26184,GOLD,20-Feb-17,20-Feb-17,123077291,240100100063,1,22.9,9.25
27253,Gold,20-Feb-17,20-Feb-17,123079547,240100200008,1,30,12.45
28709,Silver,20-Feb-17,21-Feb-17,123079870,220200300155,2,141.4,32.95
31993,Silver,20-Feb-17,20-Feb-17,123080395,240300300078,1,280.1,117.05
32816,Gold,20-Feb-17,24-Feb-17,123079563,220100300024,2,105,24.35
34273,SILVER,20-Feb-17,20-Feb-17,123081654,240600100170,1,23.1,9.85
35012,Gold,20-Feb-17,20-Feb-17,123078916,230100300006,1,68.5,34.35
35076,SILVER,20-Feb-17,22-Feb-17,123077421,230100500040,1,11.9,5.3
35419,Silver,20-Feb-17,20-Feb-17,123079576,240100100552,1,169.2,71.95
35527,Silver,20-Feb-17,20-Feb-17,123081669,240100100365,1,191.6,87.4
36248,Gold,20-Feb-17,20-Feb-17,123077434,230100500094,1,86.6,34.1
36552,Gold,20-Feb-17,20-Feb-17,123079910,220101400161,1,9.4,3.3
36874,Gold,20-Feb-17,20-Feb-17,123080405,240100100673,1,59.9,25.35
38915,Platinum,20-Feb-17,20-Feb-17,123081809,220200100063,1,66.5,33.35
43658,Silver,20-Feb-17,20-Feb-17,123079608,220100100296,1,84.3,42.25
44219,Silver,20-Feb-17,25-Feb-17,123076557,240100200001,1,15.9,6.3
48180,Silver,20-Feb-17,20-Feb-17,123077561,220200300115,1,84.9,38.65
49723,GOLD,20-Feb-17,20-Feb-17,123082067,240500100054,1,70.5,28.25
49836,SILVER,20-Feb-17,20-Feb-17,123077622,240800200063,2,73.8,16.85
50433,GOLD,20-Feb-17,20-Feb-17,123080456,220200300076,2,170,38.7
52651,Silver,20-Feb-17,20-Feb-17,123082161,240100400111,1,103.3,49.2
53011,Gold,20-Feb-17,20-Feb-17,123077646,240800200015,2,254.6,63.6
54635,Gold,20-Feb-17,20-Feb-17,123082200,220200100101,1,61,28.75
56674,Silver,20-Feb-17,20-Feb-17,123077720,220101400292,2,71.4,15.55
56870,Silver,20-Feb-17,21-Feb-17,123077728,240400200048,1,88.5,39.3
57795,Silver,20-Feb-17,20-Feb-17,123082292,210200400052,1,41.6,20.9
61398,Silver,20-Feb-17,21-Feb-17,123082406,240100400098,1,251.8,125.85
63845,SILVER,20-Feb-17,20-Feb-17,123082467,240100100185,1,171.9,80.2
65357,Gold,20-Feb-17,20-Feb-17,123080048,230100100025,4,121.2,13.15
71098,SILVER,20-Feb-17,20-Feb-17,123078434,220100100532,1,45.2,22.7
71944,Silver,20-Feb-17,20-Feb-17,123080478,230100100046,2,269.6,55.1
72995,Silver,20-Feb-17,20-Feb-17,123080094,220200200018,1,66.4,30.25
73468,Gold,20-Feb-17,20-Feb-17,123079136,240100400118,1,262.8,125.15
74467,Silver,20-Feb-17,20-Feb-17,123079142,220101400007,1,42.4,19.35
74569,Silver,20-Feb-17,20-Feb-17,123079146,220101000002,1,17.7,8
74569,Silver,20-Feb-17,25-Feb-17,123079149,240100100511,1,14.1,6.2
75874,GOLD,20-Feb-17,20-Feb-17,123078529,220200200041,1,112.6,51.3
78519,Gold,20-Feb-17,20-Feb-17,123078550,240600100106,1,51.2,21.3
79750,Silver,20-Feb-17,20-Feb-17,123080157,240800100002,5,596,56.9
83853,Silver,20-Feb-17,20-Feb-17,123076793,230100500080,3,75,12.2
83985,Gold,20-Feb-17,20-Feb-17,123080208,230100100025,2,60.6,13.15
85571,Silver,20-Feb-17,20-Feb-17,123076804,220100700038,2,200.4,47.75
86565,Gold,20-Feb-17,20-Feb-17,123080252,220101400291,1,80.6,36.8
88525,Silver,20-Feb-17,20-Feb-17,123077940,240100200012,1,32.2,13.35
90615,Gold,20-Feb-17,26-Feb-17,123078652,210201000086,1,17.1,7.65
90706,Silver,20-Feb-17,20-Feb-17,123077965,240200200079,1,93.2,8.75
91337,Silver,20-Feb-17,20-Feb-17,123079307,210201100001,1,32,14
91341,SILVER,20-Feb-17,22-Feb-17,123079308,240100100739,1,134.4,57.2
92140,Silver,20-Feb-17,20-Feb-17,123076865,220100300041,1,171.3,69.25
93464,Silver,20-Feb-17,20-Feb-17,123077972,240200200053,1,65.7,26.35
1008,Gold,21-Feb-17,24-Feb-17,123087201,240600100158,1,5.7,2.3
1471,Silver,21-Feb-17,21-Feb-17,123087227,240700200021,2,38.2,10.15
2064,Silver,21-Feb-17,21-Feb-17,123082559,220101300020,2,103.2,20.7
2423,Gold,21-Feb-17,21-Feb-17,123084490,220200200014,1,90,40.9
2481,Platinum,21-Feb-17,21-Feb-17,123083210,240800200034,2,133.4,30.25
2884,GOLD,21-Feb-17,21-Feb-17,123085746,220200100099,1,157.8,79
4345,Silver,21-Feb-17,24-Feb-17,123086695,220200300159,1,90.3,41.25
4895,Silver,21-Feb-17,21-Feb-17,123083253,240500200121,1,25.4,12.1
5233,Gold,21-Feb-17,21-Feb-17,123087380,240700200005,1,6,2.85
5374,SILVER,21-Feb-17,21-Feb-17,123087382,240100100719,2,82.2,17.9
7420,Gold,21-Feb-17,21-Feb-17,123083283,220101200015,1,23,9.95
8152,Silver,21-Feb-17,21-Feb-17,123087463,220100100481,1,39.7,19.95
8900,GOLD,21-Feb-17,24-Feb-17,123083325,240800100031,2,403.6,91.5
9313,Silver,21-Feb-17,21-Feb-17,123086259,220101400171,1,34.7,15.8
9384,Silver,21-Feb-17,26-Feb-17,123084503,220200100225,1,64.1,30.2
15226,Gold,21-Feb-17,25-Feb-17,123084530,220100200017,1,28.3,11.35
15314,Silver,21-Feb-17,21-Feb-17,123085134,210201000029,1,9.5,4.3
15727,Silver,21-Feb-17,21-Feb-17,123087607,230100600028,1,96.7,48.45
16480,Gold,21-Feb-17,22-Feb-17,123085879,220101400433,1,64,29.4
17956,GOLD,21-Feb-17,21-Feb-17,123085147,240700400032,1,30.8,6.75
18060,Silver,21-Feb-17,21-Feb-17,123087658,220100100363,1,144.8,72.35
18066,Platinum,21-Feb-17,26-Feb-17,123087664,240100100087,1,288.4,131.6
18154,Silver,21-Feb-17,21-Feb-17,123085902,240700400015,1,14.9,8.35
18173,Platinum,21-Feb-17,24-Feb-17,123083461,230100600026,1,118.6,59.4
21651,Silver,21-Feb-17,23-Feb-17,123087761,240400200035,1,60.6,27.5
22889,Silver,21-Feb-17,21-Feb-17,123083533,240700100001,1,23.4,12.2
23961,Gold,21-Feb-17,21-Feb-17,123083569,230100500096,1,35.5,17.25
23980,SILVER,21-Feb-17,21-Feb-17,123086337,240500200060,1,35.5,16.55
27533,SILVER,21-Feb-17,21-Feb-17,123087876,240200100248,1,9.9,5.05
29036,Silver,21-Feb-17,24-Feb-17,123085973,220101400007,1,42.4,19.35
29473,Silver,21-Feb-17,23-Feb-17,123087945,210200100005,1,13,5.75
32420,Silver,21-Feb-17,21-Feb-17,123083736,220200100132,1,89.5,44.85
33274,Gold,21-Feb-17,21-Feb-17,123086014,240100300006,1,51.5,22.8
33276,PLATINUM,21-Feb-17,21-Feb-17,123086023,240700200018,1,18.1,9.85
35437,Gold,21-Feb-17,21-Feb-17,123086035,210201000157,1,39.8,18.2
36175,Silver,21-Feb-17,22-Feb-17,123083812,240800100019,2,64.2,18.7
36387,Silver,21-Feb-17,21-Feb-17,123083816,240100400010,1,100.9,50.4
36487,Gold,21-Feb-17,21-Feb-17,123086040,220101300002,1,20.9,9.4
37630,Silver,21-Feb-17,26-Feb-17,123088138,240500200043,2,93.2,22.2
39575,Silver,21-Feb-17,21-Feb-17,123086055,240200200091,1,176.1,70.5
40115,Gold,21-Feb-17,21-Feb-17,123088214,210200200012,1,22.6,9.8
40217,GOLD,21-Feb-17,21-Feb-17,123086068,240100100556,1,111.8,49
40517,Silver,21-Feb-17,21-Feb-17,123088217,210200600102,1,14.5,5.8
41484,Silver,21-Feb-17,22-Feb-17,123088281,240800100042,2,507.2,105.3
41538,SILVER,21-Feb-17,26-Feb-17,123088283,230100600034,1,16.1,7.3
41664,Silver,21-Feb-17,21-Feb-17,123088287,230100200034,1,215.5,97.85
42668,Silver,21-Feb-17,27-Feb-17,123082751,220101300001,2,67.2,14.95
42723,Silver,21-Feb-17,21-Feb-17,123086085,220200100150,1,44.9,22.55
43091,Gold,21-Feb-17,21-Feb-17,123083900,220200200080,1,177.6,82.75
43643,Silver,21-Feb-17,21-Feb-17,123086095,220200300151,1,78.1,36.4
43883,Gold,21-Feb-17,26-Feb-17,123085240,210201000092,1,34.5,16.2
44148,Platinum,21-Feb-17,21-Feb-17,123084624,220200200038,1,38.2,18.95
44579,Gold,21-Feb-17,26-Feb-17,123088362,240100100723,1,37.3,15.6
44722,GOLD,21-Feb-17,24-Feb-17,123088367,240100400010,1,100.9,50.4
45751,Silver,21-Feb-17,28-Feb-17,123086102,220100700038,1,100.2,47.75
45882,Silver,21-Feb-17,21-Feb-17,123088397,230100300011,1,49.3,19.8
49917,Gold,21-Feb-17,21-Feb-17,123086137,220100100120,1,33,16.6
51144,Gold,21-Feb-17,21-Feb-17,123084033,210200700008,1,11.8,5.35
51495,Gold,21-Feb-17,21-Feb-17,123086156,210200100004,1,36.3,16.15
51901,Silver,21-Feb-17,24-Feb-17,123085264,240100100063,1,22.9,9.25
51965,Gold,21-Feb-17,21-Feb-17,123086158,240400200107,1,207.3,103.05
53328,Gold,21-Feb-17,21-Feb-17,123086163,210201000206,1,41.1,18.7
53541,Gold,21-Feb-17,21-Feb-17,123085276,220200100092,2,166,41.6
54437,Silver,21-Feb-17,21-Feb-17,123088579,230100300025,1,18.5,8.1
55933,GOLD,21-Feb-17,21-Feb-17,123088600,220101400385,1,24.8,12.35
56882,Silver,21-Feb-17,21-Feb-17,123086185,230100600003,1,17.2,7.55
57390,Gold,21-Feb-17,24-Feb-17,123088612,240100400080,1,219.9,109.9
57841,GOLD,21-Feb-17,21-Feb-17,123085310,210200600075,2,24.8,5.25
59579,SILVER,21-Feb-17,21-Feb-17,123084129,220200100010,1,177.8,89
60566,Silver,21-Feb-17,21-Feb-17,123085330,240100400043,1,266,131.5
61812,Gold,21-Feb-17,21-Feb-17,123088764,230100100049,4,231.6,24.4
61948,Gold,21-Feb-17,27-Feb-17,123084179,230100600024,1,76.1,38.15
62857,Gold,21-Feb-17,21-Feb-17,123082860,240600100130,3,182.7,24.1
64146,PLATINUM,21-Feb-17,21-Feb-17,123084219,240100400006,1,211.9,104.75
64408,GOLD,21-Feb-17,24-Feb-17,123084354,240400200095,1,223.6,101.6
70484,Gold,21-Feb-17,21-Feb-17,123082869,240400200024,3,355.2,49.45
71708,Gold,21-Feb-17,21-Feb-17,123086456,220200100014,1,68.6,33.25
73411,Silver,21-Feb-17,23-Feb-17,123084783,230100600023,1,73.4,36.8
74418,Gold,21-Feb-17,24-Feb-17,123085447,240100100678,1,49.8,21.25
75360,Silver,21-Feb-17,25-Feb-17,123084360,210200600092,1,6.9,2.8
75548,Gold,21-Feb-17,25-Feb-17,123087160,230100700011,1,252,103.95
77146,Gold,21-Feb-17,22-Feb-17,123084865,240100100498,1,9,3.5
78116,GOLD,21-Feb-17,23-Feb-17,123086509,220200100187,1,61.4,30.8
79285,Silver,21-Feb-17,21-Feb-17,123086513,220100300016,2,34.2,8.65
79382,Platinum,21-Feb-17,21-Feb-17,123085539,220101000002,1,17.7,8
80810,Silver,21-Feb-17,21-Feb-17,123084419,240100100732,1,45,19.2
81409,Gold,21-Feb-17,23-Feb-17,123086549,220101400093,1,40.3,18.35
83212,Gold,21-Feb-17,21-Feb-17,123086561,230100500074,1,136,51.3
85990,GOLD,21-Feb-17,21-Feb-17,123086584,220101400370,1,49.8,23.6
86141,Gold,21-Feb-17,21-Feb-17,123087039,240300100044,1,6.7,3.25
86702,Silver,21-Feb-17,21-Feb-17,123085592,220100700017,2,156.6,42.5
86776,Platinum,21-Feb-17,21-Feb-17,123085595,210200600099,1,46.7,21.1
87401,GOLD,21-Feb-17,21-Feb-17,123087047,220100100374,1,11.6,5.85
89168,Silver,21-Feb-17,21-Feb-17,123085007,240100100366,1,16.3,7.8
89906,Silver,21-Feb-17,21-Feb-17,123086626,230100100002,2,401.4,85.35
90224,Gold,21-Feb-17,22-Feb-17,123085029,240700300002,1,21.99,7.25
90298,Silver,21-Feb-17,26-Feb-17,123085038,220100100073,1,23.5,11.85
91752,Gold,21-Feb-17,21-Feb-17,123086641,220200100038,1,106.6,53.4
92318,Silver,21-Feb-17,21-Feb-17,123086660,220200100034,1,56.3,28.25
93180,Gold,21-Feb-17,26-Feb-17,123087118,220200100171,1,56.3,31.05
93187,SILVER,21-Feb-17,21-Feb-17,123085694,220100100073,1,23.5,11.85
93288,Silver,21-Feb-17,21-Feb-17,123086671,220101500015,1,236.375,94.55
2929,Silver,22-Feb-17,24-Feb-17,123091080,230100500013,1,9.4,4.75
10528,Gold,22-Feb-17,22-Feb-17,123089880,220200100099,1,157.8,79
12270,SILVER,22-Feb-17,26-Feb-17,123091288,230100700004,1,360,199
16677,Platinum,22-Feb-17,26-Feb-17,123091370,240800100043,2,805.6,171.25
16922,Silver,22-Feb-17,22-Feb-17,123089344,210201000018,1,17.1,7.5
45325,Silver,22-Feb-17,22-Feb-17,123090533,220101200025,1,26.3,11.4
55774,Gold,22-Feb-17,24-Feb-17,123090077,210201000201,1,42.8,19.45
60037,Silver,22-Feb-17,22-Feb-17,123090582,220101400205,1,24.7,11.1
62195,GOLD,22-Feb-17,25-Feb-17,123089062,220101300012,2,36.8,8.3
70054,Silver,22-Feb-17,23-Feb-17,123089490,220200300029,1,71.6,32.6
71397,Silver,22-Feb-17,22-Feb-17,123090135,210200500012,1,79,32.8
71859,Gold,22-Feb-17,27-Feb-17,123089513,240400200024,1,118.4,49.45
73314,SILVER,22-Feb-17,22-Feb-17,123090152,240100100581,1,27.5,11.35
77208,SILVER,22-Feb-17,22-Feb-17,123089594,220200200071,1,95.4,41.45
77242,SILVER,22-Feb-17,22-Feb-17,123089095,240100100355,2,125,28.35
79206,Gold,22-Feb-17,22-Feb-17,123089633,210200500006,1,24,11.95
80396,Silver,22-Feb-17,22-Feb-17,123089658,220200300089,1,119.3,53.1
82202,Silver,22-Feb-17,22-Feb-17,123089693,210200900046,1,17.6,7.1
82342,Silver,22-Feb-17,22-Feb-17,123089187,240100200004,1,35.2,14.8
84113,Gold,22-Feb-17,22-Feb-17,123089204,240100200001,1,15.9,6.3
84344,Silver,22-Feb-17,22-Feb-17,123089746,240200100229,1,160.8,78.5
84807,Silver,22-Feb-17,22-Feb-17,123090269,240700400011,1,18,8.2
84915,Silver,22-Feb-17,22-Feb-17,123090962,220101400021,1,54.1,24.55
86567,SILVER,22-Feb-17,22-Feb-17,123090284,220101200009,1,106.8,42.8
90740,Silver,22-Feb-17,23-Feb-17,123090988,230100100045,2,249.6,53.6
91690,Gold,22-Feb-17,22-Feb-17,123090756,220200100241,1,35.4,17.8
93773,Silver,22-Feb-17,22-Feb-17,123089243,240100400098,2,503.6,125.85
94011,GOLD,22-Feb-17,27-Feb-17,123090780,220101400130,1,16.9,5.7
327,SILVER,23-Feb-17,26-Feb-17,123096679,240700400030,1,21.7,9.45
508,Gold,23-Feb-17,23-Feb-17,123094009,210200900037,1,11.2,5.3
1610,Gold,23-Feb-17,23-Feb-17,123095312,220200100212,1,103.5,51.85
5586,GOLD,23-Feb-17,23-Feb-17,123096815,230100600043,1,63.8,30.8
6424,Gold,23-Feb-17,23-Feb-17,123095337,220200100142,1,105.4,52.8
7817,Silver,23-Feb-17,23-Feb-17,123093256,220100800005,1,57.6,27.5
9533,Gold,23-Feb-17,27-Feb-17,123092610,240100100325,3,1437.9,239.6
9796,Silver,23-Feb-17,23-Feb-17,123095354,220200100211,1,103.5,51.85
10310,Silver,23-Feb-17,23-Feb-17,123094710,220100800019,1,21.4,10.2
10786,Gold,23-Feb-17,24-Feb-17,123096645,230100500082,1,126.1,58.6
13031,GOLD,23-Feb-17,28-Feb-17,123096978,240800200002,5,851.875,68.15
14140,Gold,23-Feb-17,23-Feb-17,123095388,240300200017,1,55.4,25.15
14569,Gold,23-Feb-17,27-Feb-17,123092621,220100500018,2,131.6,30
18996,Gold,23-Feb-17,23-Feb-17,123092673,240100100380,2,18.4,4.3
19820,Silver,23-Feb-17,25-Feb-17,123093900,240500100018,2,122,27.05
20914,PLATINUM,23-Feb-17,23-Feb-17,123097127,240700200007,1,5.1,2.2
28274,Silver,23-Feb-17,23-Feb-17,123097408,210200500012,1,79,32.8
29892,GOLD,23-Feb-17,23-Feb-17,123093438,240500100059,1,61,26.55
30554,SILVER,23-Feb-17,23-Feb-17,123097453,230100500083,1,51.8,25.85
31264,Gold,23-Feb-17,28-Feb-17,123097481,240700100013,1,23.99,9.75
34121,Silver,23-Feb-17,23-Feb-17,123094168,210201000018,1,17.1,7.5
34610,GOLD,23-Feb-17,23-Feb-17,123097557,240800100054,5,2147.5,179
37843,GOLD,23-Feb-17,23-Feb-17,123097602,230100500068,1,1.7,0.8
43450,Gold,23-Feb-17,28-Feb-17,123092777,220100800019,3,64.2,10.2
44392,Gold,23-Feb-17,24-Feb-17,123097733,230100200025,1,250.1,113.65
44568,Silver,23-Feb-17,23-Feb-17,123097735,210201000034,1,22.3,10
44655,Silver,23-Feb-17,23-Feb-17,123095578,240500100033,1,65.4,28.95
49849,Gold,23-Feb-17,02-Mar-17,123097875,240700100001,1,23.4,12.2
53492,SILVER,23-Feb-17,23-Feb-17,123092832,220101000005,2,106.2,22.5
55450,Gold,23-Feb-17,23-Feb-17,123097997,240300200088,1,25.5,10.6
55816,Silver,23-Feb-17,26-Feb-17,123092835,240100100403,2,337.4,76.55
57795,Silver,23-Feb-17,23-Feb-17,123098045,240500200103,1,64.2,26.8
59440,SILVER,23-Feb-17,23-Feb-17,123093728,240100100282,1,33.4,15.9
60229,SILVER,23-Feb-17,23-Feb-17,123093733,240400300035,1,19.1,7.7
60363,GOLD,23-Feb-17,23-Feb-17,123095656,230100400025,2,33.6,6.5
60402,Gold,23-Feb-17,23-Feb-17,123095660,220200300016,1,101,46.05
60433,Silver,23-Feb-17,23-Feb-17,123093736,240300100033,1,31,14.75
62939,Gold,23-Feb-17,23-Feb-17,123098122,240100400087,1,117.2,58.55
62959,Silver,23-Feb-17,23-Feb-17,123096469,220100900014,1,28.5,11.9
63465,Gold,23-Feb-17,23-Feb-17,123093822,240100100447,1,13.5,5.7
64152,Silver,23-Feb-17,25-Feb-17,123098154,240800100011,2,273.2,58.8
64944,Gold,23-Feb-17,23-Feb-17,123098179,240100100089,1,72.1,31.3
64963,Gold,23-Feb-17,23-Feb-17,123095678,240700400013,1,68.2,35.55
65640,GOLD,23-Feb-17,23-Feb-17,123093876,240700400024,1,63.6,33.15
65748,Platinum,23-Feb-17,23-Feb-17,123093883,240100400121,1,116.5,56.8
70125,Silver,23-Feb-17,26-Feb-17,123094282,220101400346,1,34.5,17.2
73474,Silver,23-Feb-17,23-Feb-17,123094359,220200200077,1,126,57.35
75009,Silver,23-Feb-17,23-Feb-17,123094392,240600100085,1,6,2.45
77022,Gold,23-Feb-17,23-Feb-17,123092951,220101400007,2,84.8,19.35
77253,GOLD,23-Feb-17,23-Feb-17,123095072,210200900048,1,36.4,17.7
77308,Gold,23-Feb-17,23-Feb-17,123094458,220200100023,1,72.8,36.5
77983,Silver,23-Feb-17,23-Feb-17,123095081,220100700031,2,238.8,56.95
79633,Gold,23-Feb-17,23-Feb-17,123094503,220200300161,1,22.6,9.65
79945,SILVER,23-Feb-17,23-Feb-17,123095152,240500100032,1,54.9,24.35
82969,Gold,23-Feb-17,01-Mar-17,123096123,220100100629,1,53.3,26.75
83083,Gold,23-Feb-17,23-Feb-17,123094525,220200100240,1,40,20.1
83611,Silver,23-Feb-17,24-Feb-17,123096146,240700400030,1,21.7,9.45
88733,Gold,23-Feb-17,23-Feb-17,123096232,220200100212,1,103.5,51.85
90888,Silver,23-Feb-17,23-Feb-17,123095266,240100300006,1,51.5,22.8
92931,Gold,23-Feb-17,24-Feb-17,123095288,210200400047,1,30.6,15.4
94142,Silver,23-Feb-17,23-Feb-17,123093122,230100700002,3,660,135
424,Gold,24-Feb-17,24-Feb-17,123001048,240300300073,1,37.6,15.75
886,Silver,24-Feb-17,27-Feb-17,123002238,240800200034,2,133.4,30.25
1253,Silver,24-Feb-17,24-Feb-17,123001049,220100400024,1,91.1,43.9
1494,Silver,24-Feb-17,24-Feb-17,123098778,220200100099,1,157.8,79
2319,GOLD,24-Feb-17,24-Feb-17,123002325,240700100004,1,26.2,13.55
2532,Silver,24-Feb-17,24-Feb-17,123002340,220101300017,1,16.5,7.45
3360,Platinum,24-Feb-17,24-Feb-17,123002362,240700100007,1,22.85,9.3
3501,Silver,24-Feb-17,24-Feb-17,123099656,240200100240,1,24,12.1
4277,Silver,24-Feb-17,24-Feb-17,123001056,240100400014,1,251.4,125.65
4460,Gold,24-Feb-17,26-Feb-17,123099664,240600100129,1,35.7,15.55
5185,Silver,24-Feb-17,24-Feb-17,123002432,210200600072,1,73.2,30.8
5918,Gold,24-Feb-17,25-Feb-17,123098823,240400300025,1,77,33.45
6992,Gold,24-Feb-17,24-Feb-17,123000376,220101200032,1,99.3,42.75
9457,Gold,24-Feb-17,24-Feb-17,123000402,210200400011,1,46,23.1
9909,Gold,24-Feb-17,24-Feb-17,123002521,240100100142,1,1.8,0.75
10935,SILVER,24-Feb-17,24-Feb-17,123098960,230100500096,1,35.5,17.25
11689,Silver,24-Feb-17,24-Feb-17,123002577,240700200021,1,19.1,10.15
12040,Silver,24-Feb-17,01-Mar-17,123002587,220200300040,2,221.4,49.35
18367,SILVER,24-Feb-17,24-Feb-17,123002744,210200600110,1,25,11.35
18432,Gold,24-Feb-17,24-Feb-17,123002751,220101300019,1,55.2,22.15
18883,Gold,24-Feb-17,24-Feb-17,123099764,210201000092,1,34.5,16.2
20878,Silver,24-Feb-17,24-Feb-17,123001176,240200200060,1,184.5,73.85
20908,Silver,24-Feb-17,28-Feb-17,123099037,230100100058,2,96.6,20.5
22711,Silver,24-Feb-17,01-Mar-17,123099807,240200100109,1,133.9,68.45
22805,SILVER,24-Feb-17,24-Feb-17,123002844,230100700009,1,540.7,276
25519,Silver,24-Feb-17,24-Feb-17,123099101,220100400030,1,156.5,78.35
26269,Silver,24-Feb-17,24-Feb-17,123001467,230100100045,2,249.6,53.6
27032,Silver,24-Feb-17,24-Feb-17,123002956,220200200066,1,88.2,38.4
27562,Gold,24-Feb-17,27-Feb-17,123001480,220200200066,1,88.2,38.4
31683,Silver,24-Feb-17,24-Feb-17,123001987,240100400086,1,94.6,47.25
32073,Gold,24-Feb-17,24-Feb-17,123099187,220101400185,1,33.7,15
33655,Silver,24-Feb-17,01-Mar-17,123003185,240800100021,2,258.6,57.6
37048,Silver,24-Feb-17,24-Feb-17,123003241,220101400369,1,55.7,25.9
39346,Gold,24-Feb-17,24-Feb-17,123001996,240100400006,1,211.9,104.75
40059,GOLD,24-Feb-17,24-Feb-17,123099316,240700100012,1,21.99,9.1
43363,Gold,24-Feb-17,24-Feb-17,123099900,240800200003,2,203.75,40.75
44411,Platinum,24-Feb-17,01-Mar-17,123003493,240500100048,1,42.6,17.1
44872,Gold,24-Feb-17,24-Feb-17,123003503,220200300102,1,136.6,62.25
45528,Gold,24-Feb-17,24-Feb-17,123003524,220101400109,1,49.5,22.6
48716,GOLD,24-Feb-17,24-Feb-17,123099424,220100100296,1,84.3,42.25
49310,Gold,24-Feb-17,24-Feb-17,123003583,220101400126,1,41.1,18.4
49996,Silver,24-Feb-17,24-Feb-17,123003606,240100100077,1,138.4,62.85
50909,GOLD,24-Feb-17,02-Mar-17,123001318,220100300025,2,206,42.4
51145,Silver,24-Feb-17,24-Feb-17,123003647,220200300112,1,5.7,2.6
51365,Silver,24-Feb-17,24-Feb-17,123001535,240800100072,2,951.2,193.1
51697,Silver,24-Feb-17,24-Feb-17,123001541,220101200020,1,55.9,24.2
53230,Silver,24-Feb-17,24-Feb-17,123003710,210201000006,1,23.4,10.5
55979,Gold,24-Feb-17,24-Feb-17,123002040,240100200002,1,15.3,6.05
56503,Silver,24-Feb-17,24-Feb-17,123003824,220100100508,1,51.7,25.95
57013,Gold,24-Feb-17,01-Mar-17,123003829,240100100511,1,14.1,6.2
57256,Silver,24-Feb-17,02-Mar-17,123099496,230100600028,1,96.7,48.45
57759,Gold,24-Feb-17,24-Feb-17,123003906,230100500066,1,12.7,6.1
57799,GOLD,24-Feb-17,24-Feb-17,123000711,220100800066,1,46.2,22
61997,Gold,24-Feb-17,24-Feb-17,123099551,220200100208,1,93.9,47.05
63353,Gold,24-Feb-17,24-Feb-17,123001391,220200200068,1,100.9,43.9
71102,SILVER,24-Feb-17,24-Feb-17,123000029,220200200018,1,66.4,30.25
71605,Gold,24-Feb-17,24-Feb-17,123000058,240200100220,1,85.3,42.75
71846,Gold,24-Feb-17,24-Feb-17,123000781,240100300004,1,22.9,9.1
73261,Gold,24-Feb-17,24-Feb-17,123099605,240800200001,2,339,67.8
73954,SILVER,24-Feb-17,25-Feb-17,123000089,220200300082,1,71,32.3
74464,GOLD,24-Feb-17,24-Feb-17,123000108,240200200001,1,191.8,76.8
74874,SILVER,24-Feb-17,24-Feb-17,123000813,220100200005,2,143.4,28.65
75260,SILVER,24-Feb-17,28-Feb-17,123002095,230100400010,2,79.8,16.7
77281,Silver,24-Feb-17,24-Feb-17,123001610,220101400211,1,34.9,15.6
77952,Silver,24-Feb-17,24-Feb-17,123001644,230100100049,2,115.8,24.4
78695,Silver,24-Feb-17,01-Mar-17,123099622,240500200079,1,32.4,13.55
79735,Silver,24-Feb-17,24-Feb-17,123002150,230100600031,1,88.5,42.45
83440,Gold,24-Feb-17,28-Feb-17,123001715,240300300004,1,64,26.85
83770,SILVER,24-Feb-17,24-Feb-17,123098667,240100400081,2,240.2,56.45
84343,GOLD,24-Feb-17,24-Feb-17,123000213,220100100400,1,105.3,50.15
85582,SILVER,24-Feb-17,25-Feb-17,123001725,220200200036,1,60.2,27.4
86413,Silver,24-Feb-17,24-Feb-17,123001740,220100300038,2,282.4,57.95
86671,Silver,24-Feb-17,02-Mar-17,123001747,220101400193,2,47.6,10.9
87772,Silver,24-Feb-17,01-Mar-17,123098681,240100400002,2,12.2,2.85
90930,SILVER,24-Feb-17,24-Feb-17,123000995,220200200022,1,57.3,33.9
92565,Silver,24-Feb-17,24-Feb-17,123098730,240200200011,3,407.1,13
92882,Gold,24-Feb-17,27-Feb-17,123001808,220200300014,1,84.2,38.35
93643,Gold,24-Feb-17,24-Feb-17,123001825,220101400348,1,11.3,3.75
624,Silver,25-Feb-17,25-Feb-17,123004453,240500100029,1,58.9,26.1
724,SILVER,25-Feb-17,27-Feb-17,123004466,230100600039,1,106.8,51.1
3562,Gold,25-Feb-17,27-Feb-17,123004091,220101400246,2,83,18.9
3644,Gold,25-Feb-17,25-Feb-17,123007861,240700100012,1,21.99,9.1
4811,Gold,25-Feb-17,25-Feb-17,123004094,240400300024,1,39.7,18.1
5254,Gold,25-Feb-17,25-Feb-17,123007901,240200200079,1,93.2,8.75
9660,Silver,25-Feb-17,25-Feb-17,123004609,220100100017,1,18,9.85
11270,GOLD,25-Feb-17,25-Feb-17,123008084,240400200024,1,118.4,49.45
11736,Gold,25-Feb-17,01-Mar-17,123004654,240300300055,3,416.4,58.35
13942,Gold,25-Feb-17,07-Mar-17,123004668,220200100126,1,33.4,16.8
14836,PLATINUM,25-Feb-17,25-Feb-17,123004675,240500100062,1,54.6,23.85
15096,Silver,25-Feb-17,25-Feb-17,123004686,220100100567,1,35.8,18
15347,Silver,25-Feb-17,25-Feb-17,123004693,240300100059,3,99.9,15.95
15828,SILVER,25-Feb-17,25-Feb-17,123008228,240100400004,1,102.4,51.15
16779,GOLD,25-Feb-17,25-Feb-17,123008251,240100400112,1,114,54.8
20286,Gold,25-Feb-17,03-Mar-17,123005459,220101400384,1,60.3,30.1
29476,Silver,25-Feb-17,25-Feb-17,123008513,230100700004,1,360,199
35772,SILVER,25-Feb-17,25-Feb-17,123006843,220200100126,1,33.4,16.8
35876,Gold,25-Feb-17,25-Feb-17,123006845,240100200008,1,30,12.45
36289,Gold,25-Feb-17,25-Feb-17,123004934,220100100189,1,94.7,47.45
38503,Gold,25-Feb-17,25-Feb-17,123008731,220100500023,1,116.2,51.25
40052,Silver,25-Feb-17,25-Feb-17,123008800,220101400125,1,47.5,21.2
42065,Gold,25-Feb-17,02-Mar-17,123004438,240200100109,1,133.9,68.45
42608,Silver,25-Feb-17,25-Feb-17,123004952,220200300111,1,7.2,3.25
44652,Silver,25-Feb-17,27-Feb-17,123006231,210200600109,1,27.3,11.65
44883,Silver,25-Feb-17,25-Feb-17,123004991,240100400044,1,353.6,174.75
46838,SILVER,25-Feb-17,25-Feb-17,123008960,220200200055,1,183.2,91.7
46931,Gold,25-Feb-17,25-Feb-17,123005003,240400200014,1,14.8,8.6
48144,Gold,25-Feb-17,25-Feb-17,123005018,220100100468,1,90.2,45.05
49778,Silver,25-Feb-17,25-Feb-17,123009074,220100300022,5,60.5,5.95
50542,Silver,25-Feb-17,27-Feb-17,123006935,220100700022,1,51.7,21.9
52968,Gold,25-Feb-17,27-Feb-17,123005649,240100200012,1,32.2,13.35
53577,Gold,25-Feb-17,25-Feb-17,123009184,220100800040,1,111.5,53.05
54640,GOLD,25-Feb-17,01-Mar-17,123004181,240100100372,3,86.4,12.3
57501,SILVER,25-Feb-17,25-Feb-17,123005152,220100100370,2,41.4,10.45
58222,Silver,25-Feb-17,25-Feb-17,123009288,240200100001,1,86,43.1
58648,Gold,25-Feb-17,25-Feb-17,123009292,220200300101,1,130.4,58.05
59809,Silver,25-Feb-17,25-Feb-17,123006982,240200100148,1,31.8,12.55
60317,GOLD,25-Feb-17,25-Feb-17,123006985,240400200084,1,68.4,28.55
60385,GOLD,25-Feb-17,25-Feb-17,123005696,210201000206,1,41.1,18.7
60944,Silver,25-Feb-17,25-Feb-17,123005168,240500200027,1,53.9,22.45
62881,Gold,25-Feb-17,26-Feb-17,123009494,240800100006,5,1267.5,108
64430,Silver,25-Feb-17,28-Feb-17,123005218,240400300023,1,49.4,19.8
64572,Silver,25-Feb-17,25-Feb-17,123009526,220101400386,1,166.1,75.9
65170,GOLD,25-Feb-17,26-Feb-17,123005223,230100500061,1,18.3,8.05
65507,Gold,25-Feb-17,25-Feb-17,123005226,230100500018,1,1.4,0.6
70269,Silver,25-Feb-17,25-Feb-17,123007199,220100300037,2,231.6,48.7
70951,Silver,25-Feb-17,25-Feb-17,123004221,230100600028,3,290.1,48.45
71893,Silver,25-Feb-17,25-Feb-17,123005767,220200100212,1,103.5,51.85
73993,Gold,25-Feb-17,26-Feb-17,123007638,230100100059,2,268.8,57.05
74789,SILVER,25-Feb-17,03-Mar-17,123004225,240100100206,2,39.8,8.95
75132,Silver,25-Feb-17,25-Feb-17,123006431,220200200027,1,98.8,42.95
76410,GOLD,25-Feb-17,26-Feb-17,123006437,210201000152,1,38.1,17
77880,Gold,25-Feb-17,25-Feb-17,123006444,210200600034,1,21,8.7
79015,Gold,25-Feb-17,25-Feb-17,123007291,220101400046,1,42.2,18.35
79134,GOLD,25-Feb-17,28-Feb-17,123004253,210200900015,2,46,10.3
79290,Silver,25-Feb-17,27-Feb-17,123005893,210201000078,1,50.7,23.15
80133,SILVER,25-Feb-17,25-Feb-17,123007306,240800200021,2,179.4,38.9
80277,Silver,25-Feb-17,25-Feb-17,123007701,220101400020,1,109.2,49.75
82598,SILVER,25-Feb-17,25-Feb-17,123006525,240100100035,1,88.3,37.8
83126,Gold,25-Feb-17,25-Feb-17,123005910,240600100107,1,26.2,11.7
84242,Silver,25-Feb-17,25-Feb-17,123006532,220101400132,1,54.7,24.95
84671,GOLD,25-Feb-17,25-Feb-17,123005946,240600100202,1,20.7,8.6
85260,Silver,25-Feb-17,25-Feb-17,123006549,240700400014,1,16.8,7.7
86247,Gold,25-Feb-17,25-Feb-17,123007724,230100200073,1,46.9,20.2
87082,Silver,25-Feb-17,01-Mar-17,123006560,240100200012,1,32.2,13.35
87378,Silver,25-Feb-17,02-Mar-17,123004436,240200100186,1,1.4,0.65
89142,Silver,25-Feb-17,25-Feb-17,123007355,240200100180,1,121.6,62.9
91621,Silver,25-Feb-17,25-Feb-17,123006589,210200400091,1,40.7,20.45
92103,GOLD,25-Feb-17,25-Feb-17,123004382,240200100097,2,471.4,114
93910,Gold,25-Feb-17,25-Feb-17,123006627,240100300004,1,22.9,9.1
261,Gold,26-Feb-17,26-Feb-17,123012188,220101400256,1,34.9,15.6
425,Silver,26-Feb-17,26-Feb-17,123011575,220200200043,1,36.9,18.3
2381,Gold,26-Feb-17,26-Feb-17,123010127,230100500008,1,38,16.8
4518,Gold,26-Feb-17,01-Mar-17,123010935,240600100089,1,22,9.1
4658,SILVER,26-Feb-17,26-Feb-17,123013002,220100400030,1,156.5,78.35
9330,Gold,26-Feb-17,26-Feb-17,123010954,240600100203,1,38.7,15.85
9476,Silver,26-Feb-17,26-Feb-17,123009640,240100400087,2,234.4,58.55
9478,Silver,26-Feb-17,04-Mar-17,123011628,210201000206,1,41.1,18.7
10434,SILVER,26-Feb-17,26-Feb-17,123013664,220100300029,2,379.4,80.9
11124,Gold,26-Feb-17,28-Feb-17,123011648,210200300065,1,11.7,5.9
12176,GOLD,26-Feb-17,26-Feb-17,123013700,240100100672,2,395.8,84.9
12741,SILVER,26-Feb-17,28-Feb-17,123013066,230100300014,1,39.9,16.7
12835,Gold,26-Feb-17,02-Mar-17,123013367,230100500066,1,12.7,6.1
14338,Silver,26-Feb-17,02-Mar-17,123013733,240100100053,1,22.8,11.45
15129,Platinum,26-Feb-17,26-Feb-17,123013754,210201000206,1,41.1,18.7
15287,Gold,26-Feb-17,26-Feb-17,123012253,220200100220,1,74.5,36.1
15761,Silver,26-Feb-17,26-Feb-17,123013826,210201000117,1,45.8,20.9
19251,Silver,26-Feb-17,26-Feb-17,123012564,240500100031,1,57.3,25.45
19828,Gold,26-Feb-17,26-Feb-17,123010313,240100100458,1,6.7,2.95
21986,Gold,26-Feb-17,26-Feb-17,123013955,220100200006,1,39.6,15.9
22543,Silver,26-Feb-17,27-Feb-17,123011694,240100400118,1,262.8,125.15
22991,Gold,26-Feb-17,26-Feb-17,123011695,240100100325,1,479.3,239.6
23370,Silver,26-Feb-17,26-Feb-17,123013996,220200100078,1,110.8,55.5
23440,Silver,26-Feb-17,26-Feb-17,123010358,220101100024,1,19.7,8.25
28252,SILVER,26-Feb-17,26-Feb-17,123014167,220100100581,1,38.7,19.45
28974,Silver,26-Feb-17,26-Feb-17,123012312,240100100563,1,51,21.25
30775,Silver,26-Feb-17,26-Feb-17,123014250,230100100049,2,115.8,24.4
30960,Silver,26-Feb-17,26-Feb-17,123014253,220100300001,2,180.4,38.3
31151,Gold,26-Feb-17,26-Feb-17,123012324,240100200001,1,15.9,6.3
31191,GOLD,26-Feb-17,26-Feb-17,123013084,210201000168,1,32.3,16.25
31514,Gold,26-Feb-17,26-Feb-17,123012611,220200200024,1,59.5,32.25
33473,GOLD,26-Feb-17,26-Feb-17,123009717,240400300035,1,19.1,7.7
36274,GOLD,26-Feb-17,01-Mar-17,123012640,220101400204,1,19.1,8.75
38975,GOLD,26-Feb-17,26-Feb-17,123010475,240800200009,2,171.2,34.3
38987,GOLD,26-Feb-17,26-Feb-17,123012378,220200300115,1,84.9,38.65
40222,GOLD,26-Feb-17,26-Feb-17,123014483,240700200024,1,16,6.35
42189,Gold,26-Feb-17,26-Feb-17,123009756,220101400138,3,140.1,23.45
42190,Silver,26-Feb-17,26-Feb-17,123010531,240100100714,1,92.8,39.85
43166,Silver,26-Feb-17,26-Feb-17,123010549,220101400150,1,28.2,12.9
45041,GOLD,26-Feb-17,26-Feb-17,123014636,220101400201,1,40.2,17.9
46676,Gold,26-Feb-17,01-Mar-17,123015080,240100400121,1,116.5,56.8
48145,Gold,26-Feb-17,26-Feb-17,123010665,240100200008,1,30,12.45
48687,GOLD,26-Feb-17,28-Feb-17,123014720,230100300010,1,42.4,17.05
50562,Silver,26-Feb-17,26-Feb-17,123010675,230100100006,2,352,74.55
53401,Silver,26-Feb-17,26-Feb-17,123014785,220200100194,1,122.6,61.4
53611,Gold,26-Feb-17,26-Feb-17,123012459,240100100118,1,100.2,40
56228,Silver,26-Feb-17,26-Feb-17,123013137,230100500096,1,35.5,17.25
58791,Silver,26-Feb-17,28-Feb-17,123010776,230100600036,1,103.2,50.4
59609,Gold,26-Feb-17,26-Feb-17,123014945,210200400031,1,49.4,24.8
60518,Silver,26-Feb-17,26-Feb-17,123009833,240100100491,3,62.1,10.45
61952,Gold,26-Feb-17,26-Feb-17,123009840,240500200007,2,19,4.55
63466,Gold,26-Feb-17,26-Feb-17,123010818,220100100635,1,86.4,43.3
65312,Gold,26-Feb-17,26-Feb-17,123015073,210200300055,1,103.1,51.65
65785,Silver,26-Feb-17,26-Feb-17,123011888,220100800050,1,55,26.2
70175,GOLD,26-Feb-17,26-Feb-17,123011895,210201000066,1,23.6,10.6
70839,Gold,26-Feb-17,01-Mar-17,123010854,240500200088,1,39.7,18.9
72394,Silver,26-Feb-17,26-Feb-17,123009870,240100200004,1,35.2,14.8
73821,Silver,26-Feb-17,26-Feb-17,123012739,240100100642,1,72.6,30.95
74457,Gold,26-Feb-17,04-Mar-17,123013223,230100100061,2,350.4,73.65
74896,Gold,26-Feb-17,26-Feb-17,123009906,220100100570,2,45.4,11.45
76401,Gold,26-Feb-17,28-Feb-17,123011945,240100100392,1,133.3,59.95
76987,Silver,26-Feb-17,26-Feb-17,123009927,240200100182,2,221.8,55.55
77311,Silver,26-Feb-17,26-Feb-17,123012762,240200100152,1,293.9,168.05
77547,Gold,26-Feb-17,26-Feb-17,123011357,220100700046,1,137.4,65.5
78733,Silver,26-Feb-17,26-Feb-17,123011367,240100400129,1,237.4,111
79310,Gold,26-Feb-17,26-Feb-17,123013312,220200300086,1,137.3,62.5
80552,SILVER,26-Feb-17,26-Feb-17,123012796,240500200074,1,22.6,9.45
80908,Gold,26-Feb-17,26-Feb-17,123011372,220200100126,1,33.4,16.8
81950,Platinum,26-Feb-17,02-Mar-17,123011405,240300100028,1,469.4,221.25
85311,Silver,26-Feb-17,26-Feb-17,123012856,220101400093,1,40.3,18.35
88014,Gold,26-Feb-17,26-Feb-17,123012873,240800200021,2,179.4,38.9
88545,Gold,26-Feb-17,26-Feb-17,123012112,210200100014,1,35,15.65
89711,Silver,26-Feb-17,03-Mar-17,123010030,240100400062,2,226.4,54
91834,Silver,26-Feb-17,26-Feb-17,123011504,210200100012,1,17.8,8.4
92259,Silver,26-Feb-17,26-Feb-17,123011533,240100100500,1,20.2,9.65
93613,Gold,26-Feb-17,01-Mar-17,123011558,230100600041,1,67.5,32.15
2033,Gold,27-Feb-17,27-Feb-17,123018816,220200100153,1,48.2,24.2
2078,SILVER,27-Feb-17,01-Mar-17,123018822,240800200001,2,339,67.8
2231,SILVER,27-Feb-17,03-Mar-17,123015525,230100600021,1,84.2,42.2
3844,Silver,27-Feb-17,27-Feb-17,123016363,220100100261,1,39.1,19.65
6203,GOLD,27-Feb-17,28-Feb-17,123016372,220200200018,1,66.4,30.25
8390,Silver,27-Feb-17,27-Feb-17,123018953,220100100583,1,49.1,24.65
8642,Gold,27-Feb-17,27-Feb-17,123017520,220200200047,1,135.8,68
9324,Silver,27-Feb-17,27-Feb-17,123017529,240200200071,1,18.7,10
9505,Silver,27-Feb-17,27-Feb-17,123018962,220101400263,1,132.2,60.25
11173,Silver,27-Feb-17,27-Feb-17,123015600,220100500026,1,63,28.7
13797,SILVER,27-Feb-17,27-Feb-17,123019047,240100100673,1,59.9,25.35
17568,Silver,27-Feb-17,27-Feb-17,123017981,230100300006,1,68.5,34.35
17956,Silver,27-Feb-17,02-Mar-17,123017053,210201000134,1,42.2,19.2
19449,Gold,27-Feb-17,27-Feb-17,123017982,240600100054,1,26.1,11.95
19810,Silver,27-Feb-17,27-Feb-17,123017630,220200100213,1,116.3,56.3
19815,Silver,27-Feb-17,27-Feb-17,123017058,220200300157,1,73.4,36.65
20211,Gold,27-Feb-17,27-Feb-17,123017068,230100100062,4,566.8,61
21249,Gold,27-Feb-17,12-Mar-17,123019174,240800200052,2,48.6,11.65
22313,Silver,27-Feb-17,27-Feb-17,123015748,240300200016,1,50.6,23.05
22371,Gold,27-Feb-17,27-Feb-17,123015128,240600100168,2,45.4,9.7
23217,Gold,27-Feb-17,06-Mar-17,123019200,220100100203,1,85,42.6
23690,Gold,27-Feb-17,27-Feb-17,123015774,240100100632,1,24.4,17.5
24480,SILVER,27-Feb-17,27-Feb-17,123017648,240700100007,4,91.4,9.3
26879,Gold,27-Feb-17,27-Feb-17,123019250,230100700002,1,220,135
27068,SILVER,27-Feb-17,27-Feb-17,123019281,240500100061,1,71.2,30.85
27262,Gold,27-Feb-17,27-Feb-17,123019305,220100700024,1,99.7,47.45
28865,Silver,27-Feb-17,28-Feb-17,123018041,220101400291,1,80.6,36.8
30778,Gold,27-Feb-17,02-Mar-17,123019409,220101200021,1,171.1,73.15
31656,Silver,27-Feb-17,27-Feb-17,123017705,240100200012,1,32.2,13.35
34216,Silver,27-Feb-17,02-Mar-17,123015981,220200300161,1,22.6,9.65
36387,Gold,27-Feb-17,01-Mar-17,123016065,240800100083,2,69.4,22.1
36901,GOLD,27-Feb-17,27-Feb-17,123019551,240100400083,1,107.5,53.7
37630,Silver,27-Feb-17,27-Feb-17,123019573,220100100599,2,92.8,23.3
37727,Silver,27-Feb-17,27-Feb-17,123019581,220100100079,1,47.8,24
39961,Gold,27-Feb-17,27-Feb-17,123018062,220200100236,1,68.2,34.2
43329,Silver,27-Feb-17,27-Feb-17,123017777,210200100004,1,36.3,16.15
43531,GOLD,27-Feb-17,27-Feb-17,123019661,240100100061,1,12.9,6.35
43576,Gold,27-Feb-17,27-Feb-17,123018067,230100200026,1,273.2,124.1
45474,Silver,27-Feb-17,27-Feb-17,123018579,230100100012,2,358.6,82
45933,Gold,27-Feb-17,27-Feb-17,123016131,230100200073,1,46.9,20.2
46421,Silver,27-Feb-17,27-Feb-17,123019793,240800100082,5,1113,100.9
47787,Silver,27-Feb-17,27-Feb-17,123019814,220101400263,1,132.2,60.25
49153,SILVER,27-Feb-17,27-Feb-17,123018117,230100600022,1,84.1,42.15
50067,Silver,27-Feb-17,27-Feb-17,123019878,230100500046,1,45.6,21.7
50634,Gold,27-Feb-17,27-Feb-17,123019908,220101400102,1,23.6,10.8
50908,SILVER,27-Feb-17,27-Feb-17,123019919,220100100385,1,11.4,5.75
52624,GOLD,27-Feb-17,27-Feb-17,123019928,240700100004,1,26.2,13.55
53719,Silver,27-Feb-17,04-Mar-17,123019948,240500100029,1,58.9,26.1
54112,Gold,27-Feb-17,27-Feb-17,123017193,220200300133,1,28.2,12.95
54468,Gold,27-Feb-17,27-Feb-17,123017843,240100200008,1,30,12.45
55747,Gold,27-Feb-17,27-Feb-17,123016209,220101400205,1,24.7,11.1
57913,Silver,27-Feb-17,01-Mar-17,123017901,220100100626,1,35.7,17.8
58631,Silver,27-Feb-17,27-Feb-17,123020082,240200100136,1,756.7,436.9
71944,Silver,27-Feb-17,27-Feb-17,123018629,240100400148,1,253.1,125.1
75269,SILVER,27-Feb-17,27-Feb-17,123017296,240500200042,1,37,17.6
77907,Silver,27-Feb-17,27-Feb-17,123017313,220200200032,1,96.4,43.85
78356,Silver,27-Feb-17,27-Feb-17,123016757,240600100021,1,62.4,25.7
78869,SILVER,27-Feb-17,01-Mar-17,123018671,230100500093,1,132.8,55.85
79488,Gold,27-Feb-17,28-Feb-17,123018287,220200300069,1,109.4,48.75
79591,Silver,27-Feb-17,27-Feb-17,123018684,230100200073,1,46.9,20.2
80513,Gold,27-Feb-17,27-Feb-17,123018699,240700400004,1,13.2,5.95
83099,SILVER,27-Feb-17,27-Feb-17,123017359,230100100058,2,96.6,20.5
84490,Platinum,27-Feb-17,28-Feb-17,123015421,240300300067,2,127.4,26.95
85164,GOLD,27-Feb-17,27-Feb-17,123016889,220200300015,1,115,52.4
87032,Gold,27-Feb-17,27-Feb-17,123017381,220200200032,1,96.4,43.85
88016,Gold,27-Feb-17,27-Feb-17,123016893,220200200054,1,195.7,97.95
90941,GOLD,27-Feb-17,27-Feb-17,123017453,240100100468,1,18,8.25
91089,Gold,27-Feb-17,27-Feb-17,123018749,210200900048,1,36.4,17.7
91728,Silver,27-Feb-17,27-Feb-17,123018424,230100200024,1,251.6,114.4
92027,Silver,27-Feb-17,27-Feb-17,123017475,220100100273,1,38.8,19.5
1951,Gold,28-Feb-17,28-Feb-17,123023225,210200500007,1,39.4,17.8
3314,Silver,28-Feb-17,02-Mar-17,123020790,230100700002,1,220,135
8715,Gold,28-Feb-17,28-Feb-17,123020869,220100900020,1,14.9,5.8
8767,SILVER,28-Feb-17,28-Feb-17,123023255,220200100227,1,261.2,130.55
9070,Gold,28-Feb-17,28-Feb-17,123024371,220200100222,1,109,60.05
9274,Gold,28-Feb-17,28-Feb-17,123023262,220100100261,1,39.1,19.65
9979,Gold,28-Feb-17,02-Mar-17,123024378,220100700022,1,51.7,21.9
12409,Silver,28-Feb-17,02-Mar-17,123020304,220101400091,2,65.6,15
12754,Silver,28-Feb-17,28-Feb-17,123023295,240400300030,1,55.5,22.25
13761,Silver,28-Feb-17,02-Mar-17,123021932,240700100006,1,23.5,9.5
14374,Gold,28-Feb-17,28-Feb-17,123023316,220101400328,2,37.6,8.75
18294,Gold,28-Feb-17,06-Mar-17,123025129,240100400070,1,175.9,127.95
18537,Silver,28-Feb-17,28-Feb-17,123025136,220101300017,1,16.5,7.45
18655,GOLD,28-Feb-17,28-Feb-17,123020994,220200200054,1,195.7,97.95
19491,GOLD,28-Feb-17,28-Feb-17,123022643,240800100077,5,2382.5,206.15
19799,GOLD,28-Feb-17,28-Feb-17,123023356,220200100208,1,93.9,47.05
20640,Silver,28-Feb-17,04-Mar-17,123025209,230100100015,2,213.8,45.5
21164,Silver,28-Feb-17,28-Feb-17,123025228,240700100001,1,23.4,12.2
21446,Silver,28-Feb-17,28-Feb-17,123023985,240200100182,2,221.8,55.55
24896,Silver,28-Feb-17,28-Feb-17,123023407,220200300137,1,97.2,44.25
26103,SILVER,28-Feb-17,28-Feb-17,123023431,240700400007,1,18.3,8.1
27755,Silver,28-Feb-17,28-Feb-17,123022658,220200100002,1,39.1,19.65
28735,Gold,28-Feb-17,28-Feb-17,123020371,240600100012,2,47.2,9.8
30123,Silver,28-Feb-17,28-Feb-17,123023457,220101400007,1,42.4,19.35
30789,Gold,28-Feb-17,28-Feb-17,123025408,210200400062,1,56.1,28.15
32115,Silver,28-Feb-17,28-Feb-17,123022021,210200700005,1,16.9,7.4
32412,Silver,28-Feb-17,28-Feb-17,123023478,230100300011,1,49.3,19.8
32434,Silver,28-Feb-17,02-Mar-17,123021109,230100500068,1,1.7,0.8
32760,Gold,28-Feb-17,28-Feb-17,123022023,210200400040,1,46.5,23.35
33611,GOLD,28-Feb-17,28-Feb-17,123023497,220200100186,1,127.6,63.9
33740,Silver,28-Feb-17,28-Feb-17,123021133,240500100054,1,70.5,28.25
36286,SILVER,28-Feb-17,05-Mar-17,123021184,220200100047,2,149.6,36.85
37756,Gold,28-Feb-17,02-Mar-17,123025540,240700400018,1,23,10.2
37889,Gold,28-Feb-17,04-Mar-17,123025549,240100100410,1,20.7,9.5
38932,GOLD,28-Feb-17,04-Mar-17,123025601,230100500061,2,36.6,8.05
41723,Gold,28-Feb-17,04-Mar-17,123022753,240700400031,1,54,27.1
42358,Gold,28-Feb-17,28-Feb-17,123021272,240500200107,1,169.5,70.6
42895,Gold,28-Feb-17,01-Mar-17,123025731,240100400085,1,64.5,30.95
43454,Silver,28-Feb-17,28-Feb-17,123025746,210200100009,1,34.7,15.5
45102,SILVER,28-Feb-17,28-Feb-17,123021321,240100400142,1,153.8,77
45173,SILVER,28-Feb-17,28-Feb-17,123024030,220200100182,1,129.7,64.95
49178,Gold,28-Feb-17,28-Feb-17,123023646,240100100297,1,5.7,2.65
49241,Gold,28-Feb-17,28-Feb-17,123023649,240100100699,1,11.2,4.6
49688,Silver,28-Feb-17,03-Mar-17,123025931,240700400014,1,16.8,7.7
50195,Gold,28-Feb-17,05-Mar-17,123025942,230100500056,1,8,3.5
50554,GOLD,28-Feb-17,28-Feb-17,123022115,240600100007,1,11.7,4.8
50845,Silver,28-Feb-17,04-Mar-17,123025946,240700200009,1,26.7,10.85
51031,Gold,28-Feb-17,28-Feb-17,123024035,240500100004,1,63.5,28
51403,Platinum,28-Feb-17,28-Feb-17,123021454,210200100005,1,13,5.75
51614,Gold,28-Feb-17,28-Feb-17,123021461,220200300164,1,82,37.45
52943,GOLD,28-Feb-17,03-Mar-17,123023712,220100100300,1,26,13.1
53468,Gold,28-Feb-17,01-Mar-17,123024052,240200100198,1,59.1,29.05
53491,Silver,28-Feb-17,04-Mar-17,123024499,230100600028,1,96.7,48.45
53787,Gold,28-Feb-17,28-Feb-17,123021513,220100700042,1,83.2,35.3
54260,Silver,28-Feb-17,06-Mar-17,123023742,220100400003,1,161.8,81
55519,Silver,28-Feb-17,28-Feb-17,123021548,240100400044,1,353.6,174.75
57884,Silver,28-Feb-17,06-Mar-17,123023773,220100100087,1,227.5,113.85
58046,Silver,28-Feb-17,06-Mar-17,123022833,210200500006,1,24,11.95
58191,Gold,28-Feb-17,28-Feb-17,123023776,240500200092,1,32.7,15.7
58249,Gold,28-Feb-17,28-Feb-17,123023779,220200200080,1,177.6,82.75
60527,Gold,28-Feb-17,28-Feb-17,123026209,220101200027,1,72.8,31.65
61182,SILVER,28-Feb-17,28-Feb-17,123024069,240100100646,1,109.9,46.8
61325,SILVER,28-Feb-17,28-Feb-17,123026234,220101100025,1,17.5,7.3
61624,Silver,28-Feb-17,01-Mar-17,123021635,230100700011,1,252,103.95
62205,SILVER,28-Feb-17,28-Feb-17,123024079,220101200025,1,26.3,11.4
62843,Silver,28-Feb-17,28-Feb-17,123026279,220100300030,3,479.4,66.55
63200,Gold,28-Feb-17,28-Feb-17,123023858,220200200041,1,112.6,51.3
63355,SILVER,28-Feb-17,28-Feb-17,123024085,220101400073,1,43.1,19.6
64234,Silver,28-Feb-17,28-Feb-17,123026336,210201000093,1,47,21.45
70143,Gold,28-Feb-17,28-Feb-17,123024099,230100600026,1,118.6,59.4
72255,Gold,28-Feb-17,28-Feb-17,123024551,240100100571,1,49.6,20.65
72615,Silver,28-Feb-17,28-Feb-17,123021724,220101400023,1,23.9,11
72834,Silver,28-Feb-17,28-Feb-17,123022919,240300100004,1,17.4,8.1
75261,Gold,28-Feb-17,01-Mar-17,123022199,220200200067,1,80.8,35.15
75921,Silver,28-Feb-17,01-Mar-17,123024607,220200300009,1,52,23.75
76405,Silver,28-Feb-17,28-Feb-17,123024174,240200100038,1,18.5,9.35
78576,Silver,28-Feb-17,05-Mar-17,123024189,220200100202,1,92,46.1
80089,Gold,28-Feb-17,28-Feb-17,123022317,220100100528,1,35,17.6
82456,Silver,28-Feb-17,28-Feb-17,123024220,240800200020,2,326.8,74.3
83212,Gold,28-Feb-17,28-Feb-17,123024244,230100100058,2,96.6,20.5
84258,Gold,28-Feb-17,28-Feb-17,123023102,240100100517,1,25.4,11
85756,Platinum,28-Feb-17,06-Mar-17,123021778,240500200120,1,20.9,9.9
85935,Silver,28-Feb-17,05-Mar-17,123024699,230100500092,1,115.6,48.15
88608,Silver,28-Feb-17,04-Mar-17,123020651,220100100566,2,118,29.6
89191,Gold,28-Feb-17,28-Feb-17,123020655,240700200019,2,33.8,8.6
89818,Silver,28-Feb-17,28-Feb-17,123020685,240600100080,2,56.6,8.55
90060,Silver,28-Feb-17,28-Feb-17,123022475,240600100049,1,24.3,11.05
92196,Silver,28-Feb-17,28-Feb-17,123022533,240600100107,1,26.2,11.7
92896,Gold,28-Feb-17,28-Feb-17,123024322,240700400028,1,38.1,19.75
92950,SILVER,28-Feb-17,28-Feb-17,123023184,220200200052,1,199.2,90.6
582,Gold,01-Mar-17,01-Mar-17,123028491,230100700008,1,494.4,241
2281,Silver,01-Mar-17,01-Mar-17,123028179,220100100580,1,56.5,28.35
4088,Gold,01-Mar-17,01-Mar-17,123028608,240400300032,1,31.9,12.85
12112,GOLD,01-Mar-17,01-Mar-17,123028686,230100600033,1,85.1,40.65
15052,Gold,01-Mar-17,01-Mar-17,123027324,230100100034,2,155.4,32.25
16193,Gold,01-Mar-17,01-Mar-17,123026852,220100800019,1,21.4,10.2
22775,Silver,01-Mar-17,01-Mar-17,123026897,240600100109,1,44,19.15
28349,Silver,01-Mar-17,01-Mar-17,123028975,220100700038,1,100.2,47.75
29822,Silver,01-Mar-17,01-Mar-17,123029015,220100700034,1,80.5,38.3
31147,Gold,01-Mar-17,03-Mar-17,123027282,210201000130,1,29.6,13.2
33165,Gold,01-Mar-17,01-Mar-17,123026927,240500200100,1,22.7,10.85
33677,GOLD,01-Mar-17,01-Mar-17,123029069,210200600103,1,24.9,10.05
37364,Gold,01-Mar-17,01-Mar-17,123026950,240200100066,1,288.8,140.55
37535,Gold,01-Mar-17,01-Mar-17,123027915,230100600028,1,96.7,48.45
39946,SILVER,01-Mar-17,03-Mar-17,123028254,240200100052,1,99.7,51.4
40323,Gold,01-Mar-17,01-Mar-17,123027923,240500200059,1,31,14.8
46388,Gold,01-Mar-17,01-Mar-17,123029340,220200200078,1,107.7,46.8
47094,Gold,01-Mar-17,05-Mar-17,123026976,230100600013,1,71.7,35.95
50076,Gold,01-Mar-17,01-Mar-17,123029383,230100700011,1,252,103.95
50115,Silver,01-Mar-17,01-Mar-17,123027485,240100100262,1,23.2,9.7
52840,SILVER,01-Mar-17,01-Mar-17,123027026,220200300014,1,84.2,38.35
53656,SILVER,01-Mar-17,01-Mar-17,123026553,240100200014,1,55.4,22.8
55447,GOLD,01-Mar-17,01-Mar-17,123026557,240500200101,1,119.4,49.75
61476,GOLD,01-Mar-17,01-Mar-17,123027564,210200300073,1,13.7,6.9
73441,Gold,01-Mar-17,01-Mar-17,123027606,220101400395,1,81.5,37.2
73764,Gold,01-Mar-17,01-Mar-17,123027121,220101400091,1,32.8,15
74033,Gold,01-Mar-17,05-Mar-17,123027625,240100300001,1,35.5,17.9
74476,Silver,01-Mar-17,05-Mar-17,123027142,220101100005,1,7.8,2.95
74687,Gold,01-Mar-17,01-Mar-17,123028011,220200200026,2,185.8,42.55
77528,SILVER,01-Mar-17,01-Mar-17,123028036,230100700011,1,252,103.95
80840,Silver,01-Mar-17,01-Mar-17,123028357,230100100046,1,134.8,55.1
82998,Silver,01-Mar-17,01-Mar-17,123026671,240300300104,1,55,23.45
84375,SILVER,01-Mar-17,01-Mar-17,123028365,230100100058,1,48.3,20.5
84406,Gold,01-Mar-17,01-Mar-17,123028376,240700400010,1,61.3,31.95
85858,Gold,01-Mar-17,01-Mar-17,123026692,230100500082,1,126.1,58.6
87165,SILVER,01-Mar-17,02-Mar-17,123026743,240200100038,1,18.5,9.35
92125,Silver,01-Mar-17,01-Mar-17,123028391,220101200014,1,88,38.25
93250,Gold,01-Mar-17,01-Mar-17,123028418,230100500096,2,71,17.25
93273,Silver,01-Mar-17,01-Mar-17,123027798,240100400095,1,200.1,97.75
93569,Gold,01-Mar-17,01-Mar-17,123028173,220100100094,1,88.6,44.4
93957,Silver,01-Mar-17,01-Mar-17,123028431,230100700009,1,540.7,276
94223,Gold,01-Mar-17,01-Mar-17,123028449,240100400078,1,350.5,175.2
79,Silver,02-Mar-17,03-Mar-17,123033319,240100400005,1,234.6,115.95
268,Gold,02-Mar-17,02-Mar-17,123031148,240200100175,1,2.2,0.9
327,Gold,02-Mar-17,02-Mar-17,123033326,210200600037,1,22.7,10.3
1037,Gold,02-Mar-17,07-Mar-17,123032120,220101400112,1,40.9,18.6
2359,Gold,02-Mar-17,02-Mar-17,123031156,240600100168,1,22.7,9.7
2990,Silver,02-Mar-17,02-Mar-17,123033405,220200300015,1,115,52.4
3205,Silver,02-Mar-17,04-Mar-17,123032970,230100300006,1,68.5,34.35
3307,Gold,02-Mar-17,02-Mar-17,123033432,230100700011,1,252,103.95
3493,SILVER,02-Mar-17,07-Mar-17,123030326,230100500075,1,181.5,76.3
4567,Gold,02-Mar-17,02-Mar-17,123032126,240700400003,1,12.4,5.6
6045,Gold,02-Mar-17,02-Mar-17,123031168,220200100019,1,98.1,49.15
8415,Gold,02-Mar-17,02-Mar-17,123030358,220200300046,1,61.3,27.9
8486,Gold,02-Mar-17,02-Mar-17,123033592,220100400003,1,161.8,81
9476,Gold,02-Mar-17,02-Mar-17,123029763,240500100026,1,55.2,24.5
10188,Silver,02-Mar-17,07-Mar-17,123033599,240500200042,1,37,17.6
11657,Silver,02-Mar-17,02-Mar-17,123031713,230100700011,1,252,103.95
12422,Gold,02-Mar-17,02-Mar-17,123033691,230100600006,1,14,6.5
13759,Silver,02-Mar-17,02-Mar-17,123030401,220200100090,2,177.2,44.4
13792,Gold,02-Mar-17,02-Mar-17,123032165,230100100015,1,106.9,45.5
14027,Silver,02-Mar-17,02-Mar-17,123031030,220100500003,1,97.7,43.05
16487,Silver,02-Mar-17,02-Mar-17,123031716,210200600001,1,36.3,18.1
17159,GOLD,02-Mar-17,02-Mar-17,123033828,220100100611,1,69.8,35
18270,Silver,02-Mar-17,02-Mar-17,123030416,220200200042,1,127.3,58
18697,Gold,02-Mar-17,03-Mar-17,123033853,240100400002,1,6.1,2.85
19269,Silver,02-Mar-17,07-Mar-17,123033883,220200100226,1,133.2,66.7
19607,Silver,02-Mar-17,03-Mar-17,123033902,240100400022,1,187.3,87.35
20368,Silver,02-Mar-17,02-Mar-17,123032517,220100300017,1,22.4,10.6
20663,Gold,02-Mar-17,02-Mar-17,123029790,220100100171,1,170.4,85.3
20737,Gold,02-Mar-17,02-Mar-17,123030441,220200100132,1,89.5,44.85
20737,SILVER,02-Mar-17,06-Mar-17,123030449,230100600022,1,84.1,42.15
21776,Silver,02-Mar-17,02-Mar-17,123032226,240200200068,1,298.8,151.55
23161,Gold,02-Mar-17,02-Mar-17,123033946,240700100011,1,26.99,10.23
23980,Gold,02-Mar-17,02-Mar-17,123032530,240100100649,1,77.1,32.85
24127,Silver,02-Mar-17,08-Mar-17,123033979,210200100014,1,35,15.65
24293,Silver,02-Mar-17,02-Mar-17,123031229,220100700003,1,108.7,53
24924,Silver,02-Mar-17,02-Mar-17,123030535,240500200145,1,12.6,5.95
27519,Silver,02-Mar-17,02-Mar-17,123031243,240600100017,1,53,23.25
28254,Gold,02-Mar-17,03-Mar-17,123032264,220100100189,1,94.7,47.45
28608,Gold,02-Mar-17,06-Mar-17,123032269,220100300007,2,141.2,28.3
29063,SILVER,02-Mar-17,02-Mar-17,123031251,220100100316,1,49.5,24.85
29692,Gold,02-Mar-17,02-Mar-17,123030582,240100200001,1,15.9,6.3
31824,Silver,02-Mar-17,02-Mar-17,123029845,240500100017,1,53.5,23.75
32828,Silver,02-Mar-17,02-Mar-17,123030600,240700400028,1,38.1,19.75
33438,Platinum,02-Mar-17,02-Mar-17,123031274,220200100224,1,144.9,72.55
33979,GOLD,02-Mar-17,03-Mar-17,123034216,240600100181,1,36.8,16
35042,Gold,02-Mar-17,04-Mar-17,123030635,240800200055,1,46.2,20.75
35693,Silver,02-Mar-17,10-Mar-17,123033038,230100100051,1,184.9,78.15
37772,SILVER,02-Mar-17,02-Mar-17,123034307,220200100240,1,40,20.1
38058,Platinum,02-Mar-17,02-Mar-17,123034327,240700100007,1,22.85,9.3
38088,Gold,02-Mar-17,05-Mar-17,123033308,230100300014,1,39.9,16.7
38333,Silver,02-Mar-17,02-Mar-17,123032343,240100200012,1,32.2,13.35
39509,Gold,02-Mar-17,06-Mar-17,123030305,240200100109,1,133.9,68.45
40313,Gold,02-Mar-17,02-Mar-17,123034427,230100600033,1,85.1,40.65
46424,Silver,02-Mar-17,02-Mar-17,123029899,240700100006,1,23.5,9.5
47515,GOLD,02-Mar-17,03-Mar-17,123032391,220100500020,1,104.4,46.25
48465,Gold,02-Mar-17,02-Mar-17,123032394,210200200016,1,27.8,11.9
48634,Silver,02-Mar-17,02-Mar-17,123032609,220200200027,1,98.8,42.95
53298,Silver,02-Mar-17,02-Mar-17,123031832,240500200123,1,20,9.5
57546,Gold,02-Mar-17,04-Mar-17,123034760,220200300016,2,202,46.05
57985,Gold,02-Mar-17,03-Mar-17,123034764,240800200006,1,225.5,112.85
58723,Gold,02-Mar-17,02-Mar-17,123032444,220101400348,1,11.3,3.75
59431,Silver,02-Mar-17,02-Mar-17,123029948,240400200094,1,254.2,115.6
61655,Silver,02-Mar-17,02-Mar-17,123034857,230100500055,1,25.5,10.75
62144,Gold,02-Mar-17,02-Mar-17,123030989,220200300083,1,53,26.6
64066,Gold,02-Mar-17,02-Mar-17,123033080,240100400040,1,421,205.9
65075,Gold,02-Mar-17,02-Mar-17,123032473,240100100491,1,20.7,10.45
65681,Gold,02-Mar-17,07-Mar-17,123032481,220100500005,1,104.4,46
73483,SILVER,02-Mar-17,02-Mar-17,123032706,220200200054,1,195.7,97.95
73582,Gold,02-Mar-17,02-Mar-17,123031476,220100400003,4,647.2,81
77115,Gold,02-Mar-17,02-Mar-17,123031898,240200200012,1,187.1,18
80401,SILVER,02-Mar-17,02-Mar-17,123030062,240200100059,1,1.7,0.7
81189,Gold,02-Mar-17,04-Mar-17,123033185,230100500068,1,1.7,0.8
81853,Silver,02-Mar-17,07-Mar-17,123031959,240100100498,1,9,3.5
85571,Gold,02-Mar-17,02-Mar-17,123030147,220101400276,1,67.8,30.9
89382,Gold,02-Mar-17,07-Mar-17,123031110,240500200092,3,98.1,15.7
90637,Gold,02-Mar-17,02-Mar-17,123032883,220200100202,1,92,46.1
92410,Gold,02-Mar-17,16-Mar-17,123032055,220101400338,1,37.3,16.6
92818,Silver,02-Mar-17,07-Mar-17,123031658,210200900033,1,14.1,6.4
93534,SILVER,02-Mar-17,02-Mar-17,123032089,210200300096,1,42.1,21.15
94020,Gold,02-Mar-17,02-Mar-17,123032097,220101100016,2,32.8,6.85
23,Silver,03-Mar-17,08-Mar-17,123038566,240800200062,1,35.4,16.15
287,Silver,03-Mar-17,05-Mar-17,123038581,240800100046,2,695.6,148.45
341,Gold,03-Mar-17,04-Mar-17,123038212,220200300045,1,65.5,29.8
617,SILVER,03-Mar-17,03-Mar-17,123037414,230100600038,1,112.5,54.95
2743,Silver,03-Mar-17,08-Mar-17,123038639,240500200116,2,95.4,19.85
3310,Gold,03-Mar-17,03-Mar-17,123035530,220100300023,2,99.4,23.05
3478,SILVER,03-Mar-17,03-Mar-17,123035533,240500200047,2,414.8,86.35
3635,GOLD,03-Mar-17,03-Mar-17,123038680,230100100013,2,226.2,58.9
4322,Silver,03-Mar-17,03-Mar-17,123037440,220100300038,1,141.2,57.95
9177,SILVER,03-Mar-17,03-Mar-17,123037784,220101400416,1,93.4,42.6
11869,Gold,03-Mar-17,06-Mar-17,123037471,240400200002,1,148.1,61.8
12342,Gold,03-Mar-17,03-Mar-17,123038849,220200100057,1,125.8,63
12910,Silver,03-Mar-17,05-Mar-17,123036977,240100100487,1,20.7,10.45
14024,Silver,03-Mar-17,03-Mar-17,123038908,210200100005,1,13,5.75
14989,Gold,03-Mar-17,03-Mar-17,123037805,220200100208,1,93.9,47.05
19040,Gold,03-Mar-17,08-Mar-17,123035746,220200100094,1,119.4,59.8
19121,Gold,03-Mar-17,03-Mar-17,123035774,240800200008,1,150.25,60.1
19507,Silver,03-Mar-17,03-Mar-17,123035775,240800100056,1,378,157.6
20638,Silver,03-Mar-17,07-Mar-17,123038283,230100600028,1,96.7,48.45
21138,Gold,03-Mar-17,03-Mar-17,123035777,240500200079,1,32.4,13.55
23507,Silver,03-Mar-17,03-Mar-17,123037006,220200100077,1,99,49.6
24111,Gold,03-Mar-17,05-Mar-17,123037025,240100100087,1,288.4,131.6
24752,Silver,03-Mar-17,03-Mar-17,123037561,220100300023,1,49.7,23.05
24846,Silver,03-Mar-17,03-Mar-17,123037569,220200100238,1,209.3,104.6
25884,GOLD,03-Mar-17,03-Mar-17,123039158,220100100356,1,35.2,17.7
26264,Gold,03-Mar-17,07-Mar-17,123036356,240500200001,1,30.9,14.75
26469,Silver,03-Mar-17,07-Mar-17,123039168,240800200010,2,231.6,46.25
27086,Gold,03-Mar-17,05-Mar-17,123036536,230100200059,1,38.5,16.5
27146,Silver,03-Mar-17,03-Mar-17,123035888,220200200004,2,127,28.9
28137,Gold,03-Mar-17,09-Mar-17,123039220,240500100005,2,355,74.6
30142,GOLD,03-Mar-17,06-Mar-17,123037588,240500100017,1,53.5,23.75
30438,Gold,03-Mar-17,05-Mar-17,123038551,230100100013,1,113.1,58.9
30780,GOLD,03-Mar-17,03-Mar-17,123037037,240100300006,1,51.5,22.8
32431,Gold,03-Mar-17,07-Mar-17,123035968,240100100691,1,51.4,20.6
32738,Gold,03-Mar-17,03-Mar-17,123039319,220200300157,1,73.4,36.65
35569,Silver,03-Mar-17,05-Mar-17,123039424,240400200084,1,68.4,28.55
37245,Gold,03-Mar-17,03-Mar-17,123036565,240100100669,1,47.8,20.4
37579,GOLD,03-Mar-17,03-Mar-17,123035123,240700200025,2,29.2,6.2
37794,SILVER,03-Mar-17,07-Mar-17,123039461,220101400131,1,22.3,7.75
39657,GOLD,03-Mar-17,08-Mar-17,123039479,240800100023,2,668.2,151.75
40035,Silver,03-Mar-17,03-Mar-17,123037051,210200300085,2,36.2,9.15
42546,Gold,03-Mar-17,03-Mar-17,123039549,240100100118,1,100.2,40
43075,Gold,03-Mar-17,03-Mar-17,123036079,220100400029,1,126.3,63.25
44094,Silver,03-Mar-17,03-Mar-17,123036090,210200300007,1,50.4,25.3
44341,Silver,03-Mar-17,03-Mar-17,123036589,240600100029,1,27.4,9.65
45678,Silver,03-Mar-17,03-Mar-17,123037657,220200200045,2,226,51.45
48082,Gold,03-Mar-17,08-Mar-17,123039616,240100400037,1,231,113.65
48363,SILVER,03-Mar-17,03-Mar-17,123036115,220101200025,1,26.3,11.4
49240,Gold,03-Mar-17,03-Mar-17,123039636,240800200048,1,95.7,41.5
50115,Silver,03-Mar-17,03-Mar-17,123037106,220101200008,1,35.7,14.3
50265,Silver,03-Mar-17,03-Mar-17,123037660,220200100063,1,66.5,33.35
50351,SILVER,03-Mar-17,03-Mar-17,123035216,240400200023,1,131.7,55
50813,GOLD,03-Mar-17,05-Mar-17,123039676,220200300071,1,103.8,47.25
51371,Gold,03-Mar-17,03-Mar-17,123036180,210200300087,1,19.9,10.05
54893,Silver,03-Mar-17,03-Mar-17,123039776,220200300021,2,128.8,28.65
56397,SILVER,03-Mar-17,04-Mar-17,123039786,220200100213,1,116.3,56.3
58019,Gold,03-Mar-17,05-Mar-17,123037148,240100300006,1,51.5,22.8
61431,Gold,03-Mar-17,03-Mar-17,123039941,230100500008,1,38,16.8
63308,Platinum,03-Mar-17,03-Mar-17,123037746,220200200041,1,112.6,51.3
63850,Silver,03-Mar-17,03-Mar-17,123036401,220100100044,1,102.1,48.65
64993,Gold,03-Mar-17,03-Mar-17,123038381,210200300107,1,34.4,17.3
71233,Silver,03-Mar-17,03-Mar-17,123037205,240100100437,1,35.8,14.25
71510,Silver,03-Mar-17,05-Mar-17,123036626,240500100044,1,71.2,28.5
72243,Gold,03-Mar-17,05-Mar-17,123035288,240100100029,1,109.6,47.35
73728,SILVER,03-Mar-17,03-Mar-17,123036650,240100300006,1,51.5,22.8
76148,Silver,03-Mar-17,08-Mar-17,123038388,230100100059,1,134.4,57.05
79135,Gold,03-Mar-17,03-Mar-17,123038401,230100200029,1,196.8,89.55
80565,Silver,03-Mar-17,03-Mar-17,123035330,240400300028,1,78.3,31.4
80928,Silver,03-Mar-17,03-Mar-17,123038426,210200400032,1,40.7,20.35
83174,Silver,03-Mar-17,06-Mar-17,123038061,220200300042,1,36,16.4
84151,Gold,03-Mar-17,03-Mar-17,123037331,220101400292,1,35.7,15.55
85446,Silver,03-Mar-17,03-Mar-17,123037336,240600100110,1,45.6,19.8
86438,Gold,03-Mar-17,03-Mar-17,123037346,210201000125,1,51.3,23.4
88421,Silver,03-Mar-17,04-Mar-17,123035472,240200200091,3,528.3,70.5
88886,SILVER,03-Mar-17,03-Mar-17,123036418,230100100017,1,175.3,74.95
91769,Silver,03-Mar-17,03-Mar-17,123038179,220200200047,2,271.6,68
2051,Gold,04-Mar-17,04-Mar-17,123040562,240300300047,1,55.8,22.4
2439,SILVER,04-Mar-17,04-Mar-17,123043322,220101400285,1,59.4,27.05
3454,Silver,04-Mar-17,05-Mar-17,123044199,210201000099,1,35.4,16.15
4879,Gold,04-Mar-17,04-Mar-17,123040589,230100600033,1,85.1,40.65
5664,Silver,04-Mar-17,04-Mar-17,123042325,210200300103,1,19.7,9.95
7066,Silver,04-Mar-17,04-Mar-17,123040639,240400100015,1,93.2,43.2
7976,Gold,04-Mar-17,04-Mar-17,123041430,240200100220,1,85.3,42.75
8932,PLATINUM,04-Mar-17,04-Mar-17,123040669,220200100115,1,148.1,74.15
9131,Gold,04-Mar-17,04-Mar-17,123040677,220200300071,3,311.4,47.25
10794,SILVER,04-Mar-17,04-Mar-17,123044365,230100500026,2,495,109.55
11464,SILVER,04-Mar-17,07-Mar-17,123044373,240800100016,3,384.6,57.05
11769,Gold,04-Mar-17,04-Mar-17,123042943,240100200014,1,55.4,22.8
12844,Gold,04-Mar-17,04-Mar-17,123042955,240200200087,1,57.3,22.95
13145,Gold,04-Mar-17,04-Mar-17,123042349,220100900023,2,209,41.85
13705,Silver,04-Mar-17,04-Mar-17,123042961,220200200039,1,95.5,43.55
17159,Silver,04-Mar-17,04-Mar-17,123044479,240700200024,1,16,6.35
19806,Silver,04-Mar-17,08-Mar-17,123041475,210200600034,1,21,8.7
21836,Silver,04-Mar-17,04-Mar-17,123041480,220200100132,2,179,44.85
22931,Gold,04-Mar-17,06-Mar-17,123044582,240100200001,1,15.9,6.3
23731,Gold,04-Mar-17,04-Mar-17,123043759,230100100058,1,48.3,20.5
25504,GOLD,04-Mar-17,09-Mar-17,123044669,240800200009,2,171.2,34.3
25512,Silver,04-Mar-17,04-Mar-17,123043013,220200200011,1,86.2,39.25
26064,GOLD,04-Mar-17,04-Mar-17,123042442,210200600108,2,69.2,15.05
26904,Gold,04-Mar-17,04-Mar-17,123044700,240300100012,1,23.6,11.35
31391,Silver,04-Mar-17,09-Mar-17,123043411,240200100059,1,1.7,0.7
31736,Silver,04-Mar-17,08-Mar-17,123040967,220200100099,2,315.6,79
32716,Silver,04-Mar-17,04-Mar-17,123040976,240500200029,1,30.9,12.9
33051,Gold,04-Mar-17,04-Mar-17,123044866,220100100312,1,18.5,9.35
34196,Gold,04-Mar-17,04-Mar-17,123044892,240100100099,1,2.4,2.2
35084,Silver,04-Mar-17,04-Mar-17,123043087,240400100012,1,496.3,71.35
37346,Gold,04-Mar-17,04-Mar-17,123042469,220200200002,2,133,30.2
38818,GOLD,04-Mar-17,04-Mar-17,123041606,220100600008,1,294.2,140.05
39014,Gold,04-Mar-17,08-Mar-17,123043444,220200100050,1,75.7,37.95
39644,Gold,04-Mar-17,04-Mar-17,123042481,240100100654,1,45.2,18.15
40299,Gold,04-Mar-17,04-Mar-17,123043117,240100100191,1,13.2,5.45
40773,GOLD,04-Mar-17,04-Mar-17,123045050,240700200010,1,25.7,9.85
43506,Platinum,04-Mar-17,04-Mar-17,123042496,220101400204,1,19.1,8.75
44645,Gold,04-Mar-17,04-Mar-17,123045219,240800100026,1,131.3,58.55
45798,GOLD,04-Mar-17,04-Mar-17,123043143,220200100173,1,108.9,54.55
46025,Silver,04-Mar-17,09-Mar-17,123044115,230100100059,1,134.4,57.05
47248,Gold,04-Mar-17,05-Mar-17,123045280,240100100528,1,54.1,23.85
47741,Silver,04-Mar-17,08-Mar-17,123045285,240100400089,1,99.8,48.7
52078,Silver,04-Mar-17,05-Mar-17,123043200,240300200034,1,48.7,22.1
52731,Gold,04-Mar-17,04-Mar-17,123043201,240700400010,1,61.3,31.95
53078,SILVER,04-Mar-17,04-Mar-17,123045402,240200200080,1,93.8,9.4
55285,Silver,04-Mar-17,04-Mar-17,123041193,240500200092,2,65.4,15.7
55661,Silver,04-Mar-17,09-Mar-17,123043210,220100100370,1,20.7,10.45
56871,PLATINUM,04-Mar-17,04-Mar-17,123043228,220200200079,1,122.3,55.55
57601,Gold,04-Mar-17,11-Mar-17,123043511,220200100210,1,93.9,47.05
57975,GOLD,04-Mar-17,14-Mar-17,123041770,240100100235,1,13.2,5.65
59078,Silver,04-Mar-17,04-Mar-17,123045652,220101400216,1,24,11
59333,Silver,04-Mar-17,08-Mar-17,123045653,240800200059,1,40.8,18.45
59720,Silver,04-Mar-17,04-Mar-17,123042592,240100400121,2,233,56.8
60511,Silver,04-Mar-17,10-Mar-17,123042611,210200900014,1,35.7,17.35
61061,Gold,04-Mar-17,04-Mar-17,123045710,220101400423,1,90.2,45.05
61104,Silver,04-Mar-17,06-Mar-17,123043526,220200300140,3,72.6,11.1
62062,Silver,04-Mar-17,05-Mar-17,123045738,240800200009,2,171.2,34.3
62406,SILVER,04-Mar-17,05-Mar-17,123045739,240500200100,3,68.1,10.85
62729,Silver,04-Mar-17,04-Mar-17,123041792,240600100133,2,77.2,16.95
62972,Silver,04-Mar-17,05-Mar-17,123041263,230100600039,1,106.8,51.1
63243,Silver,04-Mar-17,04-Mar-17,123041272,220200300126,1,54.5,24.3
64423,GOLD,04-Mar-17,04-Mar-17,123040290,230100600026,2,237.2,59.4
65718,GOLD,04-Mar-17,08-Mar-17,123045790,230100100015,1,106.9,45.5
72568,Gold,04-Mar-17,04-Mar-17,123043562,220101400391,1,102.9,46.95
72862,Gold,04-Mar-17,04-Mar-17,123043564,220200100063,1,66.5,33.35
73724,Silver,04-Mar-17,04-Mar-17,123043575,240100100707,1,95,39.4
74077,Gold,04-Mar-17,06-Mar-17,123042627,240100400002,1,6.1,2.85
74491,Silver,04-Mar-17,04-Mar-17,123040294,240100400118,1,262.8,125.15
75985,Gold,04-Mar-17,04-Mar-17,123043932,220200100098,2,241.4,66.5
76128,Silver,04-Mar-17,04-Mar-17,123041916,220200300101,2,260.8,58.05
77438,GOLD,04-Mar-17,09-Mar-17,123040525,240200200036,1,49.1,19.7
80060,Silver,04-Mar-17,04-Mar-17,123042742,220100300018,2,51.2,12.1
81711,SILVER,04-Mar-17,06-Mar-17,123042769,240100100135,1,224.2,92
82984,GOLD,04-Mar-17,04-Mar-17,123042076,240100100402,1,25.4,8.45
84860,Silver,04-Mar-17,09-Mar-17,123044007,230100100058,1,48.3,20.5
86314,Gold,04-Mar-17,04-Mar-17,123043701,220101400018,1,22.8,10.45
87175,Silver,04-Mar-17,04-Mar-17,123042153,220101100020,1,16.6,6.95
87421,Silver,04-Mar-17,04-Mar-17,123044021,220200300070,1,100.2,45.6
87446,Silver,04-Mar-17,08-Mar-17,123043712,240200100129,1,11.9,6
89413,Silver,04-Mar-17,04-Mar-17,123041372,220100100172,1,110.3,55.25
91502,Gold,04-Mar-17,04-Mar-17,123042205,220100500018,1,65.8,30
92240,Gold,04-Mar-17,04-Mar-17,123044063,240300200050,1,35.1,16
92888,Platinum,04-Mar-17,07-Mar-17,123041381,240500200095,1,29.1,13.95
93529,Gold,04-Mar-17,04-Mar-17,123042237,220100100608,1,45,22.6
1478,Gold,05-Mar-17,10-Mar-17,123047190,240200100182,1,110.9,55.55
2248,Silver,05-Mar-17,05-Mar-17,123047880,230100700002,1,220,135
2963,Gold,05-Mar-17,05-Mar-17,123046235,240100100049,1,226,112.95
8767,Silver,05-Mar-17,05-Mar-17,123048624,210200500007,1,39.4,17.8
8771,Silver,05-Mar-17,07-Mar-17,123049620,220200100060,2,110.8,29.35
9313,SILVER,05-Mar-17,07-Mar-17,123049025,220200100142,1,105.4,52.8
9472,Silver,05-Mar-17,11-Mar-17,123050115,240100100135,1,224.2,92
9579,GOLD,05-Mar-17,05-Mar-17,123048633,220200300101,2,260.8,58.05
10485,Silver,05-Mar-17,05-Mar-17,123048645,230100100005,1,156.9,66.75
10698,Silver,05-Mar-17,09-Mar-17,123048652,220100100487,1,26.3,13.25
11043,Silver,05-Mar-17,05-Mar-17,123047194,220101400285,1,59.4,27.05
11671,Gold,05-Mar-17,05-Mar-17,123047204,240600100098,1,54.7,21.95
11717,Gold,05-Mar-17,05-Mar-17,123047209,240200100175,1,2.2,0.9
18299,Gold,05-Mar-17,05-Mar-17,123047046,220200300116,1,84.2,38.35
18782,Silver,05-Mar-17,07-Mar-17,123050289,240100100582,1,35.5,14.85
19475,Gold,05-Mar-17,05-Mar-17,123049079,220101200021,1,171.1,73.15
20119,Gold,05-Mar-17,05-Mar-17,123050327,230100700002,1,220,135
20338,SILVER,05-Mar-17,05-Mar-17,123048698,210201000159,1,56.8,25.95
21160,Silver,05-Mar-17,05-Mar-17,123046472,240500200083,2,134.6,28
21192,Silver,05-Mar-17,07-Mar-17,123050351,230100500061,2,36.6,8.05
22482,GOLD,05-Mar-17,05-Mar-17,123048757,220101300023,1,50.2,23.8
23198,Silver,05-Mar-17,05-Mar-17,123050369,220101400162,1,18.5,8.6
24379,Silver,05-Mar-17,05-Mar-17,123048790,240500100059,1,61,26.55
26093,Silver,05-Mar-17,05-Mar-17,123047261,240600100004,1,53.9,22.35
27709,Silver,05-Mar-17,08-Mar-17,123049653,230100100015,1,106.9,45.5
27776,Gold,05-Mar-17,05-Mar-17,123050458,230100300011,1,49.3,19.8
28054,Gold,05-Mar-17,05-Mar-17,123050463,230100500077,1,173,72.75
28551,Silver,05-Mar-17,05-Mar-17,123047985,240100400053,1,98.7,46.9
28937,Silver,05-Mar-17,05-Mar-17,123050505,220101400215,1,18.2,8.45
29110,Gold,05-Mar-17,05-Mar-17,123048801,240700400031,1,54,27.1
29676,Silver,05-Mar-17,05-Mar-17,123046608,240400300033,1,35.7,14.35
33698,Silver,05-Mar-17,10-Mar-17,123050593,240500200045,1,30.6,12.8
34645,Gold,05-Mar-17,07-Mar-17,123049674,220200100093,1,100.4,50.3
35126,GOLD,05-Mar-17,05-Mar-17,123050602,220100700031,1,119.4,56.95
35676,GOLD,05-Mar-17,05-Mar-17,123048826,210200300033,1,56.3,28.25
35741,Gold,05-Mar-17,06-Mar-17,123050607,210201000130,1,29.6,13.2
36118,Gold,05-Mar-17,05-Mar-17,123047291,240800200020,1,163.4,74.3
36847,Silver,05-Mar-17,05-Mar-17,123046688,240600100080,1,28.3,8.55
38330,Gold,05-Mar-17,05-Mar-17,123048843,220100600010,1,238.1,113.4
38866,Gold,05-Mar-17,07-Mar-17,123047868,210200400096,1,47.2,23.7
39099,SILVER,05-Mar-17,05-Mar-17,123045916,240500100033,2,130.8,28.95
39554,Silver,05-Mar-17,05-Mar-17,123050724,220100800068,1,47.1,22.4
40740,Gold,05-Mar-17,07-Mar-17,123049172,220200200018,1,66.4,30.25
43687,GOLD,05-Mar-17,05-Mar-17,123048045,220101500010,1,296.7,152.25
44131,Gold,05-Mar-17,05-Mar-17,123050829,240500100018,1,61,27.05
44361,Gold,05-Mar-17,05-Mar-17,123046740,220200100026,2,134,33.6
44872,Silver,05-Mar-17,05-Mar-17,123050891,240800200008,1,150.25,60.1
47927,Gold,05-Mar-17,08-Mar-17,123050985,240500100011,2,78.4,17.85
48235,Silver,05-Mar-17,05-Mar-17,123047070,220200100002,1,39.1,19.65
48864,SILVER,05-Mar-17,06-Mar-17,123051002,240100100169,2,81,18.35
51436,GOLD,05-Mar-17,05-Mar-17,123051102,220100900021,1,113.5,54.55
52100,Gold,05-Mar-17,08-Mar-17,123047083,240500200062,1,25.6,10.7
53024,Silver,05-Mar-17,05-Mar-17,123048932,240700200019,1,16.9,8.6
54414,Gold,05-Mar-17,05-Mar-17,123047340,240100100347,1,1.6,0.6
55403,Silver,05-Mar-17,05-Mar-17,123048951,220200100077,1,99,49.6
56681,Silver,05-Mar-17,05-Mar-17,123045969,240600100081,1,23.8,7.15
56919,Gold,05-Mar-17,05-Mar-17,123046877,220101400008,1,8.4,3.8
57531,Silver,05-Mar-17,05-Mar-17,123048959,240200100114,1,167.4,83.8
58761,Silver,05-Mar-17,05-Mar-17,123049280,220101400108,1,39,17.8
58806,GOLD,05-Mar-17,05-Mar-17,123046899,220101400080,2,46.4,10.65
59630,SILVER,05-Mar-17,08-Mar-17,123049751,220200300103,3,168.9,25.05
61226,SILVER,05-Mar-17,05-Mar-17,123051423,220100300037,1,115.8,48.7
64063,Silver,05-Mar-17,05-Mar-17,123046010,240100300006,2,103,22.8
64725,Gold,05-Mar-17,05-Mar-17,123048176,240100400010,1,100.9,50.4
65272,Gold,05-Mar-17,05-Mar-17,123049771,220100800046,1,65.3,31.15
65665,Gold,05-Mar-17,05-Mar-17,123046020,210200400076,2,120.2,30.15
73385,Silver,05-Mar-17,08-Mar-17,123048267,210201000018,1,17.1,7.5
76939,Gold,05-Mar-17,05-Mar-17,123048317,240100100581,1,27.5,11.35
77642,Silver,05-Mar-17,05-Mar-17,123046032,240100100115,1,26.2,11.75
80264,Gold,05-Mar-17,18-Mar-17,123049411,220100100272,1,22.8,11.5
80494,Gold,05-Mar-17,05-Mar-17,123047117,210200600022,1,86.4,39.45
82693,SILVER,05-Mar-17,10-Mar-17,123049821,230100100053,1,46.3,20.9
83912,SILVER,05-Mar-17,08-Mar-17,123047870,220200100179,1,134.5,67.35
84343,Silver,05-Mar-17,05-Mar-17,123047735,220200100179,1,134.5,67.35
85175,Silver,05-Mar-17,05-Mar-17,123048443,220200300015,2,230,52.4
86221,Platinum,05-Mar-17,10-Mar-17,123047782,240700300002,2,43.98,7.25
87246,SILVER,05-Mar-17,05-Mar-17,123048463,240300100056,1,48.1,24
91056,Silver,05-Mar-17,11-Mar-17,123047818,210201000041,1,25,11.45
91085,SILVER,05-Mar-17,08-Mar-17,123047824,220100300029,1,189.7,80.9
91836,Silver,05-Mar-17,05-Mar-17,123049841,240200100134,1,9.6,4.75
92305,GOLD,05-Mar-17,05-Mar-17,123048518,210201000028,1,53.7,24.5
93238,SILVER,05-Mar-17,06-Mar-17,123048547,230100100025,1,30.3,13.15
2345,Silver,06-Mar-17,06-Mar-17,123055455,240800200034,1,66.7,30.25
2500,Silver,06-Mar-17,06-Mar-17,123052084,220100700038,1,100.2,47.75
4357,Gold,06-Mar-17,06-Mar-17,123052103,220200200047,2,271.6,68
6922,Gold,06-Mar-17,08-Mar-17,123051567,240400200024,2,236.8,49.45
7355,Silver,06-Mar-17,06-Mar-17,123053164,220101300017,1,16.5,7.45
7692,Silver,06-Mar-17,09-Mar-17,123055635,220100400006,1,113.9,57.05
10647,Silver,06-Mar-17,06-Mar-17,123053791,210200400076,1,60.1,30.15
11748,Silver,06-Mar-17,09-Mar-17,123052235,220200300003,1,33.7,15.45
13451,Silver,06-Mar-17,06-Mar-17,123055778,230100300023,1,34.8,14.55
13549,Silver,06-Mar-17,06-Mar-17,123054294,240100100061,1,12.9,6.35
16509,Silver,06-Mar-17,06-Mar-17,123055856,240500200148,1,139.1,59.2
18506,Silver,06-Mar-17,08-Mar-17,123052325,220200100025,1,85.4,42.8
19788,Gold,06-Mar-17,06-Mar-17,123056001,210201100001,1,32,14
19793,SILVER,06-Mar-17,06-Mar-17,123056003,210200300085,1,18.1,9.15
21835,GOLD,06-Mar-17,06-Mar-17,123056042,220200100160,1,34.9,17.55
23957,Silver,06-Mar-17,06-Mar-17,123052385,220200100046,1,115.8,58
24344,Silver,06-Mar-17,06-Mar-17,123054364,220100100427,1,62.3,31.25
24473,Gold,06-Mar-17,06-Mar-17,123056129,220101400392,1,99.3,45.15
24671,SILVER,06-Mar-17,06-Mar-17,123054376,240700400028,1,38.1,19.75
26742,Gold,06-Mar-17,06-Mar-17,123052415,220101400007,1,42.4,19.35
27420,Silver,06-Mar-17,06-Mar-17,123056185,220100100528,1,35,17.6
27611,Platinum,06-Mar-17,12-Mar-17,123053838,220100100302,1,59.5,29.85
28515,Silver,06-Mar-17,06-Mar-17,123052436,240400300026,1,92.7,40.3
29851,Silver,06-Mar-17,16-Mar-17,123051542,240100200002,1,15.3,6.05
30397,Gold,06-Mar-17,06-Mar-17,123055119,240100100332,1,32.8,14
31371,Silver,06-Mar-17,06-Mar-17,123052481,220101400328,1,18.8,8.75
31771,SILVER,06-Mar-17,06-Mar-17,123053248,210200100005,1,13,5.75
33820,Gold,06-Mar-17,06-Mar-17,123056334,240700100011,1,26.99,10.23
34765,Silver,06-Mar-17,10-Mar-17,123054465,220100700022,1,51.7,21.9
34824,Gold,06-Mar-17,06-Mar-17,123052541,220101400204,1,19.1,8.75
35345,Silver,06-Mar-17,07-Mar-17,123056364,240500200092,1,32.7,15.7
38531,Silver,06-Mar-17,06-Mar-17,123056438,240500100062,1,54.6,23.85
40389,Silver,06-Mar-17,06-Mar-17,123053285,220200100099,1,157.8,79
40471,Silver,06-Mar-17,06-Mar-17,123054768,220100100203,1,85,42.6
41836,Gold,06-Mar-17,06-Mar-17,123056513,240800200006,1,225.5,112.85
44439,Silver,06-Mar-17,06-Mar-17,123052660,240100100107,1,334.4,152.5
45334,Gold,06-Mar-17,06-Mar-17,123055138,220200100046,1,115.8,58
47304,Gold,06-Mar-17,06-Mar-17,123052715,220100300021,2,34.8,8.2
49293,GOLD,06-Mar-17,06-Mar-17,123056684,240700100001,1,23.4,12.2
50187,Silver,06-Mar-17,06-Mar-17,123054569,220200100026,1,67,33.6
50276,Silver,06-Mar-17,06-Mar-17,123055159,220200300124,1,69,31.4
51765,Silver,06-Mar-17,07-Mar-17,123052814,240500100021,1,61.1,27.1
54263,Silver,06-Mar-17,06-Mar-17,123056813,220101400061,1,51,23.3
55680,Silver,06-Mar-17,07-Mar-17,123056848,210200500015,1,17.8,8.25
57200,Silver,06-Mar-17,06-Mar-17,123056885,210201000069,1,26.8,12
58127,Silver,06-Mar-17,06-Mar-17,123053332,210201000038,1,25.5,11.4
58236,GOLD,06-Mar-17,06-Mar-17,123053971,220101400383,1,48,23.95
59142,Gold,06-Mar-17,06-Mar-17,123056935,230100600031,1,88.5,42.45
59842,Gold,06-Mar-17,07-Mar-17,123055220,220200300157,1,73.4,36.65
62261,GOLD,06-Mar-17,06-Mar-17,123054641,240300200049,1,75.7,34.5
63356,Silver,06-Mar-17,06-Mar-17,123051767,240100400011,2,1078.8,263.2
65658,Silver,06-Mar-17,06-Mar-17,123054838,240700400004,1,13.2,5.95
70941,Gold,06-Mar-17,06-Mar-17,123054014,240700400008,1,27.9,12.1
76515,Silver,06-Mar-17,08-Mar-17,123055258,220200100026,1,67,33.6
78982,GOLD,06-Mar-17,06-Mar-17,123053548,240600100024,1,31.5,14.45
82715,Gold,06-Mar-17,06-Mar-17,123053586,220200100098,1,120.7,66.5
84386,PLATINUM,06-Mar-17,06-Mar-17,123053611,240100400118,1,262.8,125.15
84913,GOLD,06-Mar-17,09-Mar-17,123053619,230100600013,1,71.7,35.95
86369,Gold,06-Mar-17,06-Mar-17,123051929,240100200013,1,61.9,25.45
90174,Gold,06-Mar-17,06-Mar-17,123053662,220101200013,1,62.5,27.05
93315,SILVER,06-Mar-17,06-Mar-17,123053705,210200300086,1,22.8,11.5
93688,Gold,06-Mar-17,06-Mar-17,123052004,230100600030,1,86.3,41.4
1030,Silver,07-Mar-17,07-Mar-17,123060066,220200200041,2,225.2,51.3
2519,Silver,07-Mar-17,07-Mar-17,123061605,220200100098,2,241.4,66.5
3887,Gold,07-Mar-17,07-Mar-17,123060083,210201100001,2,64,14
4894,Silver,07-Mar-17,07-Mar-17,123060660,220200100198,1,101.6,50.9
5891,SILVER,07-Mar-17,11-Mar-17,123061722,240800200059,1,40.8,18.45
5906,Silver,07-Mar-17,07-Mar-17,123057764,240800100080,1,211.6,94.25
9359,Gold,07-Mar-17,07-Mar-17,123061781,240100100186,1,273,122.8
9547,Gold,07-Mar-17,09-Mar-17,123058645,240500200004,1,32.5,15.6
9869,GOLD,07-Mar-17,08-Mar-17,123057170,240100400043,1,266,131.5
14797,Silver,07-Mar-17,07-Mar-17,123060683,240800100072,1,475.6,193.1
15137,Gold,07-Mar-17,13-Mar-17,123060161,220100900027,2,99.8,20
15631,Silver,07-Mar-17,07-Mar-17,123058904,240100300006,1,51.5,22.8
18483,GOLD,07-Mar-17,07-Mar-17,123059609,230100700009,1,540.7,276
19425,Silver,07-Mar-17,08-Mar-17,123061519,230100100058,3,144.9,20.5
20211,Gold,07-Mar-17,07-Mar-17,123059622,210200400077,1,34.8,17.5
20606,Gold,07-Mar-17,12-Mar-17,123062061,240100400044,1,353.6,174.75
20638,SILVER,07-Mar-17,11-Mar-17,123061160,230100600022,1,84.1,42.15
23339,Silver,07-Mar-17,08-Mar-17,123060251,220101400422,1,69.5,34.7
23782,GOLD,07-Mar-17,07-Mar-17,123057987,220101400205,1,24.7,11.1
23798,Silver,07-Mar-17,07-Mar-17,123061177,240100100312,1,17.8,7.55
23854,Silver,07-Mar-17,07-Mar-17,123058943,240100400025,1,17,7.8
24599,GOLD,07-Mar-17,07-Mar-17,123058950,240100100646,1,109.9,46.8
25184,Gold,07-Mar-17,07-Mar-17,123058658,210200600059,1,167.2,71.6
25250,SILVER,07-Mar-17,07-Mar-17,123059653,210200600020,1,21.5,9.95
25803,Gold,07-Mar-17,07-Mar-17,123058041,240700100001,1,23.4,12.2
26931,GOLD,07-Mar-17,10-Mar-17,123062316,240100100210,1,23.2,11.1
30082,GOLD,07-Mar-17,07-Mar-17,123058065,240100100213,1,12.4,5.1
31787,Silver,07-Mar-17,07-Mar-17,123062448,220200100149,1,55.8,28
32041,GOLD,07-Mar-17,07-Mar-17,123062463,220101400208,1,38.7,17.25
32575,SILVER,07-Mar-17,12-Mar-17,123060755,220100300029,1,189.7,80.9
34466,Gold,07-Mar-17,07-Mar-17,123060768,220200300076,1,85,38.7
34711,Silver,07-Mar-17,07-Mar-17,123057288,220100100609,1,57.9,29.05
38455,Silver,07-Mar-17,07-Mar-17,123062596,230100600005,1,129.8,63.2
38990,GOLD,07-Mar-17,07-Mar-17,123060776,230100600016,1,77,38.6
40047,Silver,07-Mar-17,07-Mar-17,123060345,240200200026,1,96.3,38.55
43478,Silver,07-Mar-17,07-Mar-17,123058266,240800200013,1,80.7,33.65
46079,Platinum,07-Mar-17,07-Mar-17,123062907,230100200047,1,72.7,35.2
49066,Silver,07-Mar-17,07-Mar-17,123060456,240400200012,1,160.9,69.6
50450,Silver,07-Mar-17,07-Mar-17,123060804,220101400061,1,51,23.3
50567,Gold,07-Mar-17,12-Mar-17,123060807,220100700052,1,106.1,50.5
51163,Silver,07-Mar-17,07-Mar-17,123063027,220200100008,1,58.1,29.15
53604,SILVER,07-Mar-17,07-Mar-17,123063107,240500100042,1,109.2,43.75
54439,Gold,07-Mar-17,12-Mar-17,123060485,220100400018,1,91,40.25
54847,Silver,07-Mar-17,07-Mar-17,123059096,240500100061,2,142.4,30.85
55097,Silver,07-Mar-17,12-Mar-17,123058438,230100600026,1,118.6,59.4
55224,Gold,07-Mar-17,07-Mar-17,123060502,220100800061,1,9.1,4.6
55517,Gold,07-Mar-17,10-Mar-17,123060829,240200200034,1,17.2,6.55
55933,Gold,07-Mar-17,07-Mar-17,123063211,240100200012,1,32.2,13.35
56892,Gold,07-Mar-17,07-Mar-17,123060531,240200100091,1,12.1,5.25
58869,Silver,07-Mar-17,07-Mar-17,123060553,230100200059,1,38.5,16.5
59151,Silver,07-Mar-17,07-Mar-17,123058533,240300100058,1,30.7,14.65
64572,Silver,07-Mar-17,07-Mar-17,123063448,210201000066,2,47.2,10.6
70313,Gold,07-Mar-17,07-Mar-17,123059172,220200300096,1,172.5,78.5
72040,Silver,07-Mar-17,07-Mar-17,123061336,210200300073,1,13.7,6.9
72162,Silver,07-Mar-17,12-Mar-17,123060917,220200300133,1,28.2,12.95
73270,Silver,07-Mar-17,11-Mar-17,123061553,230100600022,1,84.1,42.15
77709,Silver,07-Mar-17,07-Mar-17,123058735,240200100169,1,17.4,8.1
78357,Silver,07-Mar-17,07-Mar-17,123060956,240400300025,1,77,33.45
81787,SILVER,07-Mar-17,07-Mar-17,123061449,210201000175,1,39.7,18.1
83035,Gold,07-Mar-17,07-Mar-17,123059391,220100100548,1,43.5,21.85
84311,Gold,07-Mar-17,11-Mar-17,123061049,220200100218,1,75.2,37.7
84630,Gold,07-Mar-17,07-Mar-17,123057548,230100500094,1,86.6,34.1
84780,Gold,07-Mar-17,07-Mar-17,123057558,230100500082,2,252.2,58.6
85153,SILVER,07-Mar-17,07-Mar-17,123059941,240200100245,1,10.6,5.35
91949,Silver,07-Mar-17,12-Mar-17,123060028,210200500002,1,12.6,5.7
92119,Gold,07-Mar-17,09-Mar-17,123061488,220200300002,1,37.5,17.05
92249,Silver,07-Mar-17,07-Mar-17,123061074,230100500024,2,45.8,10.85
92379,Silver,07-Mar-17,07-Mar-17,123061508,240100100689,1,55,22.95
92411,Gold,07-Mar-17,08-Mar-17,123058771,240500200098,1,44,20.95
93321,Gold,07-Mar-17,12-Mar-17,123059504,240200200023,1,59.8,6
94091,Silver,07-Mar-17,07-Mar-17,123060065,230100100002,1,200.7,85.35
5553,Silver,08-Mar-17,08-Mar-17,123065836,210200600108,1,34.6,15.05
7092,Silver,08-Mar-17,09-Mar-17,123065858,240800200002,1,170.375,68.15
7720,SILVER,08-Mar-17,08-Mar-17,123064573,240100100562,1,19.8,8.25
13338,Gold,08-Mar-17,08-Mar-17,123066023,240500100031,2,114.6,25.45
14560,Silver,08-Mar-17,08-Mar-17,123066041,230100500083,1,51.8,25.85
16174,Silver,08-Mar-17,08-Mar-17,123066078,230100500040,1,11.9,5.3
22557,SILVER,08-Mar-17,08-Mar-17,123064606,240100100112,1,6.1,2.95
35344,Gold,08-Mar-17,08-Mar-17,123065157,220200100092,1,83,41.6
38817,Gold,08-Mar-17,08-Mar-17,123066511,220200100173,1,108.9,54.55
41752,Silver,08-Mar-17,08-Mar-17,123066574,220200100230,1,111.7,55.95
46582,SILVER,08-Mar-17,08-Mar-17,123066665,240700200009,1,26.7,10.85
48548,SILVER,08-Mar-17,12-Mar-17,123066741,220101400091,1,32.8,15
54561,Silver,08-Mar-17,08-Mar-17,123064772,230100100034,1,77.7,32.25
59185,SILVER,08-Mar-17,10-Mar-17,123064121,240800200009,2,171.2,34.3
62226,Gold,08-Mar-17,08-Mar-17,123064140,220200300016,1,101,46.05
65517,Silver,08-Mar-17,08-Mar-17,123064809,240100100581,1,27.5,11.35
71944,Gold,08-Mar-17,08-Mar-17,123065554,230100600022,1,84.1,42.15
72243,Platinum,08-Mar-17,17-Mar-17,123063685,230100600041,1,67.5,32.15
72844,GOLD,08-Mar-17,08-Mar-17,123065266,230100500058,2,33.4,7.25
76232,GOLD,08-Mar-17,12-Mar-17,123065576,220200100098,1,120.7,66.5
78962,Silver,08-Mar-17,08-Mar-17,123064893,220100300030,1,159.8,66.55
79015,GOLD,08-Mar-17,08-Mar-17,123065339,240800100031,1,201.8,91.5
79251,Silver,08-Mar-17,08-Mar-17,123065346,230100600023,1,73.4,36.8
81547,Silver,08-Mar-17,14-Mar-17,123064549,220200100145,1,111.3,55.75
82764,Silver,08-Mar-17,08-Mar-17,123064363,220200100099,1,157.8,79
83522,Gold,08-Mar-17,08-Mar-17,123064389,220200300061,1,106.4,48.45
84811,Gold,08-Mar-17,08-Mar-17,123064423,220100100632,1,46.4,23.3
86482,PLATINUM,08-Mar-17,11-Mar-17,123064556,220200300161,2,45.2,9.65
92060,GOLD,08-Mar-17,08-Mar-17,123064510,220200300084,3,360.6,54.7
92103,Silver,08-Mar-17,08-Mar-17,123063906,230100700004,2,720,199
92399,Silver,08-Mar-17,08-Mar-17,123065648,220101400412,1,47.7,23.8
92617,Gold,08-Mar-17,08-Mar-17,123065462,220100100171,1,170.4,85.3
2502,SILVER,09-Mar-17,12-Mar-17,123071260,240800100097,1,145.2,61.8
3795,Gold,09-Mar-17,09-Mar-17,123067770,220200200014,1,90,40.9
6101,SILVER,09-Mar-17,09-Mar-17,123069792,210200900022,1,11.4,5.15
6415,Gold,09-Mar-17,09-Mar-17,123071345,240700100011,1,26.99,10.23
7795,Gold,09-Mar-17,10-Mar-17,123071124,230100100059,2,268.8,57.05
10375,Silver,09-Mar-17,09-Mar-17,123071476,230100100040,1,170.6,70.95
11183,Silver,09-Mar-17,09-Mar-17,123069841,240100200001,1,15.9,6.3
11270,Silver,09-Mar-17,09-Mar-17,123071560,220101400329,1,21.8,9.75
11507,Silver,09-Mar-17,09-Mar-17,123069843,240500200091,1,10.2,4.9
11514,Silver,09-Mar-17,09-Mar-17,123069845,240100200012,1,32.2,13.35
12613,GOLD,09-Mar-17,09-Mar-17,123071580,220100100306,1,42.8,21.5
13537,Platinum,09-Mar-17,09-Mar-17,123069856,240700400002,1,33.6,14.65
14223,Silver,09-Mar-17,09-Mar-17,123067850,240800200008,2,300.5,60.1
19256,SILVER,09-Mar-17,10-Mar-17,123069893,220100900029,1,30.8,12.35
21499,GOLD,09-Mar-17,09-Mar-17,123071881,210200300021,1,34,17.1
21607,Silver,09-Mar-17,09-Mar-17,123067937,220200100222,1,109,60.05
21928,GOLD,09-Mar-17,09-Mar-17,123071917,240400300009,1,62.1,25.8
22205,Gold,09-Mar-17,09-Mar-17,123071919,240500200091,1,10.2,4.9
22900,Silver,09-Mar-17,09-Mar-17,123069930,240100200002,1,15.3,6.05
23738,SILVER,09-Mar-17,09-Mar-17,123071945,210200900050,1,32.5,14.9
25788,Gold,09-Mar-17,11-Mar-17,123072072,240500100017,2,107,23.75
27585,Gold,09-Mar-17,09-Mar-17,123069978,220200100069,1,76.7,38.45
29744,Silver,09-Mar-17,09-Mar-17,123072134,240300200017,1,55.4,25.15
30416,Silver,09-Mar-17,12-Mar-17,123068775,210200900028,1,56.6,25.35
30806,SILVER,09-Mar-17,13-Mar-17,123072151,240600100010,1,16,6.5
33081,Gold,09-Mar-17,09-Mar-17,123069992,220200300003,1,33.7,15.45
36615,GOLD,09-Mar-17,09-Mar-17,123072276,230100500021,2,186.4,40.7
37309,Silver,09-Mar-17,09-Mar-17,123070474,230100500089,3,420.9,58.4
38951,Silver,09-Mar-17,09-Mar-17,123068190,220101400102,1,23.6,10.8
39291,SILVER,09-Mar-17,09-Mar-17,123068191,230100700009,1,540.7,276
40510,Gold,09-Mar-17,09-Mar-17,123070057,220101400114,1,63.1,28.7
41314,Silver,09-Mar-17,10-Mar-17,123072388,240500200122,1,22.9,10.9
41771,Silver,09-Mar-17,09-Mar-17,123068208,240100100556,1,111.8,49
43921,Gold,09-Mar-17,09-Mar-17,123069418,220100100025,1,17.4,8.8
44494,Silver,09-Mar-17,09-Mar-17,123068263,220200100099,1,157.8,79
46906,Silver,09-Mar-17,09-Mar-17,123072558,220100100105,1,117.6,58.9
47460,Gold,09-Mar-17,14-Mar-17,123067180,240100200004,1,35.2,14.8
49410,Gold,09-Mar-17,09-Mar-17,123069426,240100300006,1,51.5,22.8
49446,Gold,09-Mar-17,11-Mar-17,123072617,240100100366,1,16.3,7.8
52714,GOLD,09-Mar-17,09-Mar-17,123070144,240400300007,1,57.5,23.85
52936,Silver,09-Mar-17,09-Mar-17,123067429,230100600028,1,96.7,48.45
52986,Silver,09-Mar-17,09-Mar-17,123070161,240100200014,1,55.4,22.8
55832,SILVER,09-Mar-17,09-Mar-17,123072726,230100100051,1,184.9,78.15
57057,Silver,09-Mar-17,10-Mar-17,123072754,240800200020,1,163.4,74.3
57129,Gold,09-Mar-17,09-Mar-17,123072762,240500100020,2,103.2,22.9
57266,Silver,09-Mar-17,09-Mar-17,123070259,220101200020,1,55.9,24.2
58816,Silver,09-Mar-17,09-Mar-17,123068425,220100800086,1,60.5,28.9
64084,Silver,09-Mar-17,09-Mar-17,123072978,220200300014,1,84.2,38.35
64448,Silver,09-Mar-17,09-Mar-17,123068498,230100700011,1,252,103.95
65707,Silver,09-Mar-17,09-Mar-17,123068505,240700400034,1,13.2,5.95
70130,SILVER,09-Mar-17,09-Mar-17,123070522,230100400001,1,17.8,8.4
71123,Silver,09-Mar-17,09-Mar-17,123069508,240100100391,1,10.3,4.25
72659,Silver,09-Mar-17,09-Mar-17,123070545,230100600013,1,71.7,35.95
74455,GOLD,09-Mar-17,10-Mar-17,123068984,220200300015,1,115,52.4
74553,Gold,09-Mar-17,09-Mar-17,123070572,240500100017,1,53.5,23.75
74874,Silver,09-Mar-17,09-Mar-17,123069580,210200300122,1,24.8,12.5
76689,SILVER,09-Mar-17,09-Mar-17,123069012,210201000029,1,9.5,4.3
79696,Silver,09-Mar-17,12-Mar-17,123070661,220200300120,1,72.4,33
81355,Silver,09-Mar-17,09-Mar-17,123069608,220200200066,2,176.4,38.4
84297,Gold,09-Mar-17,09-Mar-17,123069127,210200100014,1,35,15.65
84790,Silver,09-Mar-17,09-Mar-17,123067570,240700400023,1,12.1,5.45
87113,Gold,09-Mar-17,09-Mar-17,123071047,210201000117,1,45.8,20.9
88185,Gold,09-Mar-17,11-Mar-17,123067702,240200100088,1,9.7,3.95
89608,Silver,09-Mar-17,09-Mar-17,123070734,230100500008,1,38,16.8
89681,Gold,09-Mar-17,09-Mar-17,123069167,240600100141,1,39.2,15.75
90158,Silver,09-Mar-17,09-Mar-17,123069194,240200200089,1,71.3,28.6
90869,Silver,09-Mar-17,09-Mar-17,123071094,230100100039,1,58.2,23.35
91045,Gold,09-Mar-17,12-Mar-17,123069722,240100100065,1,34.7,13.8
91046,GOLD,09-Mar-17,13-Mar-17,123071103,210200600021,1,53,25.1
91499,GOLD,09-Mar-17,09-Mar-17,123067644,240700400032,1,30.8,6.75
93093,Gold,09-Mar-17,15-Mar-17,123069256,220200200085,1,41.4,18
93909,Gold,09-Mar-17,09-Mar-17,123069754,220101400301,1,52.5,23.95
265,Gold,10-Mar-17,10-Mar-17,123075739,220200300046,3,183.9,27.9
291,Silver,10-Mar-17,10-Mar-17,123076582,220200300084,1,120.2,54.7
2977,SILVER,10-Mar-17,10-Mar-17,123075748,240100100158,1,8.9,3.9
3355,Gold,10-Mar-17,12-Mar-17,123076594,210200300063,1,71.7,35.95
5481,Silver,10-Mar-17,12-Mar-17,123073496,230100600005,1,129.8,63.2
6049,Silver,10-Mar-17,10-Mar-17,123076982,230100600013,1,71.7,35.95
6673,Gold,10-Mar-17,10-Mar-17,123074350,240200200011,1,135.7,13
7196,Gold,10-Mar-17,15-Mar-17,123076997,240400200012,1,160.9,69.6
7313,SILVER,10-Mar-17,11-Mar-17,123077006,240500200006,2,29.2,7.05
8385,Silver,10-Mar-17,10-Mar-17,123074369,210200400076,1,60.1,30.15
9847,Gold,10-Mar-17,10-Mar-17,123075797,230100500098,2,121,30.35
10096,GOLD,10-Mar-17,13-Mar-17,123074370,220200300002,2,75,17.05
12793,Gold,10-Mar-17,12-Mar-17,123077154,220200300061,1,106.4,48.45
13182,Silver,10-Mar-17,13-Mar-17,123077160,240800100054,2,859,179
13189,Silver,10-Mar-17,10-Mar-17,123077172,220100100016,1,14.2,7.8
16032,Gold,10-Mar-17,10-Mar-17,123077237,210200600021,1,53,25.1
17064,Gold,10-Mar-17,10-Mar-17,123076229,220100900035,1,41.8,19.45
19383,GOLD,10-Mar-17,10-Mar-17,123075860,240100100618,1,83.9,35.05
20211,Silver,10-Mar-17,10-Mar-17,123075255,240300100003,1,2.5,0.7
20378,SILVER,10-Mar-17,21-Mar-17,123074429,240600100044,1,9.5,3.7
20453,SILVER,10-Mar-17,10-Mar-17,123077362,210200400012,1,33.4,16.8
20921,Gold,10-Mar-17,10-Mar-17,123075861,210200700013,1,10.1,3.6
23821,Gold,10-Mar-17,11-Mar-17,123077430,240800200001,2,339,67.8
24171,SILVER,10-Mar-17,10-Mar-17,123077452,240300100035,1,1474.6,731.75
25246,SILVER,10-Mar-17,10-Mar-17,123073686,240100400062,1,113.2,54
25494,Gold,10-Mar-17,10-Mar-17,123077476,230100700011,1,252,103.95
28681,GOLD,10-Mar-17,10-Mar-17,123075276,220100900030,1,24.4,9.8
37586,Gold,10-Mar-17,10-Mar-17,123076308,220200200047,2,271.6,68
38248,Gold,10-Mar-17,15-Mar-17,123077802,240600100109,1,44,19.15
38462,Silver,10-Mar-17,15-Mar-17,123073820,230100600031,1,88.5,42.45
39409,Gold,10-Mar-17,13-Mar-17,123077851,240500200095,1,29.1,13.95
39557,Gold,10-Mar-17,10-Mar-17,123077872,240500100017,1,53.5,23.75
40816,GOLD,10-Mar-17,10-Mar-17,123075302,220100100142,1,27.9,14.05
45707,Silver,10-Mar-17,10-Mar-17,123073137,240700100007,1,22.85,9.3
45791,Silver,10-Mar-17,14-Mar-17,123078002,240300100054,1,41.4,19.25
45995,SILVER,10-Mar-17,14-Mar-17,123074163,240500100004,2,127,28
48069,Gold,10-Mar-17,13-Mar-17,123076054,220101400423,1,90.2,45.05
48411,Gold,10-Mar-17,10-Mar-17,123073904,240100100392,1,133.3,59.95
49119,Gold,10-Mar-17,14-Mar-17,123078056,240400200056,1,166.4,79.35
49152,Gold,10-Mar-17,10-Mar-17,123073919,240100400087,1,117.2,58.55
50016,SILVER,10-Mar-17,11-Mar-17,123076167,220100300039,1,204.4,87.15
51591,Gold,10-Mar-17,10-Mar-17,123075353,230100700011,1,252,103.95
51710,Gold,10-Mar-17,10-Mar-17,123078094,220200300127,1,49.4,22.05
52163,Gold,10-Mar-17,19-Mar-17,123074606,220200100225,1,64.1,30.2
52261,Silver,10-Mar-17,10-Mar-17,123075362,240700400003,1,12.4,5.6
52272,Silver,10-Mar-17,10-Mar-17,123073149,240500100044,2,142.4,28.5
53640,Silver,10-Mar-17,10-Mar-17,123078133,240500200001,1,30.9,14.75
55617,Silver,10-Mar-17,15-Mar-17,123074038,230100500034,1,14.6,5.9
56473,Gold,10-Mar-17,10-Mar-17,123076671,210200500018,1,40,18.6
56892,Silver,10-Mar-17,10-Mar-17,123076105,220100700039,1,55.1,27.65
57131,Silver,10-Mar-17,10-Mar-17,123078217,230100300018,1,67.1,27.6
57406,Gold,10-Mar-17,10-Mar-17,123078222,220200100099,1,157.8,79
58162,Gold,10-Mar-17,10-Mar-17,123078239,220100100251,1,25.5,12.85
59387,Gold,10-Mar-17,10-Mar-17,123075425,240100400063,1,219.4,106.95
61561,Silver,10-Mar-17,15-Mar-17,123074091,220200100092,1,83,41.6
62062,Gold,10-Mar-17,10-Mar-17,123078282,240400300032,1,31.9,12.85
64038,Silver,10-Mar-17,10-Mar-17,123078327,240100400118,1,262.8,125.15
65085,Silver,10-Mar-17,10-Mar-17,123078355,240100400151,1,419,209.45
72289,SILVER,10-Mar-17,14-Mar-17,123073196,220100300002,1,77.5,32.25
75073,Silver,10-Mar-17,10-Mar-17,123073224,240100100169,1,40.5,18.35
78318,Silver,10-Mar-17,10-Mar-17,123075549,220100700031,1,119.4,56.95
79381,Platinum,10-Mar-17,10-Mar-17,123074891,240600100080,1,28.3,8.55
79478,Gold,10-Mar-17,10-Mar-17,123075581,240100300004,1,22.9,9.1
82297,Silver,10-Mar-17,10-Mar-17,123074213,240100100056,1,28.5,11.45
83251,Gold,10-Mar-17,10-Mar-17,123074974,210200700013,1,10.1,3.6
83707,Silver,10-Mar-17,10-Mar-17,123074984,220200300054,1,65.2,29.7
84294,GOLD,10-Mar-17,10-Mar-17,123075611,220200100099,1,157.8,79
86467,GOLD,10-Mar-17,11-Mar-17,123073432,240200100063,1,11.3,6.3
87100,Silver,10-Mar-17,10-Mar-17,123075647,220200200045,1,113,51.45
88213,Gold,10-Mar-17,10-Mar-17,123076747,230100500082,1,126.1,58.6
89186,Silver,10-Mar-17,13-Mar-17,123076549,220200200078,1,107.7,46.8
90060,Silver,10-Mar-17,10-Mar-17,123075094,220200200071,1,95.4,41.45
92287,GOLD,10-Mar-17,10-Mar-17,123076564,220101200015,1,23,9.95
93111,GOLD,10-Mar-17,10-Mar-17,123074251,240600100080,1,28.3,8.55
93541,Silver,10-Mar-17,10-Mar-17,123075134,220200200039,1,95.5,43.55
93905,Silver,10-Mar-17,10-Mar-17,123075150,220200100079,1,124.3,62.25
121,Gold,11-Mar-17,11-Mar-17,123081354,220100300039,3,613.2,87.15
498,Silver,11-Mar-17,11-Mar-17,123079762,220200100070,1,72.7,36.45
2064,GOLD,11-Mar-17,11-Mar-17,123078380,240100100374,1,9.4,4
2899,Gold,11-Mar-17,11-Mar-17,123080971,240700400030,1,21.7,9.45
3929,Silver,11-Mar-17,14-Mar-17,123081388,220200300100,1,70.5,33
7516,Silver,11-Mar-17,16-Mar-17,123079804,220100100105,1,117.6,58.9
8253,SILVER,11-Mar-17,11-Mar-17,123082315,210200400006,1,41.4,20.8
8936,Gold,11-Mar-17,14-Mar-17,123078958,220200300155,1,70.7,32.95
10609,Gold,11-Mar-17,13-Mar-17,123082375,230100100056,1,348.2,152.1
10667,Platinum,11-Mar-17,11-Mar-17,123079016,240500200100,1,22.7,10.85
10998,Silver,11-Mar-17,11-Mar-17,123079017,240100400070,1,175.9,127.95
12597,Gold,11-Mar-17,11-Mar-17,123079680,230100100014,2,640.8,145
14341,Gold,11-Mar-17,11-Mar-17,123079838,210200900033,1,14.1,6.4
15297,Silver,11-Mar-17,11-Mar-17,123081420,240200100057,1,40.8,19.75
15327,Silver,11-Mar-17,11-Mar-17,123081890,240300200030,1,64.1,29.2
15610,Silver,11-Mar-17,11-Mar-17,123082509,240800100059,1,188.1,85.95
15723,Silver,11-Mar-17,11-Mar-17,123081056,240100200005,1,32.4,13.65
16222,Gold,11-Mar-17,11-Mar-17,123081439,220100400002,1,45.2,20.6
16366,Gold,11-Mar-17,11-Mar-17,123079866,220200100121,1,68.6,34.4
16366,Silver,11-Mar-17,11-Mar-17,123079843,220200200015,1,105.1,47.75
16386,Silver,11-Mar-17,12-Mar-17,123082515,240500200077,1,50.7,21.15
17030,Gold,11-Mar-17,11-Mar-17,123082539,210200300105,1,22.6,11.4
17887,Silver,11-Mar-17,15-Mar-17,123079884,220100300018,1,25.6,12.1
20435,GOLD,11-Mar-17,11-Mar-17,123082652,210201000069,1,26.8,12
20436,Silver,11-Mar-17,11-Mar-17,123082659,220101400223,2,73,16.65
21058,Silver,11-Mar-17,11-Mar-17,123081096,240100200012,1,32.2,13.35
21637,Silver,11-Mar-17,11-Mar-17,123079132,230100100028,1,250.9,104.2
22419,Gold,11-Mar-17,16-Mar-17,123082685,240500200042,2,74,17.6
22975,Silver,11-Mar-17,11-Mar-17,123082711,220100100419,1,49.5,24.85
23622,Gold,11-Mar-17,11-Mar-17,123079148,220200300002,1,37.5,17.05
24561,Gold,11-Mar-17,15-Mar-17,123082742,240600100196,1,57.8,25.5
25939,Gold,11-Mar-17,11-Mar-17,123082794,220100100575,2,77.4,19.45
26048,Silver,11-Mar-17,14-Mar-17,123078852,240300100037,1,21.7,9.75
28685,SILVER,11-Mar-17,11-Mar-17,123082934,240500100001,1,47.6,21.15
30063,Gold,11-Mar-17,11-Mar-17,123079232,220200200054,1,195.7,97.95
30199,Gold,11-Mar-17,11-Mar-17,123082950,240800200055,1,46.2,20.75
30995,Silver,11-Mar-17,17-Mar-17,123079239,220100300039,2,408.8,87.15
31405,GOLD,11-Mar-17,11-Mar-17,123082983,220100200014,1,29.1,11.7
35828,Gold,11-Mar-17,13-Mar-17,123079689,240500100041,1,116.1,46.5
37407,SILVER,11-Mar-17,11-Mar-17,123083142,220101400007,1,42.4,19.35
37568,Gold,11-Mar-17,14-Mar-17,123083155,240800200021,1,89.7,38.9
37904,Silver,11-Mar-17,14-Mar-17,123080595,210200600022,1,86.4,39.45
38508,Silver,11-Mar-17,11-Mar-17,123079335,220101400106,1,46.3,20.7
39417,Silver,11-Mar-17,14-Mar-17,123079348,240300100002,1,209.5,104.5
40493,Gold,11-Mar-17,11-Mar-17,123083239,240500200130,1,28,11.7
41173,Silver,11-Mar-17,11-Mar-17,123078554,240100100652,1,66.7,28.75
42237,Gold,11-Mar-17,11-Mar-17,123083251,230100500082,1,126.1,58.6
42243,GOLD,11-Mar-17,13-Mar-17,123083751,240100400050,2,374.4,140
43746,Silver,11-Mar-17,16-Mar-17,123079407,220200200041,2,225.2,51.3
44705,Silver,11-Mar-17,11-Mar-17,123081231,220200100236,1,68.2,34.2
47345,SILVER,11-Mar-17,15-Mar-17,123079454,230100200002,2,107.8,25.8
48044,Silver,11-Mar-17,11-Mar-17,123083338,220100100023,1,55.2,27.7
48748,Silver,11-Mar-17,11-Mar-17,123079463,220100700024,1,99.7,47.45
48940,Silver,11-Mar-17,11-Mar-17,123079467,240100100720,1,77.2,32.25
49959,GOLD,11-Mar-17,11-Mar-17,123081255,220200100198,1,101.6,50.9
50947,Silver,11-Mar-17,11-Mar-17,123079497,220200200060,2,117,26.65
57345,Silver,11-Mar-17,22-Mar-17,123081321,220200100187,1,61.4,30.8
57373,Gold,11-Mar-17,12-Mar-17,123083583,240100200002,1,15.3,6.05
57692,Gold,11-Mar-17,11-Mar-17,123080669,240500200113,1,42.2,20.05
59717,Silver,11-Mar-17,15-Mar-17,123079702,240500200056,1,24.1,11.55
61520,Gold,11-Mar-17,11-Mar-17,123079614,220101400073,2,86.2,19.6
64605,Silver,11-Mar-17,11-Mar-17,123081339,240500100059,1,61,26.55
72262,Silver,11-Mar-17,11-Mar-17,123081995,230100500087,1,91.1,37.95
74401,Gold,11-Mar-17,11-Mar-17,123080183,220100500026,1,63,28.7
76757,Silver,11-Mar-17,15-Mar-17,123080186,220100300002,1,77.5,32.25
77152,Silver,11-Mar-17,11-Mar-17,123080763,220200300017,2,199,44.3
79585,SILVER,11-Mar-17,11-Mar-17,123080815,240200100038,1,18.5,9.35
80504,Silver,11-Mar-17,13-Mar-17,123078679,240100100600,1,19.5,8.35
80638,SILVER,11-Mar-17,14-Mar-17,123080819,240100400021,1,91.6,45.75
82679,Gold,11-Mar-17,11-Mar-17,123082085,220200100098,2,241.4,66.5
83069,Silver,11-Mar-17,11-Mar-17,123080272,220200200014,1,90,40.9
86206,Silver,11-Mar-17,11-Mar-17,123081767,240200200087,1,57.3,22.95
86703,Silver,11-Mar-17,11-Mar-17,123080865,230100700011,1,252,103.95
88156,GOLD,11-Mar-17,11-Mar-17,123082099,220101400208,1,38.7,17.25
89681,Gold,11-Mar-17,11-Mar-17,123080374,240500200042,1,37,17.6
93424,Gold,11-Mar-17,11-Mar-17,123080934,220100100358,1,41.5,20.85
2772,GOLD,12-Mar-17,17-Mar-17,123087016,220100800030,1,46.7,22.25
5119,Gold,12-Mar-17,12-Mar-17,123086637,220101400044,1,41.6,17.3
6194,Gold,12-Mar-17,12-Mar-17,123084399,220101300006,1,27.3,12.25
7633,Gold,12-Mar-17,13-Mar-17,123084411,220200200076,1,179.6,81.55
10417,Gold,12-Mar-17,12-Mar-17,123088055,220100700045,1,114.2,54.4
10528,Gold,12-Mar-17,14-Mar-17,123085991,230100500077,1,173,72.75
11212,Gold,12-Mar-17,12-Mar-17,123087454,240500200095,1,29.1,13.95
11679,Silver,12-Mar-17,12-Mar-17,123084470,240600100049,1,24.3,11.05
12036,Gold,12-Mar-17,17-Mar-17,123088088,240500100027,2,91,20.2
12770,Silver,12-Mar-17,13-Mar-17,123085259,240500100041,1,116.1,46.5
17341,Gold,12-Mar-17,12-Mar-17,123086721,240500100061,2,142.4,30.85
17608,Platinum,12-Mar-17,12-Mar-17,123088293,240200200089,1,71.3,28.6
18080,Gold,12-Mar-17,12-Mar-17,123086727,220100200007,1,80.5,32.2
18336,Gold,12-Mar-17,14-Mar-17,123084537,230100200019,1,199.1,95.65
18730,Gold,12-Mar-17,12-Mar-17,123086742,220200300029,1,71.6,32.6
19739,Silver,12-Mar-17,16-Mar-17,123088395,240800200003,2,203.75,40.75
21013,GOLD,12-Mar-17,12-Mar-17,123084568,240400200088,1,197.4,82.25
22683,GOLD,12-Mar-17,12-Mar-17,123088428,240100100107,1,334.4,152.5
23497,Silver,12-Mar-17,12-Mar-17,123086771,240100200014,1,55.4,22.8
23599,Silver,12-Mar-17,12-Mar-17,123084597,220200300029,4,286.4,32.6
25035,GOLD,12-Mar-17,12-Mar-17,123088474,230100500087,1,91.1,37.95
27690,SILVER,12-Mar-17,17-Mar-17,123087105,220100100356,1,35.2,17.7
28274,GOLD,12-Mar-17,12-Mar-17,123088562,230100500089,1,140.3,58.4
30006,Silver,12-Mar-17,16-Mar-17,123088598,220200200012,1,67.9,30.9
30047,Gold,12-Mar-17,12-Mar-17,123088607,240500200139,1,24.3,11
30862,Gold,12-Mar-17,12-Mar-17,123088635,210201000125,1,51.3,23.4
33247,Silver,12-Mar-17,12-Mar-17,123088682,240300300079,1,208.7,95.2
34391,Silver,12-Mar-17,12-Mar-17,123086188,220200100030,1,74.3,37.25
37233,Silver,12-Mar-17,12-Mar-17,123087124,210200700013,2,20.2,3.6
37245,Platinum,12-Mar-17,16-Mar-17,123085568,220200100229,1,165.5,82.85
38661,Gold,12-Mar-17,12-Mar-17,123084831,240500200094,1,64.7,30.9
38785,Silver,12-Mar-17,18-Mar-17,123085575,210200300092,1,50.7,25.45
38818,GOLD,12-Mar-17,12-Mar-17,123085600,240100100291,1,28.1,12.15
39956,GOLD,12-Mar-17,12-Mar-17,123084841,220200200066,2,176.4,38.4
41056,Gold,12-Mar-17,14-Mar-17,123085273,240500200027,3,161.7,22.45
41800,Gold,12-Mar-17,12-Mar-17,123089021,230100200036,1,69.4,34.8
42057,SILVER,12-Mar-17,12-Mar-17,123089031,220200300127,1,49.4,22.05
42751,Silver,12-Mar-17,12-Mar-17,123083867,240200100040,1,21.6,10.9
46269,GOLD,12-Mar-17,12-Mar-17,123084945,240800200009,1,85.6,34.3
46715,Gold,12-Mar-17,12-Mar-17,123085626,210200100011,1,76,33.75
47610,Silver,12-Mar-17,12-Mar-17,123086908,210200700005,1,16.9,7.4
47989,Silver,12-Mar-17,12-Mar-17,123084973,240800100099,1,25.7,10.4
48295,Gold,12-Mar-17,12-Mar-17,123089214,240700100011,1,26.99,10.23
49849,Silver,12-Mar-17,12-Mar-17,123089273,240500200077,1,50.7,21.15
52111,SILVER,12-Mar-17,12-Mar-17,123085065,220200100002,1,39.1,19.65
53528,Gold,12-Mar-17,12-Mar-17,123085100,240800200020,1,163.4,74.3
53590,Gold,12-Mar-17,12-Mar-17,123089328,230100500008,1,38,16.8
56262,Silver,12-Mar-17,17-Mar-17,123085122,220200200043,1,36.9,18.3
56577,Silver,12-Mar-17,12-Mar-17,123085126,240200200088,1,66.7,27.45
56601,Gold,12-Mar-17,17-Mar-17,123085683,220200100039,3,258.3,43.15
59270,Gold,12-Mar-17,12-Mar-17,123086963,220200300116,1,84.2,38.35
63039,Silver,12-Mar-17,12-Mar-17,123086988,230100300006,1,68.5,34.35
63693,Gold,12-Mar-17,16-Mar-17,123089498,220101200025,1,26.3,11.4
63951,Gold,12-Mar-17,14-Mar-17,123087240,220200300129,1,81.2,37.05
65196,Silver,12-Mar-17,12-Mar-17,123085690,220100100317,1,47.2,23.7
70396,SILVER,12-Mar-17,17-Mar-17,123083973,220100700038,2,200.4,47.75
75653,Gold,12-Mar-17,12-Mar-17,123084011,230100600005,2,259.6,63.2
75719,Silver,12-Mar-17,14-Mar-17,123087297,220200100108,1,135.2,67.7
75985,Silver,12-Mar-17,12-Mar-17,123087669,210201000048,1,15.1,7
76175,SILVER,12-Mar-17,12-Mar-17,123085779,240100300006,1,51.5,22.8
77316,Gold,12-Mar-17,12-Mar-17,123087321,220200100240,1,40,20.1
80920,Silver,12-Mar-17,12-Mar-17,123086490,240600100195,1,27,11.55
82352,Silver,12-Mar-17,17-Mar-17,123084114,220100900010,1,92.1,36.9
85874,Silver,12-Mar-17,12-Mar-17,123086506,210201000030,1,22.3,10.25
87535,Gold,12-Mar-17,12-Mar-17,123085887,220200200003,1,48.8,22.25
88809,Gold,12-Mar-17,12-Mar-17,123084236,220101400093,1,40.3,18.35
90763,Silver,12-Mar-17,14-Mar-17,123084255,210200100014,1,35,15.65
91374,Silver,12-Mar-17,12-Mar-17,123086577,240100100654,1,45.2,18.15
92213,Silver,12-Mar-17,12-Mar-17,123084259,230100700009,2,1081.4,276
92741,Gold,12-Mar-17,17-Mar-17,123085944,220200300096,2,345,78.5
402,GOLD,13-Mar-17,15-Mar-17,123091835,240100300004,1,22.9,9.1
1411,Gold,13-Mar-17,13-Mar-17,123093825,220100100197,1,101.3,50.75
2234,Gold,13-Mar-17,15-Mar-17,123090126,230100600016,1,77,38.6
3701,Gold,13-Mar-17,13-Mar-17,123093905,220101400121,1,65.1,28.95
4440,Gold,13-Mar-17,13-Mar-17,123092404,240100100552,1,169.2,71.95
4730,GOLD,13-Mar-17,13-Mar-17,123090146,220101300020,1,51.6,20.7
4910,GOLD,13-Mar-17,13-Mar-17,123091209,240200200007,1,83.4,8.35
6202,Gold,13-Mar-17,13-Mar-17,123090163,240700200015,1,22.6,9
6815,Gold,13-Mar-17,13-Mar-17,123090178,240400200056,1,166.4,79.35
7332,Silver,13-Mar-17,19-Mar-17,123093959,240500100029,1,58.9,26.1
8274,Silver,13-Mar-17,13-Mar-17,123093977,240800200043,2,84.6,18.45
11223,Gold,13-Mar-17,13-Mar-17,123092474,210200200006,1,34.9,14.6
12755,Silver,13-Mar-17,13-Mar-17,123089571,230100500094,1,86.6,34.1
12777,PLATINUM,13-Mar-17,13-Mar-17,123094107,210200400011,1,46,23.1
13168,Gold,13-Mar-17,13-Mar-17,123090226,220200300016,2,202,46.05
15870,SILVER,13-Mar-17,13-Mar-17,123094212,240700200025,1,14.6,6.2
15871,Gold,13-Mar-17,18-Mar-17,123092515,220100100565,1,39,19.6
17960,Gold,13-Mar-17,13-Mar-17,123090302,240600100159,1,44.3,19.05
18106,Gold,13-Mar-17,13-Mar-17,123092524,220200100099,1,157.8,79
19533,Gold,13-Mar-17,17-Mar-17,123089628,220101200015,1,23,9.95
21281,SILVER,13-Mar-17,16-Mar-17,123090387,240700200019,1,16.9,8.6
21778,Gold,13-Mar-17,13-Mar-17,123094347,230100500077,2,346,72.75
22594,Platinum,13-Mar-17,13-Mar-17,123090393,220100700038,1,100.2,47.75
23888,Gold,13-Mar-17,13-Mar-17,123089659,240500100002,1,48.8,24.35
25138,Silver,13-Mar-17,13-Mar-17,123094441,220101300019,1,55.2,22.15
26289,Silver,13-Mar-17,13-Mar-17,123092574,240100200012,1,32.2,13.35
26398,Silver,13-Mar-17,13-Mar-17,123091295,220100800071,1,29,13.9
26938,Gold,13-Mar-17,13-Mar-17,123091918,230100100051,1,184.9,78.15
27953,Silver,13-Mar-17,13-Mar-17,123092585,240100100306,1,8.9,4.1
28144,Gold,13-Mar-17,13-Mar-17,123091298,220200100069,2,153.4,38.45
29352,Platinum,13-Mar-17,13-Mar-17,123094552,210200400014,1,36.1,18.15
31554,Gold,13-Mar-17,17-Mar-17,123094585,240700400003,1,12.4,5.6
35092,Gold,13-Mar-17,13-Mar-17,123090615,240100100386,1,39.5,16.55
35676,Gold,13-Mar-17,13-Mar-17,123092661,240100100719,1,41.1,17.9
36405,Silver,13-Mar-17,22-Mar-17,123090634,220100100131,1,65.8,33
36520,Gold,13-Mar-17,13-Mar-17,123093068,240800100006,1,253.5,108
36851,Gold,13-Mar-17,13-Mar-17,123094650,220101400105,1,51.7,23.6
36902,Silver,13-Mar-17,18-Mar-17,123094660,220100900024,1,39.2,16.9
39713,SILVER,13-Mar-17,13-Mar-17,123090666,220200200067,2,161.6,35.15
40821,Gold,13-Mar-17,13-Mar-17,123093087,240800100012,1,36.6,27.3
43701,GOLD,13-Mar-17,13-Mar-17,123092748,230100700004,1,360,199
44349,Silver,13-Mar-17,13-Mar-17,123094900,230100500094,1,86.6,34.1
46053,Gold,13-Mar-17,13-Mar-17,123094924,210200400046,1,36.2,18.2
46459,Gold,13-Mar-17,13-Mar-17,123090745,240800100087,2,598,123.4
47323,Gold,13-Mar-17,13-Mar-17,123094965,240500200058,2,46.2,11.05
47341,SILVER,13-Mar-17,13-Mar-17,123092773,220200100100,1,85.3,42.75
48258,Gold,13-Mar-17,13-Mar-17,123092798,210200400029,1,48.7,24.45
48443,Gold,13-Mar-17,15-Mar-17,123095046,240400300006,1,37.9,15.75
49931,Gold,13-Mar-17,13-Mar-17,123095105,220100100580,1,56.5,28.35
50324,Gold,13-Mar-17,18-Mar-17,123095119,240500200114,1,8.4,3.95
50659,Gold,13-Mar-17,13-Mar-17,123090806,220200100029,1,104.3,52.25
50939,Silver,13-Mar-17,13-Mar-17,123095167,210200300063,1,71.7,35.95
54673,Gold,13-Mar-17,16-Mar-17,123093595,220200300078,2,104.2,23.8
55317,SILVER,13-Mar-17,13-Mar-17,123090870,240300300046,1,72.2,36.2
55450,Silver,13-Mar-17,13-Mar-17,123095393,240400300035,1,19.1,7.7
56796,Gold,13-Mar-17,13-Mar-17,123095445,210200600067,1,67,28.9
57353,Silver,13-Mar-17,14-Mar-17,123092041,240100100553,1,67.3,29
58194,Silver,13-Mar-17,13-Mar-17,123093629,220100100490,1,53.6,26.9
58607,Gold,13-Mar-17,13-Mar-17,123093636,220100100183,1,53.5,26.85
59194,Gold,13-Mar-17,16-Mar-17,123095552,240500100029,1,58.9,26.1
59924,Silver,13-Mar-17,13-Mar-17,123092077,210200900016,1,13.9,6.55
61619,Silver,13-Mar-17,13-Mar-17,123090994,240100100498,2,18,3.5
61621,Silver,13-Mar-17,13-Mar-17,123093157,220100200018,1,38,15.2
63643,Silver,13-Mar-17,13-Mar-17,123091002,240800100021,1,129.3,57.6
63941,Silver,13-Mar-17,13-Mar-17,123095677,220200100101,1,61,28.75
64311,GOLD,13-Mar-17,13-Mar-17,123092961,220200200062,2,177.6,37.8
65728,Gold,13-Mar-17,13-Mar-17,123095721,240500100050,2,158.2,26.45
70113,Silver,13-Mar-17,13-Mar-17,123093167,220200100135,1,136.8,73.95
70540,Silver,13-Mar-17,19-Mar-17,123091465,220200100187,1,61.4,30.8
70900,Silver,13-Mar-17,13-Mar-17,123091476,240100100184,1,183.1,85.4
74445,Gold,13-Mar-17,18-Mar-17,123093195,220200200085,2,82.8,18
78935,Gold,13-Mar-17,13-Mar-17,123093675,240100200012,1,32.2,13.35
80077,Gold,13-Mar-17,17-Mar-17,123092222,240800100010,1,79,36.05
81144,PLATINUM,13-Mar-17,13-Mar-17,123092243,220100100298,1,52.9,26.55
81643,Silver,13-Mar-17,13-Mar-17,123093698,220200100186,2,255.2,63.9
84494,SILVER,13-Mar-17,13-Mar-17,123089917,240100100569,1,44.7,19.25
85545,GOLD,13-Mar-17,13-Mar-17,123093289,220101400126,1,41.1,18.4
88773,Silver,13-Mar-17,13-Mar-17,123092291,240100100210,1,23.2,11.1
89378,Silver,13-Mar-17,13-Mar-17,123093752,220200300032,1,70.8,32.3
90505,SILVER,13-Mar-17,15-Mar-17,123092315,240100100332,1,32.8,14
91116,Gold,13-Mar-17,13-Mar-17,123092325,220100700038,1,100.2,47.75
93111,GOLD,13-Mar-17,13-Mar-17,123091167,210200800003,1,22,11.1
2595,Silver,14-Mar-17,14-Mar-17,123095775,240100100422,1,22.6,7.85
3039,SILVER,14-Mar-17,14-Mar-17,123000532,220100100258,1,56.4,28.3
4201,Silver,14-Mar-17,14-Mar-17,123098619,230100100046,2,269.6,55.1
5062,SILVER,14-Mar-17,14-Mar-17,123000556,220100100298,1,52.9,26.55
5063,Silver,14-Mar-17,14-Mar-17,123000566,240600100047,1,40.6,18.65
5188,Gold,14-Mar-17,14-Mar-17,123099676,220200100132,1,89.5,44.85
5388,Gold,14-Mar-17,14-Mar-17,123096308,240200200035,1,91.6,36.75
5915,Gold,14-Mar-17,14-Mar-17,123099235,220200200018,2,132.8,30.25
6529,Gold,14-Mar-17,14-Mar-17,123096391,220100100272,1,22.8,11.5
8504,Gold,14-Mar-17,14-Mar-17,123096404,220100100106,1,93.1,46.65
8650,SILVER,14-Mar-17,14-Mar-17,123099254,220200100005,1,64.9,32.55
10286,Silver,14-Mar-17,14-Mar-17,123096452,240400200091,1,217,90.4
10442,Gold,14-Mar-17,14-Mar-17,123098641,220100300041,1,171.3,69.25
10878,Silver,14-Mar-17,14-Mar-17,123095778,220100100133,1,28.1,14.15
11574,Gold,14-Mar-17,14-Mar-17,123000759,210200300103,1,19.7,9.95
12694,Silver,14-Mar-17,14-Mar-17,123096483,220101400306,1,72.6,33.1
13023,Silver,14-Mar-17,14-Mar-17,123099279,240200100101,1,19.1,10
13387,Gold,14-Mar-17,14-Mar-17,123096490,240700400027,1,69.6,36.35
13522,Gold,14-Mar-17,14-Mar-17,123096507,220100200006,1,39.6,15.9
13903,Silver,14-Mar-17,14-Mar-17,123000848,220200100011,1,61.9,55.85
14467,Gold,14-Mar-17,14-Mar-17,123099296,240100400043,1,266,131.5
15431,GOLD,14-Mar-17,14-Mar-17,123096543,220101400371,1,25.7,12.8
16363,SILVER,14-Mar-17,14-Mar-17,123099308,220200300082,2,142,32.3
16766,Platinum,14-Mar-17,14-Mar-17,123000944,220101400200,1,27.7,12.65
16784,Silver,14-Mar-17,14-Mar-17,123099310,230100200006,1,93.1,46.65
16886,Silver,14-Mar-17,14-Mar-17,123099694,240800200006,1,225.5,112.85
17594,Gold,14-Mar-17,20-Mar-17,123000960,220200200072,2,264.2,60.05
19475,Silver,14-Mar-17,14-Mar-17,123099725,220200100011,2,123.8,55.85
19531,SILVER,14-Mar-17,14-Mar-17,123096598,220200300003,1,33.7,15.45
20285,GOLD,14-Mar-17,17-Mar-17,123001019,240100400126,1,163.7,81.8
20473,PLATINUM,14-Mar-17,19-Mar-17,123001021,240500200092,1,32.7,15.7
20803,SILVER,14-Mar-17,14-Mar-17,123099335,240200100210,1,513,242.45
20978,Gold,14-Mar-17,14-Mar-17,123001023,220101400341,1,31.2,14.3
22126,SILVER,14-Mar-17,14-Mar-17,123096656,210200600114,1,81.1,34.55
22269,SILVER,14-Mar-17,14-Mar-17,123096688,240500200113,1,42.2,20.05
22775,Silver,14-Mar-17,14-Mar-17,123097832,210201000043,1,12.2,5.5
23193,GOLD,14-Mar-17,14-Mar-17,123001099,220101400020,1,109.2,49.75
24031,Gold,14-Mar-17,14-Mar-17,123001137,230100500096,2,71,17.25
24526,Silver,14-Mar-17,14-Mar-17,123097840,240100100273,1,16.9,7.6
25325,Silver,14-Mar-17,14-Mar-17,123095863,220100900010,1,92.1,36.9
26810,Gold,14-Mar-17,14-Mar-17,123099743,220200300155,1,70.7,32.95
26883,Gold,14-Mar-17,16-Mar-17,123000465,230100500082,2,252.2,58.6
27432,SILVER,14-Mar-17,14-Mar-17,123098727,220200100225,1,64.1,30.2
30478,Gold,14-Mar-17,14-Mar-17,123099399,240200200050,1,47.6,19.1
30861,Gold,14-Mar-17,14-Mar-17,123096854,240100100581,1,27.5,11.35
32673,GOLD,14-Mar-17,14-Mar-17,123098748,220200300134,3,56.4,8.6
34498,Gold,14-Mar-17,14-Mar-17,123096898,240800200021,1,89.7,38.9
34866,Gold,14-Mar-17,14-Mar-17,123097931,240500200113,2,84.4,20.05
35747,GOLD,14-Mar-17,19-Mar-17,123001435,240100100410,1,20.7,9.5
35967,Gold,14-Mar-17,14-Mar-17,123096949,240500100033,1,65.4,28.95
36907,Silver,14-Mar-17,14-Mar-17,123099443,230100200006,1,93.1,46.65
37013,GOLD,14-Mar-17,14-Mar-17,123000215,220200100108,2,270.4,67.7
37235,Silver,14-Mar-17,14-Mar-17,123001468,220100400026,1,120.5,54.85
40091,GOLD,14-Mar-17,14-Mar-17,123098833,230100700009,2,1081.4,276
41620,SILVER,14-Mar-17,14-Mar-17,123001640,230100500074,1,136,51.3
41632,Silver,14-Mar-17,16-Mar-17,123001650,240800200013,1,80.7,33.65
43292,Silver,14-Mar-17,14-Mar-17,123097085,240400200048,1,88.5,39.3
44753,Gold,14-Mar-17,19-Mar-17,123000473,230100100018,1,156.1,66.1
45440,Silver,14-Mar-17,19-Mar-17,123097103,230100600023,2,146.8,36.8
46296,Silver,14-Mar-17,14-Mar-17,123099495,220101300006,1,27.3,12.25
46873,Gold,14-Mar-17,14-Mar-17,123099795,220101100006,1,13.7,5.5
50401,Silver,14-Mar-17,14-Mar-17,123097147,240300300064,1,324.7,147.95
52001,Gold,14-Mar-17,14-Mar-17,123097186,240800200062,1,35.4,16.15
52025,SILVER,14-Mar-17,14-Mar-17,123097205,240800100011,2,273.2,58.8
53915,SILVER,14-Mar-17,14-Mar-17,123001920,220200100246,2,94.4,23.7
54894,Gold,14-Mar-17,14-Mar-17,123097260,220100100589,1,36.1,18.15
55010,Silver,14-Mar-17,17-Mar-17,123097269,230100700011,1,252,103.95
56036,Silver,14-Mar-17,14-Mar-17,123097279,220100800040,1,111.5,53.05
58127,Silver,14-Mar-17,14-Mar-17,123098086,220200100241,2,70.8,17.8
59484,Platinum,14-Mar-17,18-Mar-17,123099830,220200300016,1,101,46.05
59675,Gold,14-Mar-17,14-Mar-17,123099610,220101400424,1,111.3,55.55
60043,Gold,14-Mar-17,14-Mar-17,123097364,240800100087,1,299,123.4
60431,Gold,14-Mar-17,17-Mar-17,123095754,240100400069,1,93.3,39.95
61816,Silver,14-Mar-17,14-Mar-17,123000274,230100500068,1,1.7,0.8
61834,Silver,14-Mar-17,14-Mar-17,123097415,240800200043,1,42.3,18.45
70714,Silver,14-Mar-17,14-Mar-17,123098977,210201000121,1,29.5,13.55
74401,Silver,14-Mar-17,14-Mar-17,123098232,240200100240,1,24,12.1
75291,SILVER,14-Mar-17,14-Mar-17,123098247,210201000121,1,29.5,13.55
75746,Silver,14-Mar-17,14-Mar-17,123000302,230100600036,1,103.2,50.4
77978,Silver,14-Mar-17,14-Mar-17,123099996,220200200054,2,391.4,97.95
78365,Silver,14-Mar-17,14-Mar-17,123098265,240100100272,1,12.7,5.25
79749,Gold,14-Mar-17,14-Mar-17,123098302,240600100189,1,58.6,24.8
81375,Platinum,14-Mar-17,16-Mar-17,123099075,210200600018,1,38.8,18.05
81860,Gold,14-Mar-17,14-Mar-17,123099082,240100100235,1,13.2,5.65
82984,Gold,14-Mar-17,14-Mar-17,123098368,210201000041,1,25,11.45
85830,Silver,14-Mar-17,14-Mar-17,123096144,230100600022,1,84.1,42.15
86153,Silver,14-Mar-17,14-Mar-17,123098476,240600100058,1,25.3,11.5
88146,SILVER,14-Mar-17,14-Mar-17,123000351,240300100001,1,65.9,32.9
88806,Silver,14-Mar-17,14-Mar-17,123096176,240100100447,1,13.5,5.7
91626,Gold,14-Mar-17,14-Mar-17,123000417,230100100012,2,358.6,82
93160,Gold,14-Mar-17,14-Mar-17,123096203,230100500092,1,115.6,48.15
93750,Silver,14-Mar-17,14-Mar-17,123099193,240400200087,1,127.3,53.05
326,Silver,15-Mar-17,15-Mar-17,123004296,220100100298,1,52.9,26.55
5146,Silver,15-Mar-17,15-Mar-17,123003500,220200100134,1,54.4,27.3
5238,Silver,15-Mar-17,17-Mar-17,123004397,240500200005,1,5.9,2.75
7837,Silver,15-Mar-17,15-Mar-17,123004470,240100100027,1,23.5,9.45
8409,Gold,15-Mar-17,15-Mar-17,123004481,210200400008,1,33.8,17
9249,Silver,15-Mar-17,15-Mar-17,123004542,240800200034,1,66.7,30.25
9786,Silver,15-Mar-17,15-Mar-17,123004562,210200900053,1,33.9,16.35
10823,Silver,15-Mar-17,15-Mar-17,123003952,210200300017,1,13.5,6.8
13936,Silver,15-Mar-17,20-Mar-17,123004722,240100100283,1,37.9,18
18477,Gold,15-Mar-17,15-Mar-17,123002190,240500200042,1,37,17.6
20899,Gold,15-Mar-17,15-Mar-17,123003526,230100100028,1,250.9,104.2
22507,Gold,15-Mar-17,15-Mar-17,123002196,230100200025,2,500.2,113.65
31493,Gold,15-Mar-17,15-Mar-17,123005005,220100200011,1,58.3,23.35
31610,Silver,15-Mar-17,15-Mar-17,123005007,220200100240,1,40,20.1
41971,Silver,15-Mar-17,19-Mar-17,123002211,240100200002,1,15.3,6.05
45588,Silver,15-Mar-17,15-Mar-17,123002679,210200400002,1,41.8,21
49180,Gold,15-Mar-17,15-Mar-17,123005256,240100100340,1,97.2,42
58647,Silver,15-Mar-17,15-Mar-17,123003614,230100100058,1,48.3,20.5
58900,SILVER,15-Mar-17,15-Mar-17,123005439,220200300102,1,136.6,62.25
62840,Gold,15-Mar-17,15-Mar-17,123004092,220101400132,1,54.7,24.95
65252,Gold,15-Mar-17,15-Mar-17,123003175,220100100102,1,12.9,6.55
72268,Gold,15-Mar-17,15-Mar-17,123002285,240100100298,1,6.7,3.1
72487,Platinum,15-Mar-17,15-Mar-17,123003227,240400300035,1,19.1,7.7
72893,GOLD,15-Mar-17,15-Mar-17,123003715,240800100037,1,342.8,141.75
74022,GOLD,15-Mar-17,15-Mar-17,123002792,220101400175,1,22.3,10
74518,Gold,15-Mar-17,15-Mar-17,123003727,220101400356,1,38.7,17.25
75115,GOLD,15-Mar-17,17-Mar-17,123003736,240200200073,2,34.8,7.6
75132,Gold,15-Mar-17,21-Mar-17,123003260,240100100556,1,111.8,49
76579,Silver,15-Mar-17,15-Mar-17,123003749,240800200009,1,85.6,34.3
77152,GOLD,15-Mar-17,15-Mar-17,123003287,210201000125,1,51.3,23.4
81353,Gold,15-Mar-17,15-Mar-17,123004211,220200100126,1,33.4,16.8
81879,Silver,15-Mar-17,15-Mar-17,123003349,240400200050,1,217.3,103.55
87478,Silver,15-Mar-17,15-Mar-17,123004234,220100100044,1,102.1,48.65
93039,PLATINUM,15-Mar-17,15-Mar-17,123003907,220200100146,1,50.2,25.2
2287,Silver,16-Mar-17,16-Mar-17,123007682,240500100053,3,245.1,32.75
2909,Silver,16-Mar-17,16-Mar-17,123009816,240100400115,1,335.4,163.65
2968,Silver,16-Mar-17,16-Mar-17,123009822,220101400102,1,23.6,10.8
7045,Silver,16-Mar-17,16-Mar-17,123009962,230100500021,1,93.2,40.7
7843,Gold,16-Mar-17,19-Mar-17,123006234,230100500004,2,6.4,1.35
8044,GOLD,16-Mar-17,16-Mar-17,123010001,240500100008,1,65.7,29.9
8274,Gold,16-Mar-17,16-Mar-17,123010018,230100700011,1,252,103.95
9056,Silver,16-Mar-17,16-Mar-17,123008813,230100100051,1,184.9,78.15
9881,Gold,16-Mar-17,16-Mar-17,123008389,210201000152,1,38.1,17
10116,Gold,16-Mar-17,19-Mar-17,123007694,240100300006,1,51.5,22.8
10230,Silver,16-Mar-17,16-Mar-17,123008390,220100100563,1,38.6,19.4
12631,GOLD,16-Mar-17,17-Mar-17,123006289,220200300155,1,70.7,32.95
14056,Gold,16-Mar-17,17-Mar-17,123010168,240100400004,1,102.4,51.15
14926,GOLD,16-Mar-17,16-Mar-17,123008832,220101400179,1,25.7,11.5
15019,Gold,16-Mar-17,16-Mar-17,123008430,240500200077,3,152.1,21.15
15469,GOLD,16-Mar-17,16-Mar-17,123006313,220100100264,1,57.4,28.8
17428,Silver,16-Mar-17,20-Mar-17,123010236,240800100047,1,355.7,148.05
19406,Silver,16-Mar-17,16-Mar-17,123010314,240400300035,1,19.1,7.7
20461,Silver,16-Mar-17,16-Mar-17,123008489,240100100254,1,17,7.8
23256,GOLD,16-Mar-17,16-Mar-17,123007762,220100800070,1,25.4,12.15
24629,Silver,16-Mar-17,16-Mar-17,123008873,240700400036,1,6.2,2.75
25083,Gold,16-Mar-17,16-Mar-17,123010429,240100400071,1,149.2,109.35
26844,Gold,16-Mar-17,16-Mar-17,123008562,220200300154,1,72.5,33.8
29751,Gold,16-Mar-17,21-Mar-17,123006563,240300100039,1,13.7,6
32290,Silver,16-Mar-17,16-Mar-17,123008603,220200300013,1,61,27.75
32711,GOLD,16-Mar-17,16-Mar-17,123010606,240500100032,2,109.8,24.35
34196,Silver,16-Mar-17,16-Mar-17,123010634,210200500006,1,24,11.95
34301,Silver,16-Mar-17,16-Mar-17,123006634,240500100020,3,154.8,22.9
34619,Gold,16-Mar-17,16-Mar-17,123008613,240700400036,1,6.2,2.75
36593,Gold,16-Mar-17,16-Mar-17,123007786,210200900001,1,46.1,19.55
37358,Silver,16-Mar-17,16-Mar-17,123010744,220200100197,1,138.5,69.35
37407,GOLD,16-Mar-17,16-Mar-17,123010767,220100700042,1,83.2,35.3
38024,Gold,16-Mar-17,16-Mar-17,123007793,220100100487,1,26.3,13.25
38248,SILVER,16-Mar-17,21-Mar-17,123010792,240500100043,1,26,8.8
38288,Gold,16-Mar-17,16-Mar-17,123008933,220200200078,1,107.7,46.8
40013,Silver,16-Mar-17,16-Mar-17,123010865,230100100045,1,124.8,53.6
40249,Gold,16-Mar-17,16-Mar-17,123006676,220200300155,1,70.7,32.95
40956,Silver,16-Mar-17,16-Mar-17,123008648,220200300080,1,64.6,29.4
41795,Gold,16-Mar-17,16-Mar-17,123010922,210201000069,1,26.8,12
43776,Silver,16-Mar-17,16-Mar-17,123010971,220100700010,1,53.9,25.7
46577,Silver,16-Mar-17,23-Mar-17,123008683,240100100250,1,14.7,6
49620,Silver,16-Mar-17,16-Mar-17,123008690,240100100078,1,14.5,6.2
49765,Gold,16-Mar-17,20-Mar-17,123007202,240100400089,2,199.6,48.7
50914,Gold,16-Mar-17,20-Mar-17,123011124,240500200048,1,108.8,45.4
51572,Silver,16-Mar-17,16-Mar-17,123008987,240800100006,1,253.5,108
54114,Silver,16-Mar-17,16-Mar-17,123008998,240200100226,1,183.9,86.65
54608,Silver,16-Mar-17,16-Mar-17,123005758,230100700002,2,440,135
55630,Gold,16-Mar-17,20-Mar-17,123011191,210200500018,1,40,18.6
56486,Gold,16-Mar-17,18-Mar-17,123011253,240500100021,1,61.1,27.1
56750,Gold,16-Mar-17,16-Mar-17,123006881,240100400044,1,353.6,174.75
59330,Silver,16-Mar-17,21-Mar-17,123006900,230100700009,2,1081.4,276
59624,SILVER,16-Mar-17,16-Mar-17,123008737,230100500082,1,126.1,58.6
59756,Gold,16-Mar-17,16-Mar-17,123007963,210201000206,1,41.1,18.7
62691,GOLD,16-Mar-17,16-Mar-17,123007975,220101400008,1,8.4,3.8
62692,Gold,16-Mar-17,21-Mar-17,123009508,230100600033,1,85.1,40.65
70340,GOLD,16-Mar-17,21-Mar-17,123005795,220100700001,1,67,32
73747,Silver,16-Mar-17,20-Mar-17,123008057,240100400148,1,253.1,125.1
74813,Silver,16-Mar-17,16-Mar-17,123005830,240700400028,2,76.2,19.75
75072,Silver,16-Mar-17,16-Mar-17,123007481,240100300006,1,51.5,22.8
75113,Gold,16-Mar-17,16-Mar-17,123007483,220200100093,1,100.4,50.3
76915,Gold,16-Mar-17,16-Mar-17,123005892,240400300032,1,31.9,12.85
79792,Gold,16-Mar-17,16-Mar-17,123009120,220101400145,1,16.6,7.7
80487,Gold,16-Mar-17,16-Mar-17,123005948,240100100035,1,88.3,37.8
80944,Gold,16-Mar-17,16-Mar-17,123007032,240600100185,1,33.9,15
81109,Silver,16-Mar-17,16-Mar-17,123005954,240200100101,1,19.1,10
83194,Silver,16-Mar-17,16-Mar-17,123005990,230100500046,1,45.6,21.7
84810,GOLD,16-Mar-17,16-Mar-17,123008250,210200400019,1,53.2,26.7
85176,Silver,16-Mar-17,16-Mar-17,123009139,220200100222,1,109,60.05
85308,GOLD,16-Mar-17,16-Mar-17,123009145,240800200009,1,85.6,34.3
88733,Silver,16-Mar-17,16-Mar-17,123009199,230100500056,1,8,3.5
90312,Gold,16-Mar-17,20-Mar-17,123008309,210200400080,1,48.4,24.3
90466,Gold,16-Mar-17,16-Mar-17,123008321,240100300001,1,35.5,17.9
90493,SILVER,16-Mar-17,18-Mar-17,123009203,220200100241,1,35.4,17.8
93092,Gold,16-Mar-17,16-Mar-17,123007637,240600100136,1,21,8.65
1811,GOLD,17-Mar-17,19-Mar-17,123015172,240100400002,1,6.1,2.85
1917,Silver,17-Mar-17,17-Mar-17,123011981,240500100031,1,57.3,25.45
2996,SILVER,17-Mar-17,17-Mar-17,123015228,240100400084,1,63.8,31.85
3446,SILVER,17-Mar-17,17-Mar-17,123015270,210200500004,1,96.9,40.65
3846,Gold,17-Mar-17,17-Mar-17,123015286,240100100458,1,6.7,2.95
5398,SILVER,17-Mar-17,17-Mar-17,123011463,240100100554,1,63.8,27.5
6202,GOLD,17-Mar-17,17-Mar-17,123012038,220101100034,1,11.8,5
6553,Gold,17-Mar-17,17-Mar-17,123015370,220100700001,1,67,32
8686,Gold,17-Mar-17,21-Mar-17,123011481,210200400046,1,36.2,18.2
9301,Silver,17-Mar-17,23-Mar-17,123016771,240100400037,1,231,113.65
10032,Gold,17-Mar-17,17-Mar-17,123012090,220200300072,1,98.7,45
10290,Gold,17-Mar-17,26-Mar-17,123015516,230100600002,1,44.8,22.5
12684,Silver,17-Mar-17,17-Mar-17,123012110,230100600013,1,71.7,35.95
18822,Gold,17-Mar-17,19-Mar-17,123012159,220100700003,1,108.7,53
29302,Silver,17-Mar-17,17-Mar-17,123013522,220100100631,1,57.1,28.65
29508,Silver,17-Mar-17,17-Mar-17,123015896,240200100214,1,104,53.8
31471,Silver,17-Mar-17,18-Mar-17,123015942,240100400091,1,196.3,95.65
31928,Gold,17-Mar-17,17-Mar-17,123012911,220100500005,1,104.4,46
32020,Silver,17-Mar-17,17-Mar-17,123015946,220101400190,1,5.4,2.4
33451,Gold,17-Mar-17,17-Mar-17,123015999,220101400211,1,34.9,15.6
34954,Silver,17-Mar-17,17-Mar-17,123016018,220100100076,1,34.9,17.55
36411,Silver,17-Mar-17,17-Mar-17,123013551,220200300126,1,54.5,24.3
37731,Gold,17-Mar-17,21-Mar-17,123011601,240100200003,2,64.8,13.65
39580,Silver,17-Mar-17,17-Mar-17,123014212,220200100198,1,101.6,50.9
40440,Gold,17-Mar-17,19-Mar-17,123012349,240100400069,1,93.3,39.95
41663,Gold,17-Mar-17,17-Mar-17,123016171,230100500097,1,24,11.7
41852,SILVER,17-Mar-17,21-Mar-17,123014254,220100300017,1,22.4,10.6
43985,Gold,17-Mar-17,17-Mar-17,123014432,210200900050,2,65,14.9
44554,Gold,17-Mar-17,21-Mar-17,123012402,240500100058,1,48,21.3
45952,Silver,17-Mar-17,19-Mar-17,123014263,220200100046,1,115.8,58
47007,SILVER,17-Mar-17,17-Mar-17,123016268,240500100018,1,61,27.05
47020,Silver,17-Mar-17,17-Mar-17,123012988,240500200092,1,32.7,15.7
48212,Silver,17-Mar-17,17-Mar-17,123012994,240100100206,1,19.9,8.95
48860,Silver,17-Mar-17,17-Mar-17,123012458,240500200068,1,118.7,49.55
52425,Silver,17-Mar-17,18-Mar-17,123016327,220200200069,1,103.1,44.8
52431,Gold,17-Mar-17,20-Mar-17,123016333,240800200020,1,163.4,74.3
52645,Gold,17-Mar-17,17-Mar-17,123014875,240700400036,1,6.2,2.75
53744,Silver,17-Mar-17,22-Mar-17,123016423,240500100061,1,71.2,30.85
54951,Gold,17-Mar-17,17-Mar-17,123011663,220100100505,1,100.2,50.2
55565,Silver,17-Mar-17,21-Mar-17,123011668,220100100488,2,106.6,26.75
56670,Silver,17-Mar-17,17-Mar-17,123014320,220200200019,1,190.4,86.5
58232,SILVER,17-Mar-17,17-Mar-17,123016521,240800200010,2,231.6,46.25
58392,Gold,17-Mar-17,21-Mar-17,123012581,230100200047,1,72.7,35.2
58397,Gold,17-Mar-17,23-Mar-17,123013427,220200100134,3,163.2,27.3
60474,Platinum,17-Mar-17,17-Mar-17,123016626,220100700010,1,53.9,25.7
63477,Silver,17-Mar-17,17-Mar-17,123014552,210200300075,2,74.4,18.7
63493,SILVER,17-Mar-17,17-Mar-17,123013078,220200300110,2,120,26.75
63837,Gold,17-Mar-17,18-Mar-17,123013686,240100100718,1,65.1,28.75
64674,Silver,17-Mar-17,17-Mar-17,123016761,220100100146,1,170.8,85.5
65467,Silver,17-Mar-17,18-Mar-17,123013694,210201100005,1,37.1,16.15
71739,Silver,17-Mar-17,18-Mar-17,123014588,240300200060,1,23.9,10.15
72925,SILVER,17-Mar-17,17-Mar-17,123013123,220200100145,1,111.3,55.75
73601,Gold,17-Mar-17,17-Mar-17,123013126,220200200005,1,47,21.45
75116,Silver,17-Mar-17,17-Mar-17,123013761,240700400024,1,63.6,33.15
75533,Gold,17-Mar-17,17-Mar-17,123014955,220101400429,1,55.7,27.8
75573,SILVER,17-Mar-17,17-Mar-17,123011718,230100200017,2,393.4,98.45
76707,Silver,17-Mar-17,17-Mar-17,123014665,220101400131,1,22.3,7.75
77385,Gold,17-Mar-17,18-Mar-17,123014668,220200100044,2,204.4,51.2
79644,Gold,17-Mar-17,17-Mar-17,123014970,230100100051,1,184.9,78.15
79937,Gold,17-Mar-17,17-Mar-17,123014697,220200100035,2,125.2,31.4
80614,SILVER,17-Mar-17,17-Mar-17,123013880,220100100591,1,37.7,18.95
82404,SILVER,17-Mar-17,17-Mar-17,123014721,230100500074,1,136,51.3
82762,Silver,17-Mar-17,17-Mar-17,123013921,220100100019,1,27.7,13.95
83266,Silver,17-Mar-17,17-Mar-17,123014738,220200200085,1,41.4,18
84580,Gold,17-Mar-17,17-Mar-17,123014761,230100100051,1,184.9,78.15
86768,Gold,17-Mar-17,17-Mar-17,123014775,220101200025,1,26.3,11.4
87449,Gold,17-Mar-17,17-Mar-17,123011850,220100100164,1,69.5,34.85
88156,Silver,17-Mar-17,17-Mar-17,123015027,240600100080,1,28.3,8.55
89542,Silver,17-Mar-17,18-Mar-17,123014794,220200300123,1,113.6,51.7
869,SILVER,18-Mar-17,18-Mar-17,123018801,220200100150,1,44.9,22.55
949,Silver,18-Mar-17,23-Mar-17,123020231,220200100042,1,59.1,29.65
1040,Silver,18-Mar-17,18-Mar-17,123020643,220100100579,1,60.1,30.15
1643,Gold,18-Mar-17,18-Mar-17,123020688,230100100052,2,370.2,77.7
1702,Gold,18-Mar-17,18-Mar-17,123018243,220200300158,1,87.3,40.7
2356,Silver,18-Mar-17,18-Mar-17,123018252,210200900048,1,36.4,17.7
3498,Gold,18-Mar-17,18-Mar-17,123020760,230100100013,1,113.1,58.9
4809,Silver,18-Mar-17,19-Mar-17,123017473,220200300040,1,110.7,49.35
5167,Silver,18-Mar-17,18-Mar-17,123020787,230100100012,2,358.6,82
5349,Gold,18-Mar-17,18-Mar-17,123016792,240100100730,2,363,77.85
6882,Silver,18-Mar-17,18-Mar-17,123020885,220101400112,1,40.9,18.6
8647,Silver,18-Mar-17,18-Mar-17,123020920,220200100155,1,126,63.1
8979,Gold,18-Mar-17,18-Mar-17,123017501,220200100009,1,63.4,30.5
11202,Silver,18-Mar-17,18-Mar-17,123020254,220100400027,1,88.1,41.95
12994,Gold,18-Mar-17,18-Mar-17,123019535,220200200015,1,105.1,47.75
13868,GOLD,18-Mar-17,18-Mar-17,123018849,220200200050,2,215,53.85
15895,Gold,18-Mar-17,18-Mar-17,123017598,240800100015,1,228.5,94.9
16350,Silver,18-Mar-17,18-Mar-17,123018858,230100100045,1,124.8,53.6
16474,Silver,18-Mar-17,23-Mar-17,123017605,240400200050,1,217.3,103.55
18269,GOLD,18-Mar-17,18-Mar-17,123019899,240700400036,1,6.2,2.75
19842,Silver,18-Mar-17,18-Mar-17,123018279,220200100139,3,171.9,28.75
20968,Silver,18-Mar-17,20-Mar-17,123016865,220101100031,2,41,9.25
22557,Gold,18-Mar-17,18-Mar-17,123018890,230100100018,2,312.2,66.1
22724,GOLD,18-Mar-17,18-Mar-17,123019905,220200100115,1,148.1,74.15
24719,Gold,18-Mar-17,18-Mar-17,123017667,220200300012,1,84.2,38.3
27802,Silver,18-Mar-17,18-Mar-17,123018974,210200300091,1,13.3,6.7
28185,Gold,18-Mar-17,18-Mar-17,123016901,230100200056,2,540,125.65
29220,Silver,18-Mar-17,19-Mar-17,123017713,230100200066,1,12.9,5.45
29251,Gold,18-Mar-17,18-Mar-17,123018353,210200200017,1,41,17.85
29923,Silver,18-Mar-17,23-Mar-17,123018980,240100100552,1,169.2,71.95
34588,Gold,18-Mar-17,18-Mar-17,123020324,240100100517,1,25.4,11
34907,Gold,18-Mar-17,19-Mar-17,123019622,220100100579,1,60.1,30.15
35921,Silver,18-Mar-17,18-Mar-17,123021563,230100700002,1,220,135
36116,Silver,18-Mar-17,18-Mar-17,123021593,220200100016,1,124.4,62.3
37675,SILVER,18-Mar-17,18-Mar-17,123019657,220100400003,1,161.8,81
38492,Gold,18-Mar-17,18-Mar-17,123018374,220200200032,1,96.4,43.85
39813,GOLD,18-Mar-17,18-Mar-17,123019668,210200900004,1,46,16.05
40567,SILVER,18-Mar-17,18-Mar-17,123019039,240100100003,1,13.6,5.8
43877,Silver,18-Mar-17,18-Mar-17,123019679,220101400406,1,105.7,52.8
45875,Silver,18-Mar-17,23-Mar-17,123016997,240100100135,2,448.4,92
47515,PLATINUM,18-Mar-17,18-Mar-17,123019714,210200600112,1,21.6,9.2
49115,Gold,18-Mar-17,19-Mar-17,123019969,240300100021,1,20.4,9.3
49768,Silver,18-Mar-17,18-Mar-17,123017022,240100400009,2,131,25.6
50634,Gold,18-Mar-17,18-Mar-17,123021915,240100100582,1,35.5,14.85
52242,SILVER,18-Mar-17,18-Mar-17,123019743,230100700011,2,504,103.95
52343,SILVER,18-Mar-17,18-Mar-17,123019746,240200100181,1,109.3,56.6
53349,Silver,18-Mar-17,18-Mar-17,123019750,220200300157,2,146.8,36.65
54408,Gold,18-Mar-17,23-Mar-17,123019755,220101400285,1,59.4,27.05
55477,Gold,18-Mar-17,18-Mar-17,123017943,220200200011,1,86.2,39.25
55920,Silver,18-Mar-17,21-Mar-17,123018419,240600100188,1,41.9,18.25
58057,Silver,18-Mar-17,18-Mar-17,123019795,240100200006,1,29.1,12.3
58462,Silver,18-Mar-17,24-Mar-17,123019796,220100100104,1,17.8,9
58513,SILVER,18-Mar-17,18-Mar-17,123019122,220100100103,1,11.1,5.65
58868,Gold,18-Mar-17,18-Mar-17,123022168,220200100086,1,116.1,58.15
59494,Gold,18-Mar-17,18-Mar-17,123017978,210201000054,1,40.8,18.55
59852,Gold,18-Mar-17,18-Mar-17,123022178,240800200034,1,66.7,30.25
60738,SILVER,18-Mar-17,19-Mar-17,123017074,220101400386,1,166.1,75.9
60884,Silver,18-Mar-17,18-Mar-17,123018428,240800100010,1,79,36.05
61982,Gold,18-Mar-17,19-Mar-17,123017989,230100500056,2,16,3.5
62389,Gold,18-Mar-17,18-Mar-17,123022226,220100100198,1,153.6,76.9
64434,Silver,18-Mar-17,18-Mar-17,123019832,220200300080,1,64.6,29.4
70292,Gold,18-Mar-17,18-Mar-17,123017089,240100200002,1,15.3,6.05
70829,Silver,18-Mar-17,20-Mar-17,123020023,220101300023,1,50.2,23.8
72063,GOLD,18-Mar-17,21-Mar-17,123020467,230100100006,1,176,74.55
75291,SILVER,18-Mar-17,21-Mar-17,123018504,240200100229,1,160.8,78.5
78147,Silver,18-Mar-17,18-Mar-17,123018544,220100100458,1,122.4,61.15
80172,Silver,18-Mar-17,18-Mar-17,123019298,220100400002,1,45.2,20.6
80318,Silver,18-Mar-17,20-Mar-17,123018589,240400200012,1,160.9,69.6
81595,Silver,18-Mar-17,18-Mar-17,123019309,220200100078,1,110.8,55.5
83035,Silver,18-Mar-17,18-Mar-17,123018649,240600100069,1,46.3,19.25
83172,Silver,18-Mar-17,20-Mar-17,123018652,240600100127,1,46.1,18.25
88587,Gold,18-Mar-17,18-Mar-17,123020173,240700400036,1,6.2,2.75
91591,Silver,18-Mar-17,18-Mar-17,123017383,230100600015,2,156.4,39.2
91641,Silver,18-Mar-17,18-Mar-17,123018715,220200100084,1,106.5,51.55
92062,Silver,18-Mar-17,18-Mar-17,123020597,210201000109,1,23.8,10.75
92531,Gold,18-Mar-17,20-Mar-17,123020598,220200200047,2,271.6,68
123,Silver,19-Mar-17,19-Mar-17,123025239,240500200057,1,31.5,14.7
1919,Silver,19-Mar-17,19-Mar-17,123025249,240200100207,1,102.9,50.85
1994,Silver,19-Mar-17,19-Mar-17,123023903,240200200079,1,93.2,8.75
4815,Gold,19-Mar-17,19-Mar-17,123025295,230100100037,1,47.9,21.4
4853,Silver,19-Mar-17,27-Mar-17,123026647,220200300084,2,240.4,54.7
5148,Gold,19-Mar-17,19-Mar-17,123022372,240400300010,1,46.2,19.2
5663,Gold,19-Mar-17,19-Mar-17,123026194,210200900015,1,23,10.3
6478,SILVER,19-Mar-17,19-Mar-17,123022994,230100100058,1,48.3,20.5
6723,Silver,19-Mar-17,19-Mar-17,123023969,220200300160,1,107.4,48.85
6744,SILVER,19-Mar-17,19-Mar-17,123026715,220200100098,2,241.4,66.5
7871,Silver,19-Mar-17,19-Mar-17,123024007,240100100078,1,14.5,6.2
8246,Silver,19-Mar-17,24-Mar-17,123026198,220200300161,1,22.6,9.65
10214,Platinum,19-Mar-17,19-Mar-17,123023059,220200200066,1,88.2,38.4
11508,Gold,19-Mar-17,19-Mar-17,123026816,240200200081,1,106.3,10.65
14365,Gold,19-Mar-17,24-Mar-17,123026890,240800100002,1,119.2,56.9
15036,Platinum,19-Mar-17,25-Mar-17,123025683,220200300062,2,209.4,47.65
16542,Silver,19-Mar-17,19-Mar-17,123026918,220100100424,1,19.2,9.7
16673,Silver,19-Mar-17,22-Mar-17,123026224,220200300015,1,115,52.4
17039,GOLD,19-Mar-17,19-Mar-17,123023108,240700400018,1,23,10.2
17306,Silver,19-Mar-17,19-Mar-17,123026974,220101400269,1,67,29.8
19403,GOLD,19-Mar-17,20-Mar-17,123026243,220200100170,1,112.1,56.15
19611,SILVER,19-Mar-17,19-Mar-17,123022418,240200100127,2,28,7.05
19614,Gold,19-Mar-17,19-Mar-17,123024084,220200300161,3,67.8,9.65
20252,GOLD,19-Mar-17,19-Mar-17,123024799,240100400057,1,217.5,161.2
21623,Gold,19-Mar-17,19-Mar-17,123024111,220101200012,2,84,16.85
24216,GOLD,19-Mar-17,19-Mar-17,123024825,220200200066,2,176.4,38.4
25739,Gold,19-Mar-17,25-Mar-17,123024119,240600100112,1,51.4,19.35
26811,GOLD,19-Mar-17,24-Mar-17,123027218,240100100213,1,12.4,5.1
27442,Gold,19-Mar-17,19-Mar-17,123027230,230100500074,1,136,51.3
28612,GOLD,19-Mar-17,19-Mar-17,123024126,240100400083,1,107.5,53.7
30554,Gold,19-Mar-17,19-Mar-17,123027382,240100400081,1,120.1,56.45
30879,Silver,19-Mar-17,19-Mar-17,123023311,220100100611,1,69.8,35
32712,GOLD,19-Mar-17,20-Mar-17,123025736,220200100113,1,139.9,70.05
32898,Silver,19-Mar-17,19-Mar-17,123023353,220100300021,1,17.4,8.2
33380,Gold,19-Mar-17,23-Mar-17,123027429,240500100027,1,45.5,20.2
33798,Gold,19-Mar-17,19-Mar-17,123023371,220200100084,1,106.5,51.55
34363,Silver,19-Mar-17,19-Mar-17,123024875,230100700008,1,494.4,241
34503,Silver,19-Mar-17,22-Mar-17,123023377,220200100126,1,33.4,16.8
35062,Silver,19-Mar-17,19-Mar-17,123027441,240100100056,2,57,11.45
35118,Silver,19-Mar-17,19-Mar-17,123025481,220100100400,1,105.3,50.15
40996,Silver,19-Mar-17,19-Mar-17,123027607,220200100182,1,129.7,64.95
42112,Silver,19-Mar-17,19-Mar-17,123023807,220100300017,1,22.4,10.6
42190,Silver,19-Mar-17,19-Mar-17,123023468,220200300123,2,227.2,51.7
43410,Gold,19-Mar-17,19-Mar-17,123025509,240400300010,1,46.2,19.2
43653,GOLD,19-Mar-17,19-Mar-17,123025514,230100600018,1,64.2,32.2
44921,Gold,19-Mar-17,19-Mar-17,123026307,240100200004,1,35.2,14.8
45251,Silver,19-Mar-17,19-Mar-17,123024902,240400300028,2,156.6,31.4
47497,GOLD,19-Mar-17,04-Apr-17,123025519,220200100212,1,103.5,51.85
47763,GOLD,19-Mar-17,19-Mar-17,123024187,220200300002,1,37.5,17.05
48198,Silver,19-Mar-17,19-Mar-17,123023501,240800100046,1,347.8,148.45
49128,Gold,19-Mar-17,20-Mar-17,123025783,220200100238,1,209.3,104.6
51663,Silver,19-Mar-17,19-Mar-17,123027862,220101400044,1,41.6,17.3
52669,SILVER,19-Mar-17,22-Mar-17,123025787,220200300106,2,156.6,35.75
55933,Silver,19-Mar-17,19-Mar-17,123027985,220100100044,1,102.1,48.65
56142,Gold,19-Mar-17,20-Mar-17,123023577,220200300062,1,104.7,47.65
57116,GOLD,19-Mar-17,23-Mar-17,123028030,230100500011,1,67.8,30.8
57294,SILVER,19-Mar-17,19-Mar-17,123028072,240500200006,2,29.2,7.05
57366,Silver,19-Mar-17,19-Mar-17,123023604,240500100027,1,45.5,20.2
57949,Gold,19-Mar-17,19-Mar-17,123023606,230100700002,1,220,135
58513,Gold,19-Mar-17,19-Mar-17,123024963,210201000195,1,53.4,24.4
59308,Gold,19-Mar-17,25-Mar-17,123028134,240500200146,1,50.8,24.2
59447,Gold,19-Mar-17,19-Mar-17,123023643,240100400099,1,173.2,127
61550,GOLD,19-Mar-17,19-Mar-17,123023678,240300200034,1,48.7,22.1
63078,Gold,19-Mar-17,19-Mar-17,123025600,230100200048,1,68.7,34.45
63207,Gold,19-Mar-17,25-Mar-17,123023703,230100600012,2,46.8,11.4
64185,Silver,19-Mar-17,19-Mar-17,123025606,240100200008,1,30,12.45
64255,Gold,19-Mar-17,19-Mar-17,123023715,230100700011,1,252,103.95
64498,Gold,19-Mar-17,20-Mar-17,123028238,220200300126,1,54.5,24.3
65143,SILVER,19-Mar-17,20-Mar-17,123028257,240500100039,1,34.5,15.4
70211,Gold,19-Mar-17,19-Mar-17,123024981,240800200021,1,89.7,38.9
70357,Silver,19-Mar-17,19-Mar-17,123026342,230100100044,1,100.6,40.3
73636,Gold,19-Mar-17,19-Mar-17,123024296,220200300133,1,28.2,12.95
74426,Gold,19-Mar-17,19-Mar-17,123025071,210200300092,1,50.7,25.45
76473,Silver,19-Mar-17,19-Mar-17,123025935,230100200022,1,106.5,50.65
76473,Silver,19-Mar-17,19-Mar-17,123025945,240800200053,1,24.6,11.8
76704,Silver,19-Mar-17,19-Mar-17,123025085,240200100207,1,102.9,50.85
77024,Gold,19-Mar-17,19-Mar-17,123025094,240600100196,1,57.8,25.5
77474,Silver,19-Mar-17,19-Mar-17,123025982,230100200004,1,99.9,50.05
78449,SILVER,19-Mar-17,19-Mar-17,123024391,240600100089,1,22,9.1
83684,Silver,19-Mar-17,19-Mar-17,123025153,210201000091,1,29.8,13.3
84475,Silver,19-Mar-17,19-Mar-17,123024544,220100100153,2,100,25.1
87749,Gold,19-Mar-17,25-Mar-17,123026045,220100300025,1,103,42.4
87884,Silver,19-Mar-17,19-Mar-17,123025195,240100400046,1,328.3,165.95
91923,Silver,19-Mar-17,19-Mar-17,123023876,240100100511,2,28.2,6.2
93392,Gold,19-Mar-17,22-Mar-17,123024665,220101200005,1,139,55.7
93825,Gold,19-Mar-17,19-Mar-17,123026482,230100100048,1,122.6,52.8
368,SILVER,20-Mar-17,20-Mar-17,123032287,210200200005,1,27.7,12.05
1197,GOLD,20-Mar-17,24-Mar-17,123032660,240800100049,3,888,123.2
2118,Silver,20-Mar-17,24-Mar-17,123032717,240500200116,1,47.7,19.85
2307,GOLD,20-Mar-17,23-Mar-17,123028918,230100200057,2,453.6,105.55
2415,SILVER,20-Mar-17,20-Mar-17,123032734,240800200008,1,150.25,60.1
2732,SILVER,20-Mar-17,20-Mar-17,123031727,220200100240,1,40,20.1
3314,Silver,20-Mar-17,22-Mar-17,123028938,230100600016,2,154,38.6
4164,Gold,20-Mar-17,20-Mar-17,123031182,220200100011,1,61.9,55.85
4475,Silver,20-Mar-17,20-Mar-17,123028939,220101200025,1,26.3,11.4
5653,GOLD,20-Mar-17,20-Mar-17,123031734,220200100057,1,125.8,63
6668,Gold,20-Mar-17,23-Mar-17,123032294,220200300016,1,101,46.05
7047,Gold,20-Mar-17,20-Mar-17,123030533,240700400020,1,71.3,37.15
8406,Gold,20-Mar-17,20-Mar-17,123032960,230100500056,1,8,3.5
9729,GOLD,20-Mar-17,20-Mar-17,123028953,220100800005,1,57.6,27.5
10171,Gold,20-Mar-17,21-Mar-17,123029865,240200100246,1,16.2,7.9
10333,Silver,20-Mar-17,20-Mar-17,123030589,220100100373,1,36.3,18.25
12401,Silver,20-Mar-17,26-Mar-17,123031242,220100700022,1,51.7,21.9
14596,Gold,20-Mar-17,20-Mar-17,123029031,220200100139,2,114.6,28.75
15287,SILVER,20-Mar-17,20-Mar-17,123031287,240500100030,1,54.8,24.3
15417,Silver,20-Mar-17,20-Mar-17,123029048,220101000007,1,23.8,10.65
15495,Silver,20-Mar-17,20-Mar-17,123028341,220100100585,1,40.7,20.45
16400,Silver,20-Mar-17,20-Mar-17,123029921,210200500006,1,24,11.95
16720,Gold,20-Mar-17,20-Mar-17,123029074,240800100039,2,171.6,39.9
17452,Gold,20-Mar-17,20-Mar-17,123031289,240700400017,1,41.4,19.4
17956,Gold,20-Mar-17,20-Mar-17,123030638,240100100409,1,35.3,18.4
18033,Gold,20-Mar-17,30-Mar-17,123031302,240100200004,1,35.2,14.8
19121,Gold,20-Mar-17,20-Mar-17,123029114,240400200016,1,177.6,50.4
19354,Silver,20-Mar-17,25-Mar-17,123031319,220100100198,2,307.2,76.9
19509,Gold,20-Mar-17,24-Mar-17,123031326,220100100017,2,36,9.85
20818,Silver,20-Mar-17,22-Mar-17,123033313,240100400057,2,435,161.2
21692,Gold,20-Mar-17,20-Mar-17,123029144,220101400020,1,109.2,49.75
22700,Gold,20-Mar-17,20-Mar-17,123031373,240200200044,1,48.1,19.3
26356,SILVER,20-Mar-17,20-Mar-17,123033384,230100600026,1,118.6,59.4
26439,Gold,20-Mar-17,24-Mar-17,123033387,240700400014,1,16.8,7.7
27330,SILVER,20-Mar-17,21-Mar-17,123029186,220101400175,1,22.3,10
27793,GOLD,20-Mar-17,20-Mar-17,123029192,230100100005,2,313.8,66.75
28210,Gold,20-Mar-17,20-Mar-17,123033453,230100200056,1,270,125.65
29980,Gold,20-Mar-17,20-Mar-17,123028466,240100100227,1,6.3,2.85
31123,Silver,20-Mar-17,22-Mar-17,123033529,240100100595,1,12.3,5.2
31332,Silver,20-Mar-17,20-Mar-17,123029236,220200300117,1,99.6,45.35
31485,Silver,20-Mar-17,22-Mar-17,123029240,240500100032,1,54.9,24.35
32428,GOLD,20-Mar-17,20-Mar-17,123030013,220100100013,1,78.2,37.25
32522,Gold,20-Mar-17,20-Mar-17,123029271,220101400244,1,44.2,20.15
35345,Gold,20-Mar-17,21-Mar-17,123033587,240800100077,1,476.5,206.15
35702,Silver,20-Mar-17,20-Mar-17,123031866,220200100120,2,131.4,32.95
35785,GOLD,20-Mar-17,23-Mar-17,123031868,220100100106,1,93.1,46.65
35841,GOLD,20-Mar-17,25-Mar-17,123028496,220101400145,1,16.6,7.7
35902,SILVER,20-Mar-17,20-Mar-17,123031869,240700400003,1,12.4,5.6
36190,Gold,20-Mar-17,20-Mar-17,123033621,230100600039,1,106.8,51.1
36451,Gold,20-Mar-17,24-Mar-17,123033623,240100100003,1,13.6,5.8
37278,Gold,20-Mar-17,20-Mar-17,123031871,220101400416,1,93.4,42.6
39008,Silver,20-Mar-17,20-Mar-17,123033667,240500200107,2,339,70.6
39042,Silver,20-Mar-17,20-Mar-17,123033680,240800200006,2,451,112.85
39220,SILVER,20-Mar-17,20-Mar-17,123032348,230100300012,1,72.6,29.1
41275,Gold,20-Mar-17,20-Mar-17,123031493,220200100238,1,209.3,104.6
41333,Silver,20-Mar-17,20-Mar-17,123031495,240100400098,1,251.8,125.85
42001,Gold,20-Mar-17,20-Mar-17,123028524,210201000006,1,23.4,10.5
42996,Silver,20-Mar-17,20-Mar-17,123030069,220200300045,2,131,29.8
43276,Gold,20-Mar-17,20-Mar-17,123031504,220200100091,2,175.4,43.95
45750,GOLD,20-Mar-17,21-Mar-17,123033825,240800200021,1,89.7,38.9
46044,Gold,20-Mar-17,20-Mar-17,123033835,240800200009,1,85.6,34.3
47818,Silver,20-Mar-17,20-Mar-17,123033849,210200600106,1,49.8,21.85
49309,SILVER,20-Mar-17,20-Mar-17,123029493,220100100251,1,25.5,12.85
49827,Gold,20-Mar-17,23-Mar-17,123033889,230100700004,1,360,199
50126,Gold,20-Mar-17,20-Mar-17,123031591,220200200072,2,264.2,60.05
50872,Gold,20-Mar-17,26-Mar-17,123033925,230100500096,2,71,17.25
51163,SILVER,20-Mar-17,20-Mar-17,123033939,220200100019,2,196.2,49.15
52057,Silver,20-Mar-17,22-Mar-17,123029512,230100600041,1,67.5,32.15
52437,Gold,20-Mar-17,20-Mar-17,123029519,210200300092,1,50.7,25.45
52793,Platinum,20-Mar-17,24-Mar-17,123033992,230100100005,1,156.9,66.75
53719,SILVER,20-Mar-17,25-Mar-17,123034009,240400100015,1,93.2,43.2
54439,Gold,20-Mar-17,20-Mar-17,123031610,220200300080,1,64.6,29.4
55040,Silver,20-Mar-17,23-Mar-17,123034019,230100100061,1,175.2,73.65
55379,Silver,20-Mar-17,20-Mar-17,123031939,240200200026,1,96.3,38.55
55910,Gold,20-Mar-17,23-Mar-17,123034049,230100600022,1,84.1,42.15
56909,GOLD,20-Mar-17,21-Mar-17,123034071,240800100072,1,475.6,193.1
58434,Gold,20-Mar-17,20-Mar-17,123032429,220200100190,1,63.5,29.95
59035,Gold,20-Mar-17,20-Mar-17,123030828,230100100043,1,82,32.9
60346,Silver,20-Mar-17,20-Mar-17,123030831,210200600133,1,23.1,9.55
60366,SILVER,20-Mar-17,20-Mar-17,123031667,240200100076,1,449,246.55
60719,Gold,20-Mar-17,25-Mar-17,123031954,220200300127,1,49.4,22.05
61044,Silver,20-Mar-17,24-Mar-17,123034172,240100100404,2,125,32.75
62598,GOLD,20-Mar-17,23-Mar-17,123034220,240800100077,1,476.5,206.15
65785,Silver,20-Mar-17,20-Mar-17,123030844,220100100337,1,19.8,10
72081,GOLD,20-Mar-17,20-Mar-17,123030118,220200100124,1,62.1,31.15
72587,Silver,20-Mar-17,24-Mar-17,123030127,240700300004,2,34,8.1
73218,GOLD,20-Mar-17,20-Mar-17,123030897,240800200043,1,42.3,18.45
74814,GOLD,20-Mar-17,26-Mar-17,123028600,220100100104,2,35.6,9
75295,Gold,20-Mar-17,20-Mar-17,123030975,240100300001,1,35.5,17.9
75427,SILVER,20-Mar-17,20-Mar-17,123030157,240200100224,1,136.1,66.1
78324,Gold,20-Mar-17,20-Mar-17,123030246,220200200014,3,270,40.9
81118,SILVER,20-Mar-17,21-Mar-17,123032508,230100100006,1,176,74.55
82926,Silver,20-Mar-17,20-Mar-17,123032513,220100500026,1,63,28.7
83259,SILVER,20-Mar-17,20-Mar-17,123032156,220200100240,3,120,20.1
85076,Silver,20-Mar-17,20-Mar-17,123032525,220101200007,1,72.2,28.8
88248,Gold,20-Mar-17,23-Mar-17,123032220,220200300053,1,59,26.85
89022,Silver,20-Mar-17,20-Mar-17,123032555,240100300005,1,45,19.2
89748,SILVER,20-Mar-17,20-Mar-17,123032235,220101400292,1,35.7,15.55
91244,Gold,20-Mar-17,20-Mar-17,123030444,220101400061,2,102,23.3
92731,Gold,20-Mar-17,20-Mar-17,123030464,220200200071,1,95.4,41.45
93630,Silver,20-Mar-17,20-Mar-17,123029829,230100500082,1,126.1,58.6
764,Silver,21-Mar-17,21-Mar-17,123035868,240600100080,1,28.3,8.55
843,Gold,21-Mar-17,21-Mar-17,123038667,240500200114,2,16.8,3.95
3066,Silver,21-Mar-17,21-Mar-17,123034773,240800100062,1,375.3,150.2
4178,Gold,21-Mar-17,25-Mar-17,123034807,230100500082,1,126.1,58.6
5167,Silver,21-Mar-17,21-Mar-17,123038788,220200100044,2,204.4,51.2
7253,SILVER,21-Mar-17,21-Mar-17,123034855,240800100067,1,273.5,116.6
7290,SILVER,21-Mar-17,22-Mar-17,123038808,220101400216,1,24,11
7872,Gold,21-Mar-17,25-Mar-17,123038812,240800200042,1,47.9,20.9
8119,Silver,21-Mar-17,21-Mar-17,123038817,220100300008,1,85.7,34.35
8140,Silver,21-Mar-17,21-Mar-17,123037228,230100500011,3,203.4,30.8
8535,Gold,21-Mar-17,25-Mar-17,123038830,240800200004,2,51.5,10.3
9070,Silver,21-Mar-17,22-Mar-17,123038237,220200100099,1,157.8,79
9513,Gold,21-Mar-17,21-Mar-17,123038857,240100400078,1,350.5,175.2
10349,Silver,21-Mar-17,26-Mar-17,123035909,240700300002,1,21.99,7.25
10576,Silver,21-Mar-17,21-Mar-17,123035912,220100200006,1,39.6,15.9
12762,SILVER,21-Mar-17,21-Mar-17,123037246,240100100159,1,30.8,13.7
13420,Gold,21-Mar-17,21-Mar-17,123036447,220100300038,2,282.4,57.95
13900,Silver,21-Mar-17,25-Mar-17,123037770,220200100081,1,114.7,57.45
16577,Silver,21-Mar-17,24-Mar-17,123035004,230100200022,1,106.5,50.65
17121,Gold,21-Mar-17,21-Mar-17,123035009,240700400026,1,18.5,8.45
17521,GOLD,21-Mar-17,21-Mar-17,123037294,240200100207,1,102.9,50.85
18168,SILVER,21-Mar-17,29-Mar-17,123037303,240100100673,1,59.9,25.35
20600,Silver,21-Mar-17,22-Mar-17,123037333,220100900029,1,30.8,12.35
20830,Silver,21-Mar-17,21-Mar-17,123037362,210200900040,1,36.1,16.3
21304,Silver,21-Mar-17,21-Mar-17,123039087,220101400305,1,23.2,11.7
21803,SILVER,21-Mar-17,21-Mar-17,123035056,240400200048,1,88.5,39.3
22805,Silver,21-Mar-17,21-Mar-17,123039129,230100500087,1,91.1,37.95
23966,SILVER,21-Mar-17,26-Mar-17,123039166,240100400084,1,63.8,31.85
24994,Silver,21-Mar-17,21-Mar-17,123037385,230100500074,1,136,51.3
25681,Gold,21-Mar-17,21-Mar-17,123035109,240100100380,1,9.2,4.3
27991,Gold,21-Mar-17,21-Mar-17,123035710,240800200009,1,85.6,34.3
28401,Silver,21-Mar-17,21-Mar-17,123038312,240100400083,1,107.5,53.7
28683,PLATINUM,21-Mar-17,24-Mar-17,123039264,240500200027,2,107.8,22.45
29064,Gold,21-Mar-17,21-Mar-17,123037783,220200200018,2,132.8,30.25
32627,Silver,21-Mar-17,24-Mar-17,123036567,210200600060,1,46.4,20.95
32913,SILVER,21-Mar-17,25-Mar-17,123039451,240800200034,1,66.7,30.25
33946,Silver,21-Mar-17,21-Mar-17,123037456,210200400073,1,42.1,21.15
33966,Gold,21-Mar-17,21-Mar-17,123038325,230100500020,2,12.4,2.85
34161,Gold,21-Mar-17,23-Mar-17,123039503,240800200007,2,39.75,7.95
36054,Gold,21-Mar-17,21-Mar-17,123038333,220200100099,1,157.8,79
36487,Silver,21-Mar-17,21-Mar-17,123037501,220200100056,1,143.7,71.95
36522,Gold,21-Mar-17,22-Mar-17,123035248,230100500077,1,173,72.75
37363,SILVER,21-Mar-17,21-Mar-17,123039574,220101400292,1,35.7,15.55
38453,Gold,21-Mar-17,21-Mar-17,123036621,210200900033,1,14.1,6.4
38948,Gold,21-Mar-17,21-Mar-17,123039641,240800200063,1,36.9,16.85
39029,Silver,21-Mar-17,21-Mar-17,123036633,240100100659,1,23.2,9.95
44991,Silver,21-Mar-17,22-Mar-17,123039935,240200100088,1,9.7,3.95
44993,Gold,21-Mar-17,25-Mar-17,123039940,240500200100,1,22.7,10.85
45296,SILVER,21-Mar-17,22-Mar-17,123039971,210201000019,1,69.6,31.7
45808,Gold,21-Mar-17,24-Mar-17,123035358,220200200068,1,100.9,43.9
46115,Gold,21-Mar-17,24-Mar-17,123039987,240100400110,2,465.2,116.25
47938,SILVER,21-Mar-17,21-Mar-17,123035388,230100100061,2,350.4,73.65
48332,SILVER,21-Mar-17,21-Mar-17,123037859,240700400001,1,62.8,27.3
51482,SILVER,21-Mar-17,24-Mar-17,123035456,230100600028,1,96.7,48.45
51561,Gold,21-Mar-17,21-Mar-17,123037607,220200300036,1,93.8,41.75
52183,Silver,21-Mar-17,21-Mar-17,123036779,240100400142,2,307.6,77
54618,Silver,21-Mar-17,21-Mar-17,123040129,240400300035,1,19.1,7.7
55310,Gold,21-Mar-17,23-Mar-17,123034459,240100200008,1,30,12.45
57887,Silver,21-Mar-17,21-Mar-17,123035538,240100100142,1,1.8,0.75
62194,Silver,21-Mar-17,21-Mar-17,123038459,220101400216,1,24,11
63129,Silver,21-Mar-17,21-Mar-17,123040440,240200200011,1,135.7,13
65616,Silver,21-Mar-17,21-Mar-17,123040473,210201000018,1,17.1,7.5
65786,Gold,21-Mar-17,21-Mar-17,123036873,230100700004,1,360,199
71267,SILVER,21-Mar-17,21-Mar-17,123034522,240200100085,2,33.6,7.7
73331,Gold,21-Mar-17,21-Mar-17,123038501,240600100195,2,54,11.55
74293,SILVER,21-Mar-17,26-Mar-17,123038618,230100100045,1,124.8,53.6
74333,Silver,21-Mar-17,21-Mar-17,123036132,240500100044,1,71.2,28.5
74535,Silver,21-Mar-17,26-Mar-17,123038659,230100100049,1,57.9,24.4
77960,SILVER,21-Mar-17,22-Mar-17,123038521,220200200076,1,179.6,81.55
77968,Silver,21-Mar-17,23-Mar-17,123036169,240100100678,1,49.8,21.25
79297,Silver,21-Mar-17,21-Mar-17,123037003,220101400109,1,49.5,22.6
82986,Silver,21-Mar-17,23-Mar-17,123036222,230100600013,1,71.7,35.95
84322,Silver,21-Mar-17,26-Mar-17,123038554,230100700008,1,494.4,241
84494,GOLD,21-Mar-17,24-Mar-17,123034587,220100100556,1,47,23.6
84760,Silver,21-Mar-17,21-Mar-17,123034596,230100600022,2,168.2,42.15
85777,Silver,21-Mar-17,21-Mar-17,123034600,240400300035,1,19.1,7.7
88410,SILVER,21-Mar-17,21-Mar-17,123036275,240100100379,1,1.5,0.7
93041,Gold,21-Mar-17,21-Mar-17,123036353,240100300006,1,51.5,22.8
93946,SILVER,21-Mar-17,23-Mar-17,123035863,240500100062,1,54.6,23.85
183,GOLD,22-Mar-17,22-Mar-17,123040481,230100600005,1,129.8,63.2
9056,GOLD,22-Mar-17,22-Mar-17,123041993,230100600036,1,103.2,50.4
9786,Gold,22-Mar-17,22-Mar-17,123042890,240400200012,1,160.9,69.6
10225,Gold,22-Mar-17,22-Mar-17,123042359,220200100192,1,71.6,35.9
13138,SILVER,22-Mar-17,28-Mar-17,123043054,240100100152,1,169.8,82.95
24012,Silver,22-Mar-17,22-Mar-17,123042370,240100400111,1,103.3,49.2
24408,Gold,22-Mar-17,28-Mar-17,123040555,240100200014,1,55.4,22.8
25658,Silver,22-Mar-17,22-Mar-17,123043422,240500200114,1,8.4,3.95
28937,Silver,22-Mar-17,25-Mar-17,123043492,240400200077,1,49.4,22.3
29734,Silver,22-Mar-17,22-Mar-17,123041471,220100100374,1,11.6,5.85
33070,Silver,22-Mar-17,22-Mar-17,123041497,210200200005,1,27.7,12.05
34218,SILVER,22-Mar-17,22-Mar-17,123042081,240500100020,2,103.2,22.9
36758,Gold,22-Mar-17,22-Mar-17,123041524,240100400087,1,117.2,58.55
41266,Silver,22-Mar-17,29-Mar-17,123042090,220100700016,1,90,41.1
48134,Gold,22-Mar-17,24-Mar-17,123043914,240500200101,1,119.4,49.75
55743,Gold,22-Mar-17,22-Mar-17,123044102,220200100029,2,208.6,52.25
56928,Gold,22-Mar-17,22-Mar-17,123044157,240800200002,1,170.375,68.15
60941,Silver,22-Mar-17,23-Mar-17,123044240,240500200004,1,32.5,15.6
61249,Silver,22-Mar-17,22-Mar-17,123041671,210200300116,1,13.6,6.85
61403,Silver,22-Mar-17,22-Mar-17,123044253,240700100007,1,22.85,9.3
62742,Silver,22-Mar-17,26-Mar-17,123044323,240500100011,1,39.2,17.85
62917,Silver,22-Mar-17,22-Mar-17,123042472,220101100031,1,20.5,9.25
64497,Silver,22-Mar-17,22-Mar-17,123041682,220200200027,2,197.6,42.95
70932,Silver,22-Mar-17,22-Mar-17,123041717,220101400183,1,84.1,37.5
73241,Silver,22-Mar-17,22-Mar-17,123042213,240700400008,1,27.9,12.1
73242,Silver,22-Mar-17,22-Mar-17,123040682,220100100205,2,136,34.1
76679,Silver,22-Mar-17,22-Mar-17,123042225,220100100043,1,18.1,7.8
77395,Gold,22-Mar-17,22-Mar-17,123042236,220200100053,1,187.3,93.75
84077,Silver,22-Mar-17,22-Mar-17,123042277,230100500058,1,16.7,7.25
88037,SILVER,22-Mar-17,22-Mar-17,123042302,220100400029,1,126.3,63.25
89999,Gold,22-Mar-17,23-Mar-17,123042331,220200300072,1,98.7,45
92032,Silver,22-Mar-17,22-Mar-17,123041938,240700400008,1,27.9,12.1
844,Gold,23-Mar-17,23-Mar-17,123044843,230100100061,1,175.2,73.65
4507,Silver,23-Mar-17,23-Mar-17,123048409,230100100017,2,350.6,74.95
5528,Silver,23-Mar-17,23-Mar-17,123046973,240500100008,1,65.7,29.9
5993,GOLD,23-Mar-17,23-Mar-17,123044894,240100100305,1,8.7,4
6879,Gold,23-Mar-17,23-Mar-17,123044913,240100200012,1,32.2,13.35
7616,Gold,23-Mar-17,25-Mar-17,123048201,230100600031,1,88.5,42.45
9076,SILVER,23-Mar-17,23-Mar-17,123044929,230100700004,1,360,199
12407,Silver,23-Mar-17,23-Mar-17,123046304,210200300096,1,42.1,21.15
13528,Silver,23-Mar-17,23-Mar-17,123048583,240100400084,1,63.8,31.85
14695,Silver,23-Mar-17,23-Mar-17,123045747,220100100307,1,30.6,15.4
16284,Silver,23-Mar-17,23-Mar-17,123044990,230100100061,1,175.2,73.65
16442,Silver,23-Mar-17,23-Mar-17,123047023,240100100273,1,16.9,7.6
18182,Silver,23-Mar-17,23-Mar-17,123048735,220200300015,2,230,52.4
19920,Silver,23-Mar-17,23-Mar-17,123048799,230100700011,1,252,103.95
22670,Silver,23-Mar-17,23-Mar-17,123045785,220200200014,1,90,40.9
24333,Silver,23-Mar-17,23-Mar-17,123045060,230100300023,1,34.8,14.55
24580,Silver,23-Mar-17,23-Mar-17,123044514,230100600022,2,168.2,42.15
26226,Silver,23-Mar-17,29-Mar-17,123048973,240500200069,1,10.2,4.85
28122,Silver,23-Mar-17,23-Mar-17,123045093,230100600016,1,77,38.6
28734,Silver,23-Mar-17,23-Mar-17,123045107,220200200018,2,132.8,30.25
30489,Gold,23-Mar-17,23-Mar-17,123047877,240400300035,2,38.2,7.7
30591,Gold,23-Mar-17,23-Mar-17,123049082,240500200005,1,5.9,2.75
31554,Gold,23-Mar-17,23-Mar-17,123049152,210200400037,1,40.5,20.35
32462,Silver,23-Mar-17,27-Mar-17,123049194,240700400008,1,27.9,12.1
33090,Silver,23-Mar-17,23-Mar-17,123047402,220200300056,1,93.1,42.45
33373,Silver,23-Mar-17,23-Mar-17,123047089,220200200002,1,66.5,30.2
33809,SILVER,23-Mar-17,27-Mar-17,123049207,210200600037,2,45.4,10.3
34744,Silver,23-Mar-17,23-Mar-17,123047096,240200100038,1,18.5,9.35
34885,Gold,23-Mar-17,23-Mar-17,123049249,220100800072,1,49.1,23.4
35029,Gold,23-Mar-17,23-Mar-17,123047413,220101400174,1,12.9,6.5
35918,Silver,23-Mar-17,23-Mar-17,123047420,230100100059,1,134.4,57.05
36379,SILVER,23-Mar-17,23-Mar-17,123046394,220100400026,1,120.5,54.85
41469,Silver,23-Mar-17,23-Mar-17,123044570,220101000002,1,17.7,8
42104,Silver,23-Mar-17,23-Mar-17,123047454,210200500006,1,24,11.95
42241,Gold,23-Mar-17,28-Mar-17,123047144,220200100003,2,69,17.35
42628,Gold,23-Mar-17,23-Mar-17,123049337,220100100487,1,26.3,13.25
43157,Silver,23-Mar-17,23-Mar-17,123049358,230100500066,1,12.7,6.1
44920,Gold,23-Mar-17,23-Mar-17,123047925,240600100011,1,35.1,14.7
47278,Gold,23-Mar-17,23-Mar-17,123045871,220101400386,1,166.1,75.9
47280,SILVER,23-Mar-17,26-Mar-17,123049454,220200100060,2,110.8,29.35
49004,Silver,23-Mar-17,23-Mar-17,123049548,240100100306,1,8.9,4.1
51224,Silver,23-Mar-17,23-Mar-17,123046536,240100100707,1,95,39.4
51844,Silver,23-Mar-17,23-Mar-17,123047201,220200300124,1,69,31.4
55787,Silver,23-Mar-17,23-Mar-17,123046566,220100400013,1,78,35.55
59039,Gold,23-Mar-17,26-Mar-17,123047476,220100800078,1,25.2,12.05
59617,Platinum,23-Mar-17,23-Mar-17,123045923,220200100229,1,165.5,82.85
62792,GOLD,23-Mar-17,23-Mar-17,123049852,220101400058,1,55.2,25.2
63240,Silver,23-Mar-17,23-Mar-17,123047246,220200200027,2,197.6,42.95
65369,SILVER,23-Mar-17,28-Mar-17,123047280,220100500018,1,65.8,30
71179,SILVER,23-Mar-17,23-Mar-17,123047984,210200600076,1,15.7,6.1
74889,GOLD,23-Mar-17,27-Mar-17,123044803,240200200024,1,124.2,12.4
74936,Gold,23-Mar-17,23-Mar-17,123044611,230100600036,1,103.2,50.4
76922,Silver,23-Mar-17,23-Mar-17,123048041,210200300055,1,103.1,51.65
77717,Gold,23-Mar-17,23-Mar-17,123047590,220100400030,1,156.5,78.35
78147,Silver,23-Mar-17,23-Mar-17,123046048,240100400098,1,251.8,125.85
81348,Gold,23-Mar-17,23-Mar-17,123048080,240100400069,1,93.3,39.95
86915,Gold,23-Mar-17,23-Mar-17,123048121,240300100001,1,65.9,32.9
87793,Gold,23-Mar-17,24-Mar-17,123046131,240700400007,1,18.3,8.1
88296,Gold,23-Mar-17,28-Mar-17,123047687,220200100098,1,120.7,66.5
91246,Silver,23-Mar-17,28-Mar-17,123048150,230100100025,1,30.3,13.15
1883,Silver,24-Mar-17,24-Mar-17,123051877,240800200020,2,326.8,74.3
3681,Gold,24-Mar-17,27-Mar-17,123053851,240500100005,1,177.5,74.6
5357,Silver,24-Mar-17,24-Mar-17,123053858,210200400032,1,40.7,20.35
8998,SILVER,24-Mar-17,24-Mar-17,123050451,240500200135,2,95.8,23.8
10342,Silver,24-Mar-17,28-Mar-17,123053972,240500200080,1,55.5,23.1
10344,Gold,24-Mar-17,24-Mar-17,123052576,220101400263,1,132.2,60.25
11136,GOLD,24-Mar-17,27-Mar-17,123050485,230100700002,1,220,135
13283,Gold,24-Mar-17,24-Mar-17,123050520,240500100055,1,93.2,37.3
15142,Gold,24-Mar-17,24-Mar-17,123051225,240600100069,1,46.3,19.25
15373,GOLD,24-Mar-17,24-Mar-17,123052977,240400300021,1,72,32.65
15697,Silver,24-Mar-17,24-Mar-17,123052613,220200300016,1,101,46.05
17574,GOLD,24-Mar-17,24-Mar-17,123052984,230100100036,2,68.6,15.95
18496,Gold,24-Mar-17,24-Mar-17,123050603,230100100018,1,156.1,66.1
18585,Silver,24-Mar-17,24-Mar-17,123050613,220200100153,1,48.2,24.2
20333,SILVER,24-Mar-17,24-Mar-17,123054196,220101400375,1,82.6,37.7
21164,Silver,24-Mar-17,24-Mar-17,123054224,240300300004,1,64,26.85
21701,SILVER,24-Mar-17,24-Mar-17,123052661,220200300002,1,37.5,17.05
21847,Silver,24-Mar-17,24-Mar-17,123052672,240100100038,1,77.4,33.6
22416,Silver,24-Mar-17,24-Mar-17,123051996,240100300001,1,35.5,17.9
23139,Gold,24-Mar-17,24-Mar-17,123054300,210200900021,1,57.2,22.95
23770,GOLD,24-Mar-17,24-Mar-17,123054333,240700200021,1,19.1,10.15
25263,Silver,24-Mar-17,24-Mar-17,123054409,220100100256,1,39.2,19.7
25707,SILVER,24-Mar-17,24-Mar-17,123052687,220100200016,1,34.4,13.8
26755,Silver,24-Mar-17,24-Mar-17,123053417,220200200085,1,41.4,18
27208,Gold,24-Mar-17,24-Mar-17,123053007,220200200039,2,191,43.55
27660,Silver,24-Mar-17,24-Mar-17,123050690,220100400030,1,156.5,78.35
29555,SILVER,24-Mar-17,24-Mar-17,123054508,220100100553,2,70,17.6
31016,SILVER,24-Mar-17,27-Mar-17,123054635,240500200062,1,25.6,10.7
31093,Silver,24-Mar-17,24-Mar-17,123054643,240400300035,1,19.1,7.7
31495,GOLD,24-Mar-17,29-Mar-17,123054664,240800200013,1,80.7,33.65
35166,Gold,24-Mar-17,24-Mar-17,123050772,240500100043,2,52,8.8
35448,Gold,24-Mar-17,24-Mar-17,123052713,240100400034,1,176.4,86.05
36806,Gold,24-Mar-17,24-Mar-17,123052716,240200100040,1,21.6,10.9
37880,Gold,24-Mar-17,25-Mar-17,123054820,240100100507,1,46,18.35
38513,Silver,24-Mar-17,24-Mar-17,123054856,240500100041,1,116.1,46.5
38557,Gold,24-Mar-17,24-Mar-17,123050813,220101100024,1,19.7,8.25
39180,GOLD,24-Mar-17,27-Mar-17,123050817,230100700009,1,540.7,276
39961,Gold,24-Mar-17,24-Mar-17,123053037,220101200025,1,26.3,11.4
40533,Silver,24-Mar-17,24-Mar-17,123054913,230100700008,1,494.4,241
41181,Gold,24-Mar-17,24-Mar-17,123052054,240500200042,1,37,17.6
41757,Silver,24-Mar-17,24-Mar-17,123054948,240800200051,1,26.1,12.45
41961,Platinum,24-Mar-17,24-Mar-17,123050842,240100100673,1,59.9,25.35
42678,Gold,24-Mar-17,24-Mar-17,123050869,240500200043,1,46.6,22.2
43469,Gold,24-Mar-17,24-Mar-17,123052753,220200300160,1,107.4,48.85
45803,Silver,24-Mar-17,24-Mar-17,123052782,240100100029,1,109.6,47.35
46870,Silver,24-Mar-17,24-Mar-17,123052796,240200200053,1,65.7,26.35
47367,Gold,24-Mar-17,28-Mar-17,123055099,240500200016,1,31.7,14.5
49322,SILVER,24-Mar-17,25-Mar-17,123053049,220200100067,1,101.8,51
50229,Gold,24-Mar-17,24-Mar-17,123052114,240800100039,1,85.8,39.9
51390,Gold,24-Mar-17,26-Mar-17,123053061,220200300009,1,52,23.75
51755,SILVER,24-Mar-17,24-Mar-17,123052816,220200100090,1,88.6,44.4
52673,Silver,24-Mar-17,27-Mar-17,123051389,220200100066,1,86.6,43.4
53734,Gold,24-Mar-17,24-Mar-17,123055350,230100500024,1,22.9,10.85
54977,Gold,24-Mar-17,24-Mar-17,123050984,220100700038,1,100.2,47.75
55016,Gold,24-Mar-17,24-Mar-17,123052854,230100100017,1,175.3,74.95
55266,Silver,24-Mar-17,28-Mar-17,123055370,230100500021,2,186.4,40.7
56259,Silver,24-Mar-17,24-Mar-17,123055414,210200100004,1,36.3,16.15
57575,Gold,24-Mar-17,24-Mar-17,123051025,240100100672,2,395.8,84.9
59854,Gold,24-Mar-17,24-Mar-17,123052885,240500100006,2,92.2,21.05
59945,Silver,24-Mar-17,24-Mar-17,123055479,240500100051,3,175.5,18.75
63124,Gold,24-Mar-17,24-Mar-17,123053074,220200100042,2,118.2,29.65
63300,GOLD,24-Mar-17,29-Mar-17,123055559,220100100474,1,23.7,11.95
65108,SILVER,24-Mar-17,24-Mar-17,123052923,240700400011,1,18,8.2
70688,Silver,24-Mar-17,29-Mar-17,123051497,230100600036,3,309.6,50.4
71129,Silver,24-Mar-17,24-Mar-17,123051516,220200100160,1,34.9,17.55
72418,GOLD,24-Mar-17,28-Mar-17,123050356,240200100090,1,13.6,5.85
73041,Silver,24-Mar-17,29-Mar-17,123051134,240500200009,1,14.1,5.95
73309,Gold,24-Mar-17,28-Mar-17,123051546,220200100244,1,51.8,26
73620,Platinum,24-Mar-17,24-Mar-17,123053123,240500100033,2,130.8,28.95
74870,Gold,24-Mar-17,29-Mar-17,123053127,220100400027,1,88.1,41.95
76059,SILVER,24-Mar-17,24-Mar-17,123053154,240400200088,1,197.4,82.25
76347,Silver,24-Mar-17,27-Mar-17,123050160,240100400069,1,93.3,39.95
78003,Gold,24-Mar-17,26-Mar-17,123051706,240500100032,2,109.8,24.35
78524,GOLD,24-Mar-17,28-Mar-17,123052266,240800200006,1,225.5,112.85
78693,Silver,24-Mar-17,25-Mar-17,123053201,240300200077,1,53.4,21.3
79439,Silver,24-Mar-17,28-Mar-17,123051146,240500200004,1,32.5,15.6
79657,GOLD,24-Mar-17,26-Mar-17,123051718,240300300104,1,55,23.45
80478,SILVER,24-Mar-17,24-Mar-17,123051152,220100200014,1,29.1,11.7
80555,Platinum,24-Mar-17,24-Mar-17,123053225,240800100028,1,360.1,163.5
81276,Silver,24-Mar-17,24-Mar-17,123053242,230100500056,1,8,3.5
82027,Silver,24-Mar-17,24-Mar-17,123050254,240100200002,1,15.3,6.05
82659,Gold,24-Mar-17,24-Mar-17,123052335,240300100044,1,6.7,3.25
88066,Silver,24-Mar-17,24-Mar-17,123052409,240100100161,1,116.6,57.9
88773,GOLD,24-Mar-17,24-Mar-17,123052428,240300200072,1,51.3,20.6
89702,Gold,24-Mar-17,24-Mar-17,123052430,240100400148,1,253.1,125.1
90479,Gold,24-Mar-17,24-Mar-17,123053314,220101400393,1,95.5,43.45
90770,Silver,24-Mar-17,24-Mar-17,123052452,210200600059,1,167.2,71.6
90993,Silver,24-Mar-17,25-Mar-17,123052458,210200100010,1,41.5,18.5
91394,Silver,24-Mar-17,24-Mar-17,123053330,220200300117,2,199.2,45.35
93238,Gold,24-Mar-17,24-Mar-17,123052510,220100100626,1,35.7,17.8
93394,Silver,24-Mar-17,25-Mar-17,123051178,240800200008,1,150.25,60.1
551,Silver,25-Mar-17,31-Mar-17,123059599,240100400067,1,131.8,62.7
2013,SILVER,25-Mar-17,25-Mar-17,123058241,240200100180,1,121.6,62.9
2810,Gold,25-Mar-17,25-Mar-17,123059665,220101500015,1,236.375,94.55
6054,SILVER,25-Mar-17,25-Mar-17,123056151,240800200043,1,42.3,18.45
6691,SILVER,25-Mar-17,25-Mar-17,123058278,240100100404,1,62.5,32.75
7458,Silver,25-Mar-17,25-Mar-17,123056169,210201000147,1,19.7,9.1
7768,Silver,25-Mar-17,29-Mar-17,123058284,220100800045,1,54.2,25.85
8259,Silver,25-Mar-17,31-Mar-17,123058293,220100100262,1,62.3,31.25
11129,Silver,25-Mar-17,29-Mar-17,123057167,240400300010,1,46.2,19.2
11511,Gold,25-Mar-17,25-Mar-17,123058299,240100100638,1,39.3,16.45
12470,Gold,25-Mar-17,25-Mar-17,123056249,240100200004,1,35.2,14.8
12910,GOLD,25-Mar-17,25-Mar-17,123057789,240500200033,1,31.7,13.25
13600,Silver,25-Mar-17,25-Mar-17,123059967,220200300020,1,75,34.2
13760,Gold,25-Mar-17,25-Mar-17,123056260,230100100012,2,358.6,82
14226,Gold,25-Mar-17,25-Mar-17,123058336,230100100048,1,122.6,52.8
17687,Gold,25-Mar-17,25-Mar-17,123060017,240500100039,2,69,15.4
19910,Silver,25-Mar-17,25-Mar-17,123057202,240100400057,1,217.5,161.2
20204,Silver,25-Mar-17,25-Mar-17,123058727,240100100661,1,23.2,9.95
20874,Silver,25-Mar-17,25-Mar-17,123056349,240800200051,1,26.1,12.45
24210,Gold,25-Mar-17,30-Mar-17,123060230,240100100578,1,57.1,23.75
26964,Silver,25-Mar-17,25-Mar-17,123056412,240100100490,1,15,7.6
27917,SILVER,25-Mar-17,25-Mar-17,123056470,240800200062,1,35.4,16.15
28450,GOLD,25-Mar-17,25-Mar-17,123057227,220200200014,1,90,40.9
31967,Silver,25-Mar-17,25-Mar-17,123060399,230100500061,2,36.6,8.05
32317,Silver,25-Mar-17,27-Mar-17,123060405,240500200016,1,31.7,14.5
32749,Silver,25-Mar-17,25-Mar-17,123057029,240200100182,1,110.9,55.55
35492,Silver,25-Mar-17,25-Mar-17,123056563,240100300006,1,51.5,22.8
35605,SILVER,25-Mar-17,25-Mar-17,123058511,220200300042,1,36,16.4
35648,SILVER,25-Mar-17,01-Apr-17,123056582,220101400391,1,102.9,46.95
36538,GOLD,25-Mar-17,28-Mar-17,123059259,230100100048,1,122.6,52.8
37064,Silver,25-Mar-17,25-Mar-17,123057252,220100500018,1,65.8,30
38556,Silver,25-Mar-17,25-Mar-17,123056640,240500200009,1,14.1,5.95
40032,Gold,25-Mar-17,25-Mar-17,123057837,240100300005,1,45,19.2
40982,Silver,25-Mar-17,25-Mar-17,123060680,220200100160,1,34.9,17.55
41332,Silver,25-Mar-17,25-Mar-17,123058808,240800100021,2,258.6,57.6
42816,Gold,25-Mar-17,25-Mar-17,123060743,240400300032,1,31.9,12.85
43601,Silver,25-Mar-17,29-Mar-17,123059269,220200100098,2,241.4,66.5
44494,Silver,25-Mar-17,25-Mar-17,123056712,220100100118,1,45.9,23.05
44866,Gold,25-Mar-17,25-Mar-17,123058555,220100100372,1,36.2,18.2
45334,Gold,25-Mar-17,29-Mar-17,123059271,220200100197,2,277,69.35
46106,Gold,25-Mar-17,27-Mar-17,123060844,240800200018,1,39.4,16.35
46632,Silver,25-Mar-17,25-Mar-17,123056730,230100100048,1,122.6,52.8
47871,Gold,25-Mar-17,30-Mar-17,123060920,240400200080,1,200.4,95.6
47970,SILVER,25-Mar-17,26-Mar-17,123057302,240200100222,1,84.7,42.45
48753,Gold,25-Mar-17,25-Mar-17,123060946,210200700013,1,10.1,3.6
50462,GOLD,25-Mar-17,25-Mar-17,123057311,220200300021,1,64.4,28.65
51474,Silver,25-Mar-17,25-Mar-17,123058847,230100300010,1,42.4,17.05
51949,Gold,25-Mar-17,25-Mar-17,123058859,220101400204,1,19.1,8.75
52052,Gold,25-Mar-17,25-Mar-17,123058579,210200600021,1,53,25.1
52100,Gold,25-Mar-17,28-Mar-17,123057074,240500200066,1,39.9,16.7
55267,Silver,25-Mar-17,31-Mar-17,123059287,220200100115,1,148.1,74.15
56019,GOLD,25-Mar-17,25-Mar-17,123058881,230100200002,1,53.9,25.8
56039,Silver,25-Mar-17,25-Mar-17,123061141,230100600023,1,73.4,36.8
56128,Silver,25-Mar-17,25-Mar-17,123059298,240400100015,1,93.2,43.2
56270,Silver,25-Mar-17,25-Mar-17,123061155,240500200092,1,32.7,15.7
59185,Silver,25-Mar-17,25-Mar-17,123057366,240100400103,1,298.2,149.05
59648,Silver,25-Mar-17,25-Mar-17,123061255,220100400027,1,88.1,41.95
60325,Gold,25-Mar-17,25-Mar-17,123057937,230100100045,2,249.6,53.6
60889,Silver,25-Mar-17,25-Mar-17,123057942,240100100404,1,62.5,32.75
62030,Silver,25-Mar-17,25-Mar-17,123058637,220200100117,1,187.9,94.05
64680,Gold,25-Mar-17,25-Mar-17,123057383,240500100053,1,81.7,32.75
64762,Silver,25-Mar-17,25-Mar-17,123058664,220100100580,1,56.5,28.35
65381,Silver,25-Mar-17,28-Mar-17,123061410,240100100287,1,2.3,1.05
65463,Silver,25-Mar-17,26-Mar-17,123061419,230100600026,1,118.6,59.4
71669,SILVER,25-Mar-17,25-Mar-17,123057996,240800200021,1,89.7,38.9
73764,Silver,25-Mar-17,28-Mar-17,123057394,220200100143,2,142.8,35.8
74694,Gold,25-Mar-17,25-Mar-17,123058948,220100100038,2,39.4,9.95
74738,Silver,25-Mar-17,25-Mar-17,123057412,220200200004,2,127,28.9
74993,SILVER,25-Mar-17,25-Mar-17,123058026,220101400003,1,91.6,41.75
75207,Gold,25-Mar-17,25-Mar-17,123058954,210200900049,1,39.7,17.95
75360,Silver,25-Mar-17,25-Mar-17,123057087,240400200088,1,197.4,82.25
79213,Silver,25-Mar-17,25-Mar-17,123058979,220100700038,1,100.2,47.75
79453,Gold,25-Mar-17,26-Mar-17,123058095,240800100045,1,228.2,97.05
80246,Silver,25-Mar-17,31-Mar-17,123059006,230100400016,1,23.7,9.4
80912,Silver,25-Mar-17,25-Mar-17,123058104,210200200013,1,22.2,9.65
80978,Silver,25-Mar-17,25-Mar-17,123058110,230100600026,1,118.6,59.4
82548,Silver,25-Mar-17,25-Mar-17,123058134,220100900020,1,14.9,5.8
83284,Gold,25-Mar-17,25-Mar-17,123058146,220200200067,1,80.8,35.15
83842,Gold,25-Mar-17,28-Mar-17,123059036,220100100567,1,35.8,18
84215,Gold,25-Mar-17,25-Mar-17,123059041,220100700005,1,160.4,76.45
87686,Silver,25-Mar-17,25-Mar-17,123059481,220200300107,2,166,37
88228,SILVER,25-Mar-17,25-Mar-17,123059093,220200200004,2,127,28.9
90998,SILVER,25-Mar-17,25-Mar-17,123055985,240500100027,2,91,20.2
93026,Silver,25-Mar-17,28-Mar-17,123056009,220100700005,1,160.4,76.45
2367,SILVER,26-Mar-17,30-Mar-17,123063531,240100100731,1,63.5,27.4
4813,Gold,26-Mar-17,31-Mar-17,123065671,240500100038,1,56.9,25.25
5677,Silver,26-Mar-17,26-Mar-17,123065697,240800100053,1,266.7,106.75
7622,Silver,26-Mar-17,26-Mar-17,123064717,230100100036,1,34.3,15.95
8842,SILVER,26-Mar-17,26-Mar-17,123065776,240100100679,1,45.8,19.5
11151,Gold,26-Mar-17,27-Mar-17,123062158,240400200094,1,254.2,115.6
11181,SILVER,26-Mar-17,26-Mar-17,123064329,220200100082,1,160.7,80.45
12863,Gold,26-Mar-17,26-Mar-17,123063002,220200100005,1,64.9,32.55
12943,Silver,26-Mar-17,26-Mar-17,123065878,220100300028,1,119.3,57.35
13408,SILVER,26-Mar-17,26-Mar-17,123063574,240100100679,1,45.8,19.5
16302,GOLD,26-Mar-17,26-Mar-17,123065170,240500100001,1,47.6,21.15
18863,SILVER,26-Mar-17,26-Mar-17,123062232,240800200008,1,150.25,60.1
20940,Silver,26-Mar-17,26-Mar-17,123062255,220101400020,1,109.2,49.75
22319,Silver,26-Mar-17,06-Apr-17,123066094,240200100069,1,10.7,4.1
22516,Silver,26-Mar-17,30-Mar-17,123064805,220200100142,1,105.4,52.8
22892,SILVER,26-Mar-17,26-Mar-17,123066113,240800200064,1,38.8,15.55
24199,Gold,26-Mar-17,26-Mar-17,123063073,240600100115,4,191.6,20
24216,Silver,26-Mar-17,26-Mar-17,123063650,240100400099,2,346.4,127
24852,SILVER,26-Mar-17,30-Mar-17,123061496,220100300018,2,51.2,12.1
26089,Gold,26-Mar-17,28-Mar-17,123066180,210201000018,1,17.1,7.5
27161,Gold,26-Mar-17,26-Mar-17,123064451,240200100222,1,84.7,42.45
27507,Gold,26-Mar-17,26-Mar-17,123064454,220100900023,1,104.5,41.85
29213,Gold,26-Mar-17,26-Mar-17,123066232,240700100011,1,26.99,10.23
31009,SILVER,26-Mar-17,26-Mar-17,123066278,220200300072,1,98.7,45
31150,Silver,26-Mar-17,26-Mar-17,123063695,220100700047,1,120.1,57.25
32063,Gold,26-Mar-17,26-Mar-17,123065255,210201000069,1,26.8,12
35917,Silver,26-Mar-17,26-Mar-17,123063735,240100100264,1,23.8,10.6
36077,Silver,26-Mar-17,26-Mar-17,123062407,220101400262,1,94.9,43.25
37706,Silver,26-Mar-17,30-Mar-17,123064512,220100100118,1,45.9,23.05
38892,Silver,26-Mar-17,26-Mar-17,123064863,240100100213,1,12.4,5.1
39742,Silver,26-Mar-17,26-Mar-17,123064521,220200100166,1,142.9,71.55
40116,Silver,26-Mar-17,29-Mar-17,123062001,240300100056,2,96.2,24
47927,Silver,26-Mar-17,26-Mar-17,123066723,210201000046,1,18.7,8.55
48510,Gold,26-Mar-17,26-Mar-17,123066740,240700100007,1,22.85,9.3
49544,Silver,26-Mar-17,26-Mar-17,123062540,240300200016,1,50.6,23.05
51262,Silver,26-Mar-17,26-Mar-17,123064584,220101400181,1,49.5,22.1
55187,Silver,26-Mar-17,26-Mar-17,123064626,240100200002,1,15.3,6.05
56363,GOLD,26-Mar-17,26-Mar-17,123061607,240400200022,1,93.4,38.95
56419,Gold,26-Mar-17,31-Mar-17,123064628,220100100023,1,55.2,27.7
56601,Silver,26-Mar-17,26-Mar-17,123063209,240600100115,1,47.9,20
56732,Gold,26-Mar-17,28-Mar-17,123063223,220200100240,1,40,20.1
57123,Silver,26-Mar-17,26-Mar-17,123066898,240700100006,1,23.5,9.5
57417,GOLD,26-Mar-17,27-Mar-17,123065341,230100100013,1,113.1,58.9
57715,Silver,26-Mar-17,26-Mar-17,123063232,220101100034,1,11.8,5
57962,Silver,26-Mar-17,26-Mar-17,123066928,210200600076,1,15.7,6.1
63348,Silver,26-Mar-17,02-Apr-17,123062727,220100700022,1,51.7,21.9
70287,SILVER,26-Mar-17,26-Mar-17,123064913,230100100046,1,134.8,55.1
71116,Silver,26-Mar-17,29-Mar-17,123064923,220200100060,1,55.4,29.35
71343,Gold,26-Mar-17,26-Mar-17,123063932,240800200064,1,38.8,15.55
73357,Silver,26-Mar-17,26-Mar-17,123062905,230100600022,1,84.1,42.15
73641,Gold,26-Mar-17,26-Mar-17,123064928,240700400008,1,27.9,12.1
75568,Silver,26-Mar-17,26-Mar-17,123064046,240800200059,1,40.8,18.45
76276,Gold,26-Mar-17,26-Mar-17,123063310,210201000061,1,16.4,7.55
76906,Silver,26-Mar-17,26-Mar-17,123064063,240500100020,1,51.6,22.9
76983,Gold,26-Mar-17,26-Mar-17,123064948,220100700039,1,55.1,27.65
77501,GOLD,26-Mar-17,26-Mar-17,123064963,230100100046,1,134.8,55.1
78384,Silver,26-Mar-17,26-Mar-17,123064101,240500100041,1,116.1,46.5
78789,GOLD,26-Mar-17,29-Mar-17,123063359,220200200011,1,86.2,39.25
78965,Silver,26-Mar-17,26-Mar-17,123061759,240200100185,2,201.6,50.5
80931,Silver,26-Mar-17,28-Mar-17,123065423,230100100052,1,185.1,77.7
81200,Gold,26-Mar-17,30-Mar-17,123065428,230100500096,2,71,17.25
84167,SILVER,26-Mar-17,26-Mar-17,123063414,220200100201,2,214.8,53.8
85346,Gold,26-Mar-17,26-Mar-17,123063436,220200300112,1,5.7,2.6
86369,Gold,26-Mar-17,26-Mar-17,123061838,220100800042,1,21.5,10.2
86647,Gold,26-Mar-17,31-Mar-17,123064173,240100100553,1,67.3,29
87364,Gold,26-Mar-17,28-Mar-17,123061918,220100100164,1,69.5,34.85
87414,Gold,26-Mar-17,26-Mar-17,123063442,240100100393,1,165.2,75.5
89253,Gold,26-Mar-17,26-Mar-17,123062923,210200500006,1,24,11.95
90541,Gold,26-Mar-17,02-Apr-17,123065083,220100700022,1,51.7,21.9
91659,Gold,26-Mar-17,26-Mar-17,123063476,240100100678,1,49.8,21.25
92449,Silver,26-Mar-17,26-Mar-17,123064214,220100700005,1,160.4,76.45
92901,Silver,26-Mar-17,26-Mar-17,123065523,220101400135,1,23.5,10.75
93126,Silver,26-Mar-17,29-Mar-17,123065531,230100100017,2,350.6,74.95
213,Gold,27-Mar-17,27-Mar-17,123070280,220100100285,1,73.4,36.8
2007,Silver,27-Mar-17,27-Mar-17,123070281,220200300161,1,22.6,9.65
2523,Silver,27-Mar-17,27-Mar-17,123068818,240800100034,2,914.6,207.9
3501,Gold,27-Mar-17,28-Mar-17,123068993,240400200095,1,223.6,101.6
3880,SILVER,27-Mar-17,27-Mar-17,123069011,220200200067,1,80.8,35.15
4440,Silver,27-Mar-17,27-Mar-17,123070296,220200100034,2,112.6,28.25
5052,Silver,27-Mar-17,01-Apr-17,123071831,240800200051,1,26.1,12.45
5654,Silver,27-Mar-17,27-Mar-17,123071878,240500100032,2,109.8,24.35
7567,Silver,27-Mar-17,01-Apr-17,123067869,230100600022,1,84.1,42.15
9124,Gold,27-Mar-17,27-Mar-17,123070867,230100200026,1,273.2,124.1
12940,Silver,27-Mar-17,27-Mar-17,123067164,240400300008,1,39.3,16.35
13370,Silver,27-Mar-17,27-Mar-17,123067957,230100100013,2,226.2,58.9
14199,Gold,27-Mar-17,27-Mar-17,123070393,230100500096,2,71,17.25
14681,Silver,27-Mar-17,27-Mar-17,123072181,240100100083,1,11.6,4.75
15723,Gold,27-Mar-17,27-Mar-17,123070426,220101300006,1,27.3,12.25
16776,Silver,27-Mar-17,27-Mar-17,123068015,240700300002,1,21.99,7.25
16839,SILVER,27-Mar-17,27-Mar-17,123072204,240700100009,1,26.99,10.23
18883,GOLD,27-Mar-17,27-Mar-17,123069106,240100200012,1,32.2,13.35
19149,Silver,27-Mar-17,31-Mar-17,123072284,240100200001,1,15.9,6.3
19280,Silver,27-Mar-17,27-Mar-17,123072299,220100700021,1,48.2,20.45
19403,Gold,27-Mar-17,27-Mar-17,123071460,240300200064,1,38.2,15.1
19432,Silver,27-Mar-17,27-Mar-17,123072326,220100800012,1,42.3,20.1
20717,Gold,27-Mar-17,27-Mar-17,123070446,240500200025,1,27.8,11.65
21415,Silver,27-Mar-17,29-Mar-17,123072384,240700200005,2,12,2.85
21802,Silver,27-Mar-17,27-Mar-17,123068080,240100400037,1,231,113.65
22321,Gold,27-Mar-17,28-Mar-17,123068097,240300100024,2,1163.8,305.6
24473,Silver,27-Mar-17,27-Mar-17,123072476,230100400012,2,57,11.45
24755,Silver,27-Mar-17,27-Mar-17,123068124,240500200066,2,79.8,16.7
24856,Gold,27-Mar-17,27-Mar-17,123068127,220100400027,1,88.1,41.95
24924,Gold,27-Mar-17,27-Mar-17,123068136,230100500089,1,140.3,58.4
28577,Silver,27-Mar-17,27-Mar-17,123070941,240500200075,1,29.7,12.4
31770,Gold,27-Mar-17,06-Apr-17,123070539,230100500080,1,25,12.2
31771,Silver,27-Mar-17,27-Mar-17,123069212,220200100058,1,170.3,85.25
32429,Gold,27-Mar-17,27-Mar-17,123068294,240700400034,1,13.2,5.95
33006,Silver,27-Mar-17,28-Mar-17,123072685,240100100049,1,226,112.95
33013,Gold,27-Mar-17,28-Mar-17,123072687,230100100017,1,175.3,74.95
33199,GOLD,27-Mar-17,27-Mar-17,123072695,220200100100,1,85.3,42.75
34147,GOLD,27-Mar-17,27-Mar-17,123068329,230100100051,1,184.9,78.15
34488,Gold,27-Mar-17,27-Mar-17,123072713,240800200021,1,89.7,38.9
35121,Gold,27-Mar-17,27-Mar-17,123069860,220200100230,3,335.1,55.95
35559,GOLD,27-Mar-17,27-Mar-17,123072730,220101400237,1,101.9,46.45
36116,SILVER,27-Mar-17,30-Mar-17,123072750,240500200093,1,40.9,19.45
38081,Silver,27-Mar-17,27-Mar-17,123072805,210200900048,1,36.4,17.7
39345,Gold,27-Mar-17,27-Mar-17,123072834,240100400099,1,173.2,127
39961,Silver,27-Mar-17,29-Mar-17,123070986,220100100424,1,19.2,9.7
40243,Silver,27-Mar-17,27-Mar-17,123070603,220200200071,1,95.4,41.45
40526,Gold,27-Mar-17,31-Mar-17,123069872,210200100014,1,35,15.65
42595,Gold,27-Mar-17,29-Mar-17,123072926,240100100176,1,13.8,6.25
43220,Gold,27-Mar-17,27-Mar-17,123068436,220100900027,1,49.9,20
46467,Silver,27-Mar-17,02-Apr-17,123073015,240800200056,2,109.4,24.5
49797,Gold,27-Mar-17,27-Mar-17,123073103,220101400030,1,10.9,4.4
52066,Silver,27-Mar-17,27-Mar-17,123070714,240100100562,1,19.8,8.25
52121,Gold,27-Mar-17,27-Mar-17,123068536,240100100572,1,25.8,11.05
52455,Gold,27-Mar-17,27-Mar-17,123073237,220100200008,1,44.7,17.85
52667,Silver,27-Mar-17,31-Mar-17,123071362,220200300014,2,168.4,38.35
53125,Gold,27-Mar-17,27-Mar-17,123073255,230100600039,1,106.8,51.1
53434,Silver,27-Mar-17,27-Mar-17,123073279,220100100458,1,122.4,61.15
53866,Gold,27-Mar-17,27-Mar-17,123069290,220200100042,1,59.1,29.65
54477,Gold,27-Mar-17,27-Mar-17,123071527,240300300075,1,250.3,104.85
55016,Silver,27-Mar-17,27-Mar-17,123070759,230100600016,1,77,38.6
56023,Silver,27-Mar-17,27-Mar-17,123070765,240700400017,1,41.4,19.4
56377,Gold,27-Mar-17,31-Mar-17,123071730,230100100037,2,95.8,21.4
57202,SILVER,27-Mar-17,27-Mar-17,123068668,210200300021,1,34,17.1
57254,Gold,27-Mar-17,27-Mar-17,123068677,220100300029,1,189.7,80.9
59675,GOLD,27-Mar-17,27-Mar-17,123070817,230100100016,2,337.2,71.75
60440,Gold,27-Mar-17,27-Mar-17,123068719,240500200002,1,13.9,6.5
61017,Gold,27-Mar-17,27-Mar-17,123068911,210200400073,1,42.1,21.15
61401,Silver,27-Mar-17,27-Mar-17,123070834,240100100094,1,68.7,29.95
63279,Gold,27-Mar-17,27-Mar-17,123073615,220101400205,1,24.7,11.1
64518,Gold,27-Mar-17,27-Mar-17,123068779,230100100036,1,34.3,15.95
65589,Silver,27-Mar-17,27-Mar-17,123069386,210200900035,1,35,15.85
72893,Silver,27-Mar-17,27-Mar-17,123071157,240200100185,1,100.8,50.5
74978,Gold,27-Mar-17,27-Mar-17,123071569,220101400316,1,29,13.3
76668,Silver,27-Mar-17,28-Mar-17,123071177,220101400020,1,109.2,49.75
78341,Silver,27-Mar-17,27-Mar-17,123071211,240500200083,1,67.3,28
79967,GOLD,27-Mar-17,27-Mar-17,123070081,220200100057,1,125.8,63
80617,Gold,27-Mar-17,27-Mar-17,123067510,240200100246,1,16.2,7.9
82308,Silver,27-Mar-17,28-Mar-17,123071591,220200100038,2,213.2,53.4
83288,Silver,27-Mar-17,27-Mar-17,123067544,230100600003,2,34.4,7.55
85499,Silver,27-Mar-17,27-Mar-17,123070146,240100100736,1,69.1,29.8
86842,Gold,27-Mar-17,27-Mar-17,123070196,210201000130,1,29.6,13.2
86870,Gold,27-Mar-17,27-Mar-17,123067594,220100500018,1,65.8,30
88458,Gold,27-Mar-17,27-Mar-17,123067616,240500100044,1,71.2,28.5
88960,Platinum,27-Mar-17,27-Mar-17,123071630,220100100633,2,95.8,24.05
90551,Gold,27-Mar-17,29-Mar-17,123067748,240200200028,2,33.4,6.75
91788,Gold,27-Mar-17,31-Mar-17,123067751,240200100254,1,27.6,12.35
92440,Silver,27-Mar-17,27-Mar-17,123071338,220200300004,1,52.3,23.9
2147,SILVER,28-Mar-17,28-Mar-17,123076548,240200100165,1,52.9,25.2
3678,SILVER,28-Mar-17,28-Mar-17,123074193,230100600030,1,86.3,41.4
3901,Gold,28-Mar-17,29-Mar-17,123075352,240600100021,1,62.4,25.7
4542,SILVER,28-Mar-17,29-Mar-17,123075964,240100100124,1,34.4,13.7
8161,Gold,28-Mar-17,28-Mar-17,123078229,240800200020,2,326.8,74.3
8177,Silver,28-Mar-17,28-Mar-17,123078251,240500100064,2,111.4,24.2
9211,Silver,28-Mar-17,28-Mar-17,123076634,220200100155,1,126,63.1
14047,Gold,28-Mar-17,28-Mar-17,123076685,240700400002,1,33.6,14.65
15125,Silver,28-Mar-17,28-Mar-17,123074406,230100200006,1,93.1,46.65
16678,Silver,28-Mar-17,30-Mar-17,123078482,240500200039,1,26.9,12.2
17562,Gold,28-Mar-17,28-Mar-17,123078485,240100400149,1,86,41
19173,Gold,28-Mar-17,28-Mar-17,123076046,240100400004,1,102.4,51.15
19484,GOLD,28-Mar-17,02-Apr-17,123075421,220100800074,1,101,48.1
20721,Gold,28-Mar-17,28-Mar-17,123076730,220200300142,3,330.9,50.25
21159,Gold,28-Mar-17,28-Mar-17,123076748,220200200050,1,107.5,53.85
21160,Silver,28-Mar-17,28-Mar-17,123074501,220100100307,1,30.6,15.4
21220,Gold,28-Mar-17,28-Mar-17,123075443,210200600006,1,17.8,8.15
23308,Gold,28-Mar-17,28-Mar-17,123076049,210201000130,1,29.6,13.2
24385,Gold,28-Mar-17,03-Apr-17,123078635,240100400144,1,352.8,174.4
24620,Silver,28-Mar-17,28-Mar-17,123076052,220200100161,1,40.8,20.5
25618,Silver,28-Mar-17,28-Mar-17,123074601,240500200100,3,68.1,10.85
26434,Silver,28-Mar-17,28-Mar-17,123076783,240500100059,1,61,26.55
26942,Silver,28-Mar-17,30-Mar-17,123078694,240500200062,1,25.6,10.7
27590,Silver,28-Mar-17,29-Mar-17,123078732,240100100554,1,63.8,27.5
27985,GOLD,28-Mar-17,31-Mar-17,123074618,230100500058,1,16.7,7.25
28326,Gold,28-Mar-17,28-Mar-17,123076826,240400100015,1,93.2,43.2
28994,Silver,28-Mar-17,28-Mar-17,123078772,240100100261,1,53,22.05
31065,Silver,28-Mar-17,28-Mar-17,123076841,220200100171,1,56.3,31.05
31491,Silver,28-Mar-17,02-Apr-17,123078842,230100700002,1,220,135
32863,Gold,28-Mar-17,28-Mar-17,123075484,240100100723,1,37.3,15.6
32921,Silver,28-Mar-17,29-Mar-17,123076075,230100100045,2,249.6,53.6
33467,Silver,28-Mar-17,28-Mar-17,123074689,220100100376,1,74.8,37.35
33494,Gold,28-Mar-17,03-Apr-17,123078909,240500100026,2,110.4,24.5
33574,Gold,28-Mar-17,28-Mar-17,123074694,230100300013,1,23.1,4.75
34242,Silver,28-Mar-17,28-Mar-17,123074700,220200100222,2,218,60.05
34931,Gold,28-Mar-17,28-Mar-17,123076899,240100200002,1,15.3,6.05
34971,Gold,28-Mar-17,28-Mar-17,123075499,240500100043,1,26,8.8
35136,Gold,28-Mar-17,28-Mar-17,123076908,240100200002,1,15.3,6.05
35501,Gold,28-Mar-17,28-Mar-17,123077716,240500100017,2,107,23.75
35552,GOLD,28-Mar-17,28-Mar-17,123078992,230100600033,1,85.1,40.65
35850,SILVER,28-Mar-17,30-Mar-17,123079008,210200500006,1,24,11.95
36123,Silver,28-Mar-17,28-Mar-17,123079049,240100100699,1,11.2,4.6
36206,Silver,28-Mar-17,28-Mar-17,123076936,220200100194,1,122.6,61.4
37698,Silver,28-Mar-17,01-Apr-17,123074793,220200200010,1,66.8,30.35
38268,Platinum,28-Mar-17,28-Mar-17,123076942,220200100099,1,157.8,79
38586,GOLD,28-Mar-17,28-Mar-17,123079092,240500200092,2,65.4,15.7
39025,SILVER,28-Mar-17,06-Apr-17,123076139,240100100253,1,104.2,50.9
39199,Gold,28-Mar-17,28-Mar-17,123076983,220100100557,1,39.6,19.9
39727,Silver,28-Mar-17,30-Mar-17,123079140,240700400036,1,6.2,2.75
42600,Gold,28-Mar-17,01-Apr-17,123079188,240100400089,1,99.8,48.7
43104,Gold,28-Mar-17,28-Mar-17,123074879,240800200020,1,163.4,74.3
44551,Silver,28-Mar-17,28-Mar-17,123079241,220100100181,1,86.7,43.45
51126,Gold,28-Mar-17,28-Mar-17,123077073,220200300016,1,101,46.05
51419,Gold,28-Mar-17,28-Mar-17,123079452,230100100002,1,200.7,85.35
54063,SILVER,28-Mar-17,28-Mar-17,123079511,240100400005,1,234.6,115.95
55933,Gold,28-Mar-17,28-Mar-17,123079583,220100100284,1,82.2,41.2
57719,SILVER,28-Mar-17,28-Mar-17,123075246,230100500080,2,50,12.2
59351,Silver,28-Mar-17,29-Mar-17,123079666,240100100229,1,18.7,8.55
60163,Gold,28-Mar-17,28-Mar-17,123079687,240800200007,1,19.875,7.95
60186,Gold,28-Mar-17,28-Mar-17,123075142,220101100017,1,16.2,6.75
60266,Silver,28-Mar-17,28-Mar-17,123075254,240800200040,1,66.6,30.3
61424,Silver,28-Mar-17,30-Mar-17,123077152,220100300038,1,141.2,57.95
62857,GOLD,28-Mar-17,28-Mar-17,123073824,240500200043,1,46.6,22.2
62962,Gold,28-Mar-17,02-Apr-17,123079772,240100400043,1,266,131.5
62996,Gold,28-Mar-17,28-Mar-17,123077407,220100100474,1,23.7,11.95
65123,Silver,28-Mar-17,28-Mar-17,123077184,240100200014,1,55.4,22.8
73803,Silver,28-Mar-17,28-Mar-17,123076335,240100100427,1,34.7,16.25
77385,Silver,28-Mar-17,30-Mar-17,123077480,240300200032,1,40.3,18.4
80478,Silver,28-Mar-17,28-Mar-17,123075296,220100100483,1,32.2,19.4
81761,Platinum,28-Mar-17,29-Mar-17,123076390,210200300018,1,19.3,9.75
83754,Gold,28-Mar-17,28-Mar-17,123075309,210200900040,1,36.1,16.3
84794,Gold,28-Mar-17,02-Apr-17,123076407,210200400031,1,49.4,24.8
85522,Gold,28-Mar-17,31-Mar-17,123076420,240100100719,1,41.1,17.9
85791,Silver,28-Mar-17,28-Mar-17,123074013,240100100720,2,154.4,32.25
85801,SILVER,28-Mar-17,29-Mar-17,123074128,240200200067,1,248.3,23.65
87476,Gold,28-Mar-17,28-Mar-17,123074047,230100600030,1,86.3,41.4
87649,Gold,28-Mar-17,28-Mar-17,123077557,240800200005,1,22.375,8.95
90579,Silver,28-Mar-17,28-Mar-17,123077921,210200100005,1,13,5.75
91505,Gold,28-Mar-17,28-Mar-17,123075855,220200300015,1,115,52.4
91720,SILVER,28-Mar-17,28-Mar-17,123077580,220101400416,1,93.4,42.6
92534,Gold,28-Mar-17,28-Mar-17,123077587,220200100042,2,118.2,29.65
92818,Silver,28-Mar-17,28-Mar-17,123075913,220101300012,1,18.4,8.3
92891,Gold,28-Mar-17,28-Mar-17,123077942,220200200032,2,192.8,43.85
2089,GOLD,29-Mar-17,29-Mar-17,123081998,220200100061,2,151.2,37.9
2661,Gold,29-Mar-17,29-Mar-17,123080877,210200300014,1,13.1,6.6
7918,Silver,29-Mar-17,05-Apr-17,123081975,230100500087,2,182.2,37.95
8045,Gold,29-Mar-17,29-Mar-17,123082094,210200600110,1,25,11.35
9696,GOLD,29-Mar-17,30-Mar-17,123082129,240700200021,1,19.1,10.15
9924,SILVER,29-Mar-17,29-Mar-17,123082139,230100700009,1,540.7,276
14926,Silver,29-Mar-17,29-Mar-17,123081433,220101400073,1,43.1,19.6
19634,Silver,29-Mar-17,29-Mar-17,123082243,220200100115,1,148.1,74.15
21199,GOLD,29-Mar-17,29-Mar-17,123082288,240100100061,1,12.9,6.35
26527,Gold,29-Mar-17,29-Mar-17,123080379,220200300127,1,49.4,22.05
33225,Gold,29-Mar-17,29-Mar-17,123082496,240100100184,1,183.1,85.4
34847,Silver,29-Mar-17,29-Mar-17,123080997,240100100584,1,48.6,20.2
35335,GOLD,29-Mar-17,29-Mar-17,123082560,240200100165,1,52.9,25.2
35569,Gold,29-Mar-17,29-Mar-17,123082562,220200100222,1,109,60.05
43076,Gold,29-Mar-17,29-Mar-17,123081038,220200200069,3,309.3,44.8
47094,Silver,29-Mar-17,29-Mar-17,123080503,220200200067,1,80.8,35.15
55723,Silver,29-Mar-17,29-Mar-17,123082890,240100100322,1,255.6,127.75
60839,Gold,29-Mar-17,01-Apr-17,123083023,240800200010,1,115.8,46.25
70572,Silver,29-Mar-17,29-Mar-17,123081853,240300100032,1,582.7,291.3
72880,Silver,29-Mar-17,29-Mar-17,123080620,240100100572,1,25.8,11.05
73513,SILVER,29-Mar-17,29-Mar-17,123081184,220101400416,1,93.4,42.6
83601,Gold,29-Mar-17,29-Mar-17,123080777,240100100730,1,181.5,77.85
83899,GOLD,29-Mar-17,29-Mar-17,123081653,220101400393,1,95.5,43.45
87970,Gold,29-Mar-17,29-Mar-17,123081689,220101400300,1,66.6,30.3
91836,Silver,29-Mar-17,29-Mar-17,123081934,230100400016,1,23.7,9.4
1024,Silver,30-Mar-17,30-Mar-17,123087117,240100400110,1,232.6,116.25
2718,Silver,30-Mar-17,30-Mar-17,123085849,240500100020,1,51.6,22.9
2953,Gold,30-Mar-17,30-Mar-17,123084533,210200500016,1,52.5,22.25
7650,SILVER,30-Mar-17,30-Mar-17,123085889,220100100309,1,96.3,48.25
9331,GOLD,30-Mar-17,30-Mar-17,123083699,220100400003,1,161.8,81
11621,Gold,30-Mar-17,30-Mar-17,123083737,220100100342,1,7.7,3.9
14214,Silver,30-Mar-17,30-Mar-17,123083762,210201000028,1,53.7,24.5
16930,Silver,30-Mar-17,30-Mar-17,123085311,240100100159,1,30.8,13.7
19344,Gold,30-Mar-17,30-Mar-17,123085936,240200100136,1,756.7,436.9
22321,Silver,30-Mar-17,30-Mar-17,123083864,230100500082,2,252.2,58.6
24492,SILVER,30-Mar-17,05-Apr-17,123087677,230100600028,1,96.7,48.45
28183,Platinum,30-Mar-17,30-Mar-17,123083948,230100500075,1,181.5,76.3
28683,Silver,30-Mar-17,02-Apr-17,123087849,240100100095,1,89.4,38.85
28883,Silver,30-Mar-17,03-Apr-17,123087854,240800200002,1,170.375,68.15
28921,GOLD,30-Mar-17,30-Mar-17,123087860,240700100001,1,23.4,12.2
30194,Gold,30-Mar-17,30-Mar-17,123083990,230100700004,1,360,199
30913,Gold,30-Mar-17,01-Apr-17,123087917,240500100031,2,114.6,25.45
31436,Silver,30-Mar-17,30-Mar-17,123084007,240500100050,2,158.2,26.45
31783,Gold,30-Mar-17,30-Mar-17,123087946,240100100719,1,41.1,17.9
34573,Silver,30-Mar-17,04-Apr-17,123084678,230100500095,2,193.8,40
35188,Silver,30-Mar-17,30-Mar-17,123087992,210200900040,1,36.1,16.3
35446,Silver,30-Mar-17,30-Mar-17,123086805,210201000152,1,38.1,17
36409,Gold,30-Mar-17,01-Apr-17,123085247,220200100077,1,99,49.6
38474,Gold,30-Mar-17,30-Mar-17,123084735,230100700004,1,360,199
39533,Gold,30-Mar-17,30-Mar-17,123086006,220200100042,1,59.1,29.65
39541,Gold,30-Mar-17,01-Apr-17,123088099,240800200020,1,163.4,74.3
39785,SILVER,30-Mar-17,30-Mar-17,123084092,220200100218,2,150.4,37.7
40526,SILVER,30-Mar-17,03-Apr-17,123085416,210200600025,1,38.5,17.9
40527,SILVER,30-Mar-17,30-Mar-17,123088111,240500200042,1,37,17.6
42177,Silver,30-Mar-17,30-Mar-17,123086017,210200500015,1,17.8,8.25
46330,Silver,30-Mar-17,30-Mar-17,123084148,220101200027,1,72.8,31.65
47882,Silver,30-Mar-17,01-Apr-17,123088251,240100100094,1,68.7,29.95
48065,SILVER,30-Mar-17,30-Mar-17,123086071,220200100060,2,110.8,29.35
48556,Silver,30-Mar-17,30-Mar-17,123086076,220200300084,1,120.2,54.7
50401,Silver,30-Mar-17,30-Mar-17,123084188,240800200003,1,101.875,40.75
53190,Silver,30-Mar-17,30-Mar-17,123084220,220100700035,1,56.5,26.95
54119,Gold,30-Mar-17,02-Apr-17,123086859,220200100137,1,50.3,25.25
54923,SILVER,30-Mar-17,30-Mar-17,123088420,220100100082,1,75.1,37.65
55922,Gold,30-Mar-17,30-Mar-17,123084260,220200300115,1,84.9,38.65
57257,GOLD,30-Mar-17,30-Mar-17,123086138,240200200081,1,106.3,10.65
57530,Gold,30-Mar-17,30-Mar-17,123086143,210200900044,1,18.8,7.6
58030,Silver,30-Mar-17,30-Mar-17,123084271,240100100453,1,29.2,14.7
58426,Silver,30-Mar-17,30-Mar-17,123088490,220100700020,1,103,49.1
63256,GOLD,30-Mar-17,04-Apr-17,123088591,230100600031,1,88.5,42.45
63477,GOLD,30-Mar-17,04-Apr-17,123086473,220200100034,1,56.3,28.25
64363,Platinum,30-Mar-17,03-Apr-17,123088633,220200300016,1,101,46.05
70394,Silver,30-Mar-17,05-Apr-17,123086870,230100700009,2,1081.4,276
70482,Gold,30-Mar-17,02-Apr-17,123084927,240500200100,1,22.7,10.85
70642,Silver,30-Mar-17,30-Mar-17,123086484,230100200054,1,133.2,60.6
71389,SILVER,30-Mar-17,30-Mar-17,123084936,240100300006,1,51.5,22.8
71433,Silver,30-Mar-17,30-Mar-17,123086877,220101400091,1,32.8,15
75790,GOLD,30-Mar-17,30-Mar-17,123084981,240500100020,1,51.6,22.9
76683,Gold,30-Mar-17,31-Mar-17,123085584,220101400273,1,47,21.45
76995,Gold,30-Mar-17,02-Apr-17,123086936,230100100013,1,113.1,58.9
81690,Gold,30-Mar-17,02-Apr-17,123085061,240700400008,1,27.9,12.1
82016,Silver,30-Mar-17,30-Mar-17,123085614,220101400265,1,37.1,16.55
85502,Gold,30-Mar-17,30-Mar-17,123084473,220101400111,1,24.8,11.4
85905,Silver,30-Mar-17,30-Mar-17,123085082,220100500018,1,65.8,30
87401,Silver,30-Mar-17,30-Mar-17,123086991,240300100028,1,469.4,221.25
89748,Gold,30-Mar-17,04-Apr-17,123086675,230100600034,1,16.1,7.3
89802,Gold,30-Mar-17,30-Mar-17,123085750,220200300080,1,64.6,29.4
91873,Gold,30-Mar-17,30-Mar-17,123087032,240500200080,1,55.5,23.1
92476,Silver,30-Mar-17,30-Mar-17,123085770,220200100198,1,101.6,50.9
92774,Gold,30-Mar-17,30-Mar-17,123085798,240400200090,1,125.4,52.25
92975,Gold,30-Mar-17,03-Apr-17,123086735,220100400027,1,88.1,41.95
647,SILVER,31-Mar-17,31-Mar-17,123089208,220200200021,1,64,37.85
1091,Silver,31-Mar-17,31-Mar-17,123090664,210200100012,1,17.8,8.4
2227,Silver,31-Mar-17,01-Apr-17,123089232,220200100047,1,74.8,36.85
2402,Gold,31-Mar-17,31-Mar-17,123089859,220101400035,1,103.7,47.2
2813,Silver,31-Mar-17,31-Mar-17,123089256,240200100210,1,513,242.45
3280,Silver,31-Mar-17,31-Mar-17,123090673,240400200023,1,131.7,55
7048,Silver,31-Mar-17,31-Mar-17,123089283,220200300158,1,87.3,40.7
7693,Silver,31-Mar-17,31-Mar-17,123091708,220200300076,2,170,38.7
8018,Gold,31-Mar-17,05-Apr-17,123089291,220200300015,1,115,52.4
9863,Gold,31-Mar-17,31-Mar-17,123090703,240100300006,1,51.5,22.8
9968,GOLD,31-Mar-17,31-Mar-17,123090026,240600100029,1,27.4,9.65
14678,GOLD,31-Mar-17,03-Apr-17,123090066,210200300087,1,19.9,10.05
19663,Platinum,31-Mar-17,31-Mar-17,123089392,240100100159,1,30.8,13.7
20261,SILVER,31-Mar-17,31-Mar-17,123089394,230100600030,1,86.3,41.4
20522,Gold,31-Mar-17,01-Apr-17,123092627,230100500092,2,231.2,48.15
20736,Gold,31-Mar-17,03-Apr-17,123091416,220101400021,1,54.1,24.55
21168,Gold,31-Mar-17,02-Apr-17,123089398,240100400044,1,353.6,174.75
23398,Silver,31-Mar-17,31-Mar-17,123091421,220101300012,1,18.4,8.3
24794,Silver,31-Mar-17,31-Mar-17,123089423,240800100025,2,498,113.55
25417,Gold,31-Mar-17,05-Apr-17,123093202,230100700011,1,252,103.95
25431,GOLD,31-Mar-17,31-Mar-17,123091436,220200200060,2,117,26.65
26000,Silver,31-Mar-17,13-Apr-17,123091443,240100100306,1,8.9,4.1
28619,GOLD,31-Mar-17,31-Mar-17,123089491,220200100092,1,83,41.6
33461,Gold,31-Mar-17,31-Mar-17,123093431,230100600023,1,73.4,36.8
34138,Gold,31-Mar-17,31-Mar-17,123091477,240500100053,1,81.7,32.75
36289,Gold,31-Mar-17,31-Mar-17,123089533,220101400392,1,99.3,45.15
37034,Gold,31-Mar-17,04-Apr-17,123089540,230100700002,1,220,135
38211,Gold,31-Mar-17,31-Mar-17,123089893,240200200019,1,129.8,12.25
38655,Silver,31-Mar-17,31-Mar-17,123090172,240100300001,1,35.5,17.9
38734,Gold,31-Mar-17,31-Mar-17,123091522,220200100155,1,126,63.1
38922,GOLD,31-Mar-17,31-Mar-17,123093590,240500200130,1,28,11.7
42343,Silver,31-Mar-17,31-Mar-17,123093737,210200900033,1,14.1,6.4
43439,Gold,31-Mar-17,01-Apr-17,123093768,240500100019,1,48.4,21.5
44889,Silver,31-Mar-17,31-Mar-17,123089602,240500200072,2,94,22.4
45344,Platinum,31-Mar-17,31-Mar-17,123091872,230100200044,1,70.1,35.15
45829,GOLD,31-Mar-17,01-Apr-17,123093862,240100100273,1,16.9,7.6
46984,Silver,31-Mar-17,31-Mar-17,123093896,220100400023,1,93.6,40.75
47468,Silver,31-Mar-17,31-Mar-17,123089643,230100100045,1,124.8,53.6
48532,SILVER,31-Mar-17,31-Mar-17,123088891,230100500008,2,76,16.8
49504,Silver,31-Mar-17,31-Mar-17,123094012,240500200130,1,28,11.7
52825,Silver,31-Mar-17,31-Mar-17,123090880,210201000081,1,27.7,12.4
53253,Silver,31-Mar-17,31-Mar-17,123094118,230100100013,2,226.2,58.9
53719,Silver,31-Mar-17,05-Apr-17,123094152,240100100427,1,34.7,16.25
54833,Gold,31-Mar-17,31-Mar-17,123094176,230100500094,2,173.2,34.1
57046,Silver,31-Mar-17,05-Apr-17,123090913,240100200005,2,64.8,13.65
62140,Gold,31-Mar-17,01-Apr-17,123094353,240700200018,1,18.1,9.85
64125,Silver,31-Mar-17,31-Mar-17,123094417,220200100222,1,109,60.05
64329,Gold,31-Mar-17,31-Mar-17,123089841,220200200018,1,66.4,30.25
71907,Gold,31-Mar-17,31-Mar-17,123091985,220100100500,1,56.6,28.4
72709,Silver,31-Mar-17,31-Mar-17,123091997,220200100099,2,315.6,79
72895,GOLD,31-Mar-17,31-Mar-17,123091021,240100100552,1,169.2,71.95
73486,Gold,31-Mar-17,02-Apr-17,123091028,240100100665,1,41.5,17.25
74202,Silver,31-Mar-17,31-Mar-17,123091059,220200300014,1,84.2,38.35
75790,GOLD,31-Mar-17,05-Apr-17,123090379,240700400008,1,27.9,12.1
76773,Silver,31-Mar-17,31-Mar-17,123091068,240400300020,2,116.4,26.4
77272,Platinum,31-Mar-17,07-Apr-17,123090398,230100600006,1,14,6.5
79456,Silver,31-Mar-17,31-Mar-17,123090410,220200100098,2,241.4,66.5
80933,Silver,31-Mar-17,31-Mar-17,123090439,220200100173,2,217.8,54.55
81082,Gold,31-Mar-17,02-Apr-17,123089026,220100100197,2,202.6,50.75
81780,Silver,31-Mar-17,31-Mar-17,123092513,240100400021,1,91.6,45.75
81836,Silver,31-Mar-17,03-Apr-17,123090446,240600100068,1,52.1,21.55
82867,Silver,31-Mar-17,31-Mar-17,123092114,230100700004,1,360,199
83909,PLATINUM,31-Mar-17,31-Mar-17,123090507,240600100089,1,22,9.1
84211,Gold,31-Mar-17,31-Mar-17,123091157,240500100027,1,45.5,20.2
84233,GOLD,31-Mar-17,02-Apr-17,123092549,230100500056,2,16,3.5
84333,SILVER,31-Mar-17,03-Apr-17,123090511,220200100222,1,109,60.05
86470,Gold,31-Mar-17,31-Mar-17,123092153,240600100020,1,34.3,15.75
87245,SILVER,31-Mar-17,31-Mar-17,123089089,210200600127,2,62.6,13.4
88757,Gold,31-Mar-17,31-Mar-17,123092193,220100900020,1,14.9,5.8
88806,Gold,31-Mar-17,31-Mar-17,123089125,240500200103,2,128.4,26.8
91190,Silver,31-Mar-17,31-Mar-17,123092613,230100100034,1,77.7,32.25
91802,Silver,31-Mar-17,31-Mar-17,123092241,230100600015,1,78.2,39.2
92218,GOLD,31-Mar-17,04-Apr-17,123090629,240300200051,1,36.6,16.65
92723,Silver,31-Mar-17,31-Mar-17,123091257,240300200047,1,42.7,19.4
93070,Gold,31-Mar-17,03-Apr-17,123092259,220200200050,1,107.5,53.85
93402,Gold,31-Mar-17,31-Mar-17,123092267,220101300006,1,27.3,12.25
20,Silver,01-Apr-17,01-Apr-17,123098538,230100300006,1,68.5,34.35
879,Gold,01-Apr-17,01-Apr-17,123097315,220200300054,3,195.6,29.7
1694,SILVER,01-Apr-17,02-Apr-17,123095083,230100700004,3,1080,199
2175,SILVER,01-Apr-17,01-Apr-17,123095832,220200100051,1,121.3,60.75
2955,Gold,01-Apr-17,03-Apr-17,123097316,220101100034,1,11.8,5
3213,Gold,01-Apr-17,07-Apr-17,123098567,240700400002,2,67.2,14.65
3662,Silver,01-Apr-17,01-Apr-17,123098590,220200100101,1,61,28.75
3867,Gold,01-Apr-17,03-Apr-17,123098620,210200600001,3,108.9,18.1
3880,Silver,01-Apr-17,01-Apr-17,123095958,240800200008,1,150.25,60.1
4618,SILVER,01-Apr-17,02-Apr-17,123098146,220200300157,3,220.2,36.65
5242,Silver,01-Apr-17,01-Apr-17,123098197,240300100033,1,31,14.75
5752,Silver,01-Apr-17,04-Apr-17,123096575,240100100605,1,48.2,20.75
6592,Silver,01-Apr-17,01-Apr-17,123098662,220200100222,1,109,60.05
7332,Gold,01-Apr-17,01-Apr-17,123098686,240200100234,1,49.5,24.2
7467,SILVER,01-Apr-17,04-Apr-17,123096579,240100400088,2,365.2,86.9
8260,Gold,01-Apr-17,04-Apr-17,123096003,230100700008,1,494.4,241
9792,Silver,01-Apr-17,01-Apr-17,123098729,240100400099,2,346.4,127
10888,Silver,01-Apr-17,10-Apr-17,123097736,210201000006,1,23.4,10.5
11398,Silver,01-Apr-17,01-Apr-17,123097356,240500100008,3,197.1,29.9
12536,Gold,01-Apr-17,03-Apr-17,123098800,230100500061,1,18.3,8.05
14370,Silver,01-Apr-17,01-Apr-17,123097384,220200200073,1,140.3,63.8
15326,Silver,01-Apr-17,06-Apr-17,123098881,240700400032,2,61.6,6.75
15502,Silver,01-Apr-17,01-Apr-17,123096636,210200400046,1,36.2,18.2
15515,Silver,01-Apr-17,01-Apr-17,123098239,240500200142,1,8.3,3.9
17306,Silver,01-Apr-17,05-Apr-17,123098947,230100500081,1,73,30.35
17520,Gold,01-Apr-17,01-Apr-17,123097410,220200200021,3,192,37.85
18165,Gold,01-Apr-17,01-Apr-17,123096637,220200100241,1,35.4,17.8
19314,Silver,01-Apr-17,06-Apr-17,123098987,220200300120,1,72.4,33
22134,Gold,01-Apr-17,01-Apr-17,123098262,240800200047,1,90.3,36.2
25795,Silver,01-Apr-17,02-Apr-17,123097782,220200200070,1,120.3,54.75
26466,Gold,01-Apr-17,01-Apr-17,123097478,210200600018,1,38.8,18.05
26513,Gold,01-Apr-17,01-Apr-17,123099121,240100400103,2,596.4,149.05
27338,Silver,01-Apr-17,01-Apr-17,123095350,220101400100,1,52,23.7
29081,Gold,01-Apr-17,01-Apr-17,123096079,220100600008,1,294.2,140.05
29947,GOLD,01-Apr-17,01-Apr-17,123099210,240100400129,2,474.8,111
30422,Gold,01-Apr-17,01-Apr-17,123094628,240100200012,1,32.2,13.35
30777,GOLD,01-Apr-17,01-Apr-17,123095412,240800200017,1,35,14.5
32047,Gold,01-Apr-17,01-Apr-17,123099259,220200200018,1,66.4,30.25
32196,Gold,01-Apr-17,01-Apr-17,123095425,220100800068,1,47.1,22.4
32529,Silver,01-Apr-17,01-Apr-17,123094648,240600100109,1,44,19.15
32563,Gold,01-Apr-17,01-Apr-17,123099281,220100700038,1,100.2,47.75
35917,Silver,01-Apr-17,01-Apr-17,123096711,220200100057,3,377.4,63
37047,Gold,01-Apr-17,01-Apr-17,123099391,230100600023,1,73.4,36.8
37493,Gold,01-Apr-17,01-Apr-17,123096718,240100400070,2,351.8,127.95
37880,Silver,01-Apr-17,01-Apr-17,123099421,240800100014,1,301.1,136.75
39144,GOLD,01-Apr-17,04-Apr-17,123096723,210201000130,2,59.2,13.2
41134,Gold,01-Apr-17,01-Apr-17,123097543,220100100128,1,31.6,15.9
41372,Gold,01-Apr-17,03-Apr-17,123096736,240100400098,2,503.6,125.85
41471,Gold,01-Apr-17,06-Apr-17,123095867,240500200080,1,55.5,23.1
42173,SILVER,01-Apr-17,01-Apr-17,123099468,240700300002,1,21.99,7.25
42816,GOLD,01-Apr-17,06-Apr-17,123099485,240100100159,1,30.8,13.7
42923,Silver,01-Apr-17,01-Apr-17,123096774,220100400006,1,113.9,57.05
43001,Silver,01-Apr-17,01-Apr-17,123095558,220100100376,1,74.8,37.35
44079,SILVER,01-Apr-17,03-Apr-17,123095559,240500100057,3,115.2,17.1
44472,Silver,01-Apr-17,01-Apr-17,123097546,240200100097,1,235.7,114
45613,Silver,01-Apr-17,01-Apr-17,123095868,230100400007,1,12.2,4.9
48155,Gold,01-Apr-17,04-Apr-17,123095599,230100600036,1,103.2,50.4
48595,Silver,01-Apr-17,01-Apr-17,123097555,220200300009,1,52,23.75
48700,Gold,01-Apr-17,01-Apr-17,123099580,240400300035,2,38.2,7.7
49055,Silver,01-Apr-17,01-Apr-17,123095607,240700100004,1,26.2,13.55
49366,Silver,01-Apr-17,01-Apr-17,123097560,240100400126,4,654.8,81.8
49553,Gold,01-Apr-17,02-Apr-17,123099587,230100100002,1,200.7,85.35
50386,Silver,01-Apr-17,01-Apr-17,123095632,220101400044,2,83.2,17.3
51332,Gold,01-Apr-17,01-Apr-17,123099671,240800200001,1,169.5,67.8
55481,Platinum,01-Apr-17,01-Apr-17,123096877,210201000093,1,47,21.45
55738,Gold,01-Apr-17,02-Apr-17,123099818,210200900027,1,26.9,12.85
58597,SILVER,01-Apr-17,01-Apr-17,123099894,210200600092,1,6.9,2.8
58597,Silver,01-Apr-17,01-Apr-17,123099891,220100100143,1,88.1,44.15
58759,Gold,01-Apr-17,01-Apr-17,123098325,240800200009,1,85.6,34.3
59261,GOLD,01-Apr-17,07-Apr-17,123097681,220100700038,1,100.2,47.75
63176,Gold,01-Apr-17,01-Apr-17,123097641,220200300069,3,328.2,48.75
63240,Silver,01-Apr-17,01-Apr-17,123097650,220101300011,1,23.8,10.65
63353,SILVER,01-Apr-17,01-Apr-17,123097660,230100500093,1,132.8,55.85
64763,GOLD,01-Apr-17,01-Apr-17,123097674,240700400003,2,24.8,5.6
65666,Silver,01-Apr-17,01-Apr-17,123097677,220101400326,1,31.9,14.6
71379,Gold,01-Apr-17,01-Apr-17,123097951,220101400205,2,49.4,11.1
71537,GOLD,01-Apr-17,03-Apr-17,123097953,220101300011,1,23.8,10.65
71669,Gold,01-Apr-17,01-Apr-17,123096973,240100400091,4,785.2,95.65
73436,Silver,01-Apr-17,01-Apr-17,123096266,220200300062,1,104.7,47.65
75463,Gold,01-Apr-17,07-Apr-17,123095025,240200200081,2,212.6,10.65
75905,Gold,01-Apr-17,01-Apr-17,123096292,210201000205,2,67.2,15.3
76995,Silver,01-Apr-17,04-Apr-17,123098427,230100600036,3,309.6,50.4
77090,Silver,01-Apr-17,01-Apr-17,123097061,220100100207,1,54.7,27.45
77591,Gold,01-Apr-17,01-Apr-17,123095899,220200200042,3,381.9,58
77817,Silver,01-Apr-17,01-Apr-17,123098024,220101400179,1,25.7,11.5
78330,Gold,01-Apr-17,01-Apr-17,123097071,240800200007,1,19.875,7.95
78590,Gold,01-Apr-17,01-Apr-17,123097073,220200100171,1,56.3,31.05
78917,Gold,01-Apr-17,06-Apr-17,123098042,240300300024,1,51.1,21.75
79008,SILVER,01-Apr-17,01-Apr-17,123097076,240100400036,2,426.6,104.1
79138,Gold,01-Apr-17,04-Apr-17,123098437,230100600022,3,252.3,42.15
80710,GOLD,01-Apr-17,01-Apr-17,123098462,240600100130,1,60.9,24.1
82797,Gold,01-Apr-17,01-Apr-17,123097129,220100700010,1,53.9,25.7
84152,Gold,01-Apr-17,01-Apr-17,123097131,220101400132,1,54.7,24.95
87873,Gold,01-Apr-17,02-Apr-17,123097204,240100100569,1,44.7,19.25
88367,SILVER,01-Apr-17,03-Apr-17,123097232,210200500010,1,100.6,43.45
88648,Gold,01-Apr-17,03-Apr-17,123096472,240600100109,1,44,19.15
91088,Gold,01-Apr-17,04-Apr-17,123097257,240100400070,2,351.8,127.95
91500,Gold,01-Apr-17,01-Apr-17,123097265,210200300006,1,14.3,7.7
92569,SILVER,01-Apr-17,05-Apr-17,123096502,220100700016,1,90,41.1
93918,Gold,01-Apr-17,01-Apr-17,123096567,230100500089,1,140.3,58.4
94221,Silver,01-Apr-17,01-Apr-17,123097296,240500200120,1,20.9,9.9
157,Gold,02-Apr-17,07-Apr-17,123002109,210200500006,1,24,11.95
1320,Silver,02-Apr-17,02-Apr-17,123000741,240400300007,3,172.5,23.85
1831,Gold,02-Apr-17,02-Apr-17,123000054,240100200014,1,55.4,22.8
2106,Gold,02-Apr-17,05-Apr-17,123000046,240100400005,2,469.2,115.95
2397,Silver,02-Apr-17,02-Apr-17,123000743,220200100005,3,194.7,32.55
2436,Gold,02-Apr-17,02-Apr-17,123000746,220200300161,3,67.8,9.65
2962,Gold,02-Apr-17,02-Apr-17,123000778,220100900023,1,104.5,41.85
6482,Silver,02-Apr-17,02-Apr-17,123002802,230100200040,1,95.9,48.05
7207,Silver,02-Apr-17,02-Apr-17,123003165,230100200040,1,95.9,48.05
8362,Silver,02-Apr-17,02-Apr-17,123000834,220100100014,2,24,6.5
10626,Silver,02-Apr-17,02-Apr-17,123000875,220100900029,1,30.8,12.35
10705,Silver,02-Apr-17,02-Apr-17,123004105,230100500093,1,132.8,55.85
11417,Silver,02-Apr-17,02-Apr-17,123004117,210201000087,1,20,9.15
11590,Gold,02-Apr-17,02-Apr-17,123000073,230100600043,1,63.8,30.8
11832,Gold,02-Apr-17,02-Apr-17,123004120,210201000038,1,25.5,11.4
15324,Silver,02-Apr-17,07-Apr-17,123001618,230100500015,1,8.3,3.3
16474,Silver,02-Apr-17,02-Apr-17,123000901,240500100029,1,58.9,26.1
18057,Silver,02-Apr-17,02-Apr-17,123002227,240600100117,1,41.9,17.4
18996,Silver,02-Apr-17,02-Apr-17,123000116,230100600028,1,96.7,48.45
22151,GOLD,02-Apr-17,02-Apr-17,123002866,240200200071,1,18.7,10
22321,Silver,02-Apr-17,03-Apr-17,123000937,240400200012,1,160.9,69.6
27620,Gold,02-Apr-17,02-Apr-17,123004496,230100500082,1,126.1,58.6
27990,Gold,02-Apr-17,02-Apr-17,123002925,230100500080,1,25,12.2
28477,Silver,02-Apr-17,02-Apr-17,123001036,220101200027,2,145.6,31.65
29111,Gold,02-Apr-17,02-Apr-17,123003615,220200100153,1,48.2,24.2
31563,Gold,02-Apr-17,02-Apr-17,123002946,240700100006,1,23.5,9.5
32320,GOLD,02-Apr-17,02-Apr-17,123001068,240500200074,4,90.4,9.45
33349,SILVER,02-Apr-17,07-Apr-17,123004604,230100100058,1,48.3,20.5
33690,Platinum,02-Apr-17,02-Apr-17,123004614,240100200005,1,32.4,13.65
34239,Gold,02-Apr-17,08-Apr-17,123003221,240200100040,1,21.6,10.9
35196,Gold,02-Apr-17,05-Apr-17,123001670,240200200068,1,298.8,151.55
35327,Gold,02-Apr-17,02-Apr-17,123001484,220100100183,1,53.5,26.85
35462,Silver,02-Apr-17,02-Apr-17,123004635,240600100196,2,115.6,25.5
35721,Gold,02-Apr-17,03-Apr-17,123004644,240500200016,1,31.7,14.5
36015,Silver,02-Apr-17,02-Apr-17,123000208,240400200050,1,217.3,103.55
37360,Silver,02-Apr-17,02-Apr-17,123002993,220200200085,1,41.4,18
37659,GOLD,02-Apr-17,03-Apr-17,123004663,240800100034,1,457.3,207.9
39127,Gold,02-Apr-17,02-Apr-17,123003012,220101400107,1,27.2,12.5
39137,Gold,02-Apr-17,02-Apr-17,123002296,240100300001,2,71,17.9
39467,GOLD,02-Apr-17,02-Apr-17,123001698,240100100312,1,17.8,7.55
41429,Silver,02-Apr-17,04-Apr-17,123004698,240500100051,3,175.5,18.75
42751,Silver,02-Apr-17,04-Apr-17,123000257,220101400215,1,18.2,8.45
45196,Silver,02-Apr-17,06-Apr-17,123003239,220200100078,1,110.8,55.5
45649,Gold,02-Apr-17,06-Apr-17,123001161,230100500096,1,35.5,17.25
45933,Gold,02-Apr-17,02-Apr-17,123001164,240800100016,2,256.4,57.05
46617,Silver,02-Apr-17,02-Apr-17,123003041,220200100142,1,105.4,52.8
46744,Silver,02-Apr-17,02-Apr-17,123003251,220100300016,1,17.1,8.65
47155,Silver,02-Apr-17,02-Apr-17,123001173,210200400025,3,162.3,27.15
48082,Silver,02-Apr-17,07-Apr-17,123004919,240400300035,2,38.2,7.7
49849,Gold,02-Apr-17,03-Apr-17,123004948,240800200062,1,35.4,16.15
52017,Gold,02-Apr-17,06-Apr-17,123003281,220100800053,1,24.4,11.6
52863,Silver,02-Apr-17,02-Apr-17,123003062,220200200066,1,88.2,38.4
52911,Gold,02-Apr-17,07-Apr-17,123003077,210200300004,1,16.9,8.55
53549,Silver,02-Apr-17,02-Apr-17,123005059,220100900008,1,21,8.9
55221,Silver,02-Apr-17,02-Apr-17,123005190,240200100137,2,18,4.45
57434,SILVER,02-Apr-17,03-Apr-17,123002420,240100100529,2,122.2,26.95
58926,Silver,02-Apr-17,02-Apr-17,123001345,240400200014,1,14.8,8.6
59610,Silver,02-Apr-17,02-Apr-17,123005346,240800100003,1,262.5,109
59731,Silver,02-Apr-17,02-Apr-17,123003337,240500100053,1,81.7,32.75
60235,Gold,02-Apr-17,02-Apr-17,123005353,220101400393,1,95.5,43.45
60373,Gold,02-Apr-17,02-Apr-17,123001356,220100100105,2,235.2,58.9
60810,Gold,02-Apr-17,02-Apr-17,123001390,240100100365,1,191.6,87.4
64419,Silver,02-Apr-17,02-Apr-17,123001804,210200600044,2,113.4,24.9
64885,Silver,02-Apr-17,02-Apr-17,123001475,220100100591,1,37.7,18.95
70292,Gold,02-Apr-17,02-Apr-17,123000400,240700400013,1,68.2,35.55
71015,Gold,02-Apr-17,02-Apr-17,123001496,240200100170,1,14,5.9
77244,SILVER,02-Apr-17,02-Apr-17,123002537,240700400020,2,142.6,37.15
77323,GOLD,02-Apr-17,02-Apr-17,123001865,240600100027,2,70.8,14.25
78994,SILVER,02-Apr-17,02-Apr-17,123002613,220100100102,1,12.9,6.55
80507,Silver,02-Apr-17,02-Apr-17,123003369,220100700052,1,106.1,50.5
82065,Gold,02-Apr-17,02-Apr-17,123003407,220100300039,2,408.8,87.15
82477,Platinum,02-Apr-17,02-Apr-17,123001983,220200300042,1,36,16.4
85164,Silver,02-Apr-17,14-Apr-17,123002026,220100800099,1,42.8,20.4
85745,Silver,02-Apr-17,02-Apr-17,123002037,240100400008,4,414,51.7
87884,Gold,02-Apr-17,02-Apr-17,123002741,220101400392,1,99.3,45.15
90032,Silver,02-Apr-17,02-Apr-17,123003449,220200300020,3,225,34.2
91960,GOLD,02-Apr-17,02-Apr-17,123002776,210200600056,1,50.4,22.75
92731,Silver,02-Apr-17,02-Apr-17,123002101,220200300133,1,28.2,12.95
92871,GOLD,02-Apr-17,04-Apr-17,123000631,220100300017,1,22.4,10.6
92956,Gold,02-Apr-17,02-Apr-17,123003475,210200600128,1,17.9,7.85
1384,Silver,03-Apr-17,03-Apr-17,123009535,220100100385,1,11.4,5.75
1500,SILVER,03-Apr-17,05-Apr-17,123009551,210201000078,1,50.7,23.15
1728,SILVER,03-Apr-17,03-Apr-17,123008161,240200200083,2,228.2,45.75
2558,Gold,03-Apr-17,04-Apr-17,123009581,240300300052,1,148.4,64.55
3422,Gold,03-Apr-17,07-Apr-17,123006005,230100500068,1,1.7,0.8
4647,Gold,03-Apr-17,03-Apr-17,123009624,240500200005,1,5.9,2.75
6930,Gold,03-Apr-17,03-Apr-17,123009742,220100100570,1,22.7,11.45
7115,Silver,03-Apr-17,03-Apr-17,123006034,220100300023,1,49.7,23.05
7557,Silver,03-Apr-17,05-Apr-17,123006035,230100500012,1,73.9,33.25
8129,SILVER,03-Apr-17,03-Apr-17,123006041,240100400062,2,226.4,54
8644,Gold,03-Apr-17,03-Apr-17,123008638,220100700038,1,100.2,47.75
10508,GOLD,03-Apr-17,08-Apr-17,123006922,240600100181,1,36.8,16
12853,SILVER,03-Apr-17,05-Apr-17,123007447,210200200022,1,17.8,6.95
12882,Gold,03-Apr-17,05-Apr-17,123006924,240600100113,2,100.8,21.5
13472,SILVER,03-Apr-17,03-Apr-17,123006927,220200100198,1,101.6,50.9
14131,Gold,03-Apr-17,03-Apr-17,123006931,210200600084,1,34.8,14.9
14814,GOLD,03-Apr-17,03-Apr-17,123006114,240500100029,3,176.7,26.1
15062,Gold,03-Apr-17,03-Apr-17,123007450,240500100035,1,64,28.35
15137,Gold,03-Apr-17,03-Apr-17,123008278,210200100004,1,36.3,16.15
17163,Gold,03-Apr-17,03-Apr-17,123010050,220100300040,3,178.5,23.85
20925,Gold,03-Apr-17,03-Apr-17,123008317,220200300070,1,100.2,45.6
21960,SILVER,03-Apr-17,03-Apr-17,123006201,220200100142,1,105.4,52.8
22156,Gold,03-Apr-17,03-Apr-17,123007503,220200200067,1,80.8,35.15
23579,Gold,03-Apr-17,06-Apr-17,123008716,220200100097,3,269.4,45
24805,Silver,03-Apr-17,04-Apr-17,123008334,220100100500,2,113.2,28.4
25572,Silver,03-Apr-17,05-Apr-17,123008722,220100700022,1,51.7,21.9
26165,Silver,03-Apr-17,03-Apr-17,123005546,220100100170,1,54,27.1
26176,Silver,03-Apr-17,08-Apr-17,123010380,240500100029,3,176.7,26.1
26296,Gold,03-Apr-17,03-Apr-17,123005557,230100600036,1,103.2,50.4
26887,SILVER,03-Apr-17,03-Apr-17,123007512,220100100032,1,18.4,9.3
29122,GOLD,03-Apr-17,03-Apr-17,123006270,240100200014,1,55.4,22.8
29964,Gold,03-Apr-17,05-Apr-17,123010477,220200100126,1,33.4,16.8
30056,Platinum,03-Apr-17,04-Apr-17,123005610,240100200008,3,90,12.45
31290,Gold,03-Apr-17,03-Apr-17,123006274,220100100135,1,35.7,17.95
31320,SILVER,03-Apr-17,03-Apr-17,123007039,220200100179,3,403.5,67.35
31374,SILVER,03-Apr-17,03-Apr-17,123010533,240200100181,1,109.3,56.6
32016,Gold,03-Apr-17,03-Apr-17,123008381,220101400073,1,43.1,19.6
32434,Silver,03-Apr-17,05-Apr-17,123006277,230100500056,1,8,3.5
32794,Gold,03-Apr-17,04-Apr-17,123009174,230100700011,1,252,103.95
32953,Gold,03-Apr-17,03-Apr-17,123006283,220200300161,1,22.6,9.65
33913,GOLD,03-Apr-17,03-Apr-17,123006329,240800200002,1,170.375,68.15
34959,Gold,03-Apr-17,03-Apr-17,123007543,210200900004,1,46,16.05
35921,Gold,03-Apr-17,03-Apr-17,123010704,220101200015,1,23,9.95
36189,GOLD,03-Apr-17,03-Apr-17,123008437,240100200004,1,35.2,14.8
40038,Silver,03-Apr-17,05-Apr-17,123010833,230100500082,1,126.1,58.6
40471,Gold,03-Apr-17,03-Apr-17,123008765,220200300161,1,22.6,9.65
42241,SILVER,03-Apr-17,03-Apr-17,123008458,240100200002,1,15.3,6.05
42937,Silver,03-Apr-17,03-Apr-17,123006430,220100800013,1,24,11.45
44494,Silver,03-Apr-17,03-Apr-17,123006455,240100400005,4,938.4,115.95
45278,Silver,03-Apr-17,03-Apr-17,123007594,240300100026,1,150.9,75.2
45772,Gold,03-Apr-17,04-Apr-17,123007595,240100300004,2,45.8,9.1
46651,Gold,03-Apr-17,03-Apr-17,123005684,240100100592,1,19.1,7.7
46710,Silver,03-Apr-17,09-Apr-17,123006495,230100500080,1,25,12.2
46959,Silver,03-Apr-17,04-Apr-17,123010961,240200100224,1,136.1,66.1
47090,Silver,03-Apr-17,03-Apr-17,123010967,240700200025,1,14.6,6.2
47968,Silver,03-Apr-17,03-Apr-17,123010989,240400200012,1,160.9,69.6
50144,Gold,03-Apr-17,03-Apr-17,123006542,220200100142,1,105.4,52.8
52557,Silver,03-Apr-17,03-Apr-17,123007125,230100700008,4,1977.6,241
53161,Gold,03-Apr-17,03-Apr-17,123007671,220100400019,1,71.8,32.95
53813,Silver,03-Apr-17,03-Apr-17,123008514,230100300023,1,34.8,14.55
54268,Gold,03-Apr-17,03-Apr-17,123007149,240600100080,1,28.3,8.55
55061,Silver,03-Apr-17,03-Apr-17,123006628,220200100229,3,496.5,82.85
56441,Gold,03-Apr-17,07-Apr-17,123009474,230100100061,1,175.2,73.65
56514,Silver,03-Apr-17,03-Apr-17,123006637,240600100170,3,69.3,9.85
56673,Gold,03-Apr-17,03-Apr-17,123007156,220200100120,3,197.1,32.95
56678,Gold,03-Apr-17,03-Apr-17,123008543,240500200114,3,25.2,3.95
57547,Gold,03-Apr-17,03-Apr-17,123008544,220200100019,1,98.1,49.15
59756,Silver,03-Apr-17,03-Apr-17,123007713,220200100182,1,129.7,64.95
60570,Silver,03-Apr-17,04-Apr-17,123008558,230100600030,3,258.9,41.4
62050,Gold,03-Apr-17,09-Apr-17,123008569,220101400433,1,64,29.4
62272,Silver,03-Apr-17,03-Apr-17,123008841,220200200075,3,543.9,82.35
62731,Gold,03-Apr-17,03-Apr-17,123008584,240100100044,1,80.4,34.9
62846,Silver,03-Apr-17,04-Apr-17,123006673,230100500072,3,78.3,11.9
64628,SILVER,03-Apr-17,03-Apr-17,123009274,240100100422,1,22.6,7.85
71521,Gold,03-Apr-17,07-Apr-17,123007752,240100100325,1,479.3,239.6
72159,Gold,03-Apr-17,03-Apr-17,123007765,220200200057,1,62.3,28.35
72417,Gold,03-Apr-17,03-Apr-17,123007774,220100100634,2,65.2,16.4
72798,Silver,03-Apr-17,08-Apr-17,123005748,240100200002,1,15.3,6.05
72895,Silver,03-Apr-17,03-Apr-17,123007784,240100100569,1,44.7,19.25
75585,SILVER,03-Apr-17,05-Apr-17,123009301,220200300129,1,81.2,37.05
75629,GOLD,03-Apr-17,03-Apr-17,123007860,220101400152,1,13.1,5.9
76177,Gold,03-Apr-17,03-Apr-17,123006813,240400100008,1,21.6,10.65
77472,Silver,03-Apr-17,07-Apr-17,123006824,240500200095,1,29.1,13.95
78459,Gold,03-Apr-17,03-Apr-17,123009330,210200100014,3,105,15.65
80002,Silver,03-Apr-17,03-Apr-17,123007954,220100700030,1,143,68.15
82300,Gold,03-Apr-17,03-Apr-17,123008002,240500200009,3,42.3,5.95
85726,Gold,03-Apr-17,03-Apr-17,123007320,220200100212,1,103.5,51.85
86479,Silver,03-Apr-17,09-Apr-17,123005457,240100400008,4,414,51.7
89399,Silver,03-Apr-17,03-Apr-17,123009431,210201000061,1,16.4,7.55
89672,GOLD,03-Apr-17,03-Apr-17,123005861,240100400089,1,99.8,48.7
90468,SILVER,03-Apr-17,03-Apr-17,123009008,240200100007,1,24.7,11.8
90803,Gold,03-Apr-17,03-Apr-17,123005897,210200700018,1,23.1,10.45
92196,Silver,03-Apr-17,05-Apr-17,123007363,240600100107,1,26.2,11.7
93654,Silver,03-Apr-17,06-Apr-17,123005937,240100100322,1,255.6,127.75
147,Silver,04-Apr-17,08-Apr-17,123011827,230100500068,1,1.7,0.8
327,Gold,04-Apr-17,04-Apr-17,123015788,220100100523,1,29.4,14.8
473,Silver,04-Apr-17,04-Apr-17,123011836,230100100013,2,226.2,58.9
744,Silver,04-Apr-17,04-Apr-17,123014941,240400300034,2,68.4,13.75
883,Gold,04-Apr-17,04-Apr-17,123014470,240500200113,1,42.2,20.05
933,SILVER,04-Apr-17,04-Apr-17,123015796,240700300004,1,17,8.1
985,Silver,04-Apr-17,08-Apr-17,123015805,240500100003,3,157.8,24
1840,SILVER,04-Apr-17,04-Apr-17,123015864,240400300035,2,38.2,7.7
2281,Gold,04-Apr-17,04-Apr-17,123015506,220100700038,2,200.4,47.75
3189,Silver,04-Apr-17,04-Apr-17,123011854,220101500008,2,571.4,148.85
4447,Gold,04-Apr-17,04-Apr-17,123014949,220200300078,3,156.3,23.8
4823,Silver,04-Apr-17,07-Apr-17,123014952,220200300115,1,84.9,38.65
7145,Gold,04-Apr-17,04-Apr-17,123014522,230100100046,1,134.8,55.1
8921,Silver,04-Apr-17,04-Apr-17,123015530,240200200060,1,184.5,73.85
10318,SILVER,04-Apr-17,04-Apr-17,123014973,230100100028,1,250.9,104.2
13157,Silver,04-Apr-17,04-Apr-17,123015009,220101400051,2,222.2,50.65
14294,Gold,04-Apr-17,06-Apr-17,123014540,220101400366,1,72.1,36
14295,Silver,04-Apr-17,04-Apr-17,123014546,220200100241,3,106.2,17.8
14552,Gold,04-Apr-17,06-Apr-17,123015541,230100600022,1,84.1,42.15
15484,Silver,04-Apr-17,04-Apr-17,123015041,220200300111,3,21.6,3.25
16701,Silver,04-Apr-17,04-Apr-17,123016418,210200700013,2,20.2,3.6
17175,Gold,04-Apr-17,04-Apr-17,123016442,230100300014,1,39.9,16.7
18620,Silver,04-Apr-17,04-Apr-17,123012092,230100100062,1,141.7,61
19440,Silver,04-Apr-17,09-Apr-17,123015491,220200100120,3,197.1,32.95
21648,Silver,04-Apr-17,04-Apr-17,123015067,220101000007,2,47.6,10.65
21706,Silver,04-Apr-17,04-Apr-17,123012154,240400200094,1,254.2,115.6
21836,Gold,04-Apr-17,08-Apr-17,123013090,220200100222,1,109,60.05
23680,Gold,04-Apr-17,04-Apr-17,123012195,240500200004,1,32.5,15.6
25711,Gold,04-Apr-17,04-Apr-17,123016650,240100400087,2,234.4,58.55
26806,Gold,04-Apr-17,07-Apr-17,123013823,210201000028,1,53.7,24.5
26867,Gold,04-Apr-17,04-Apr-17,123014644,220200100139,1,57.3,28.75
27331,Silver,04-Apr-17,05-Apr-17,123014651,220200100021,1,150.3,75.25
27624,SILVER,04-Apr-17,09-Apr-17,123014659,220100100096,2,127.8,32.05
27864,Gold,04-Apr-17,05-Apr-17,123016736,240700400011,2,36,8.2
28012,Silver,04-Apr-17,04-Apr-17,123015559,220200100241,4,141.6,17.8
28712,GOLD,04-Apr-17,04-Apr-17,123015104,230100600031,1,88.5,42.45
29426,Silver,04-Apr-17,06-Apr-17,123016754,240500200072,1,47,22.4
29704,Silver,04-Apr-17,05-Apr-17,123012320,230100600028,3,290.1,48.45
29868,Gold,04-Apr-17,04-Apr-17,123016759,240500200057,3,94.5,14.7
34323,GOLD,04-Apr-17,04-Apr-17,123016862,240100400057,2,435,161.2
36519,Gold,04-Apr-17,04-Apr-17,123012417,240800200020,1,163.4,74.3
36874,Silver,04-Apr-17,04-Apr-17,123015577,220200100145,3,333.9,55.75
37751,Gold,04-Apr-17,04-Apr-17,123013151,240500100032,3,164.7,24.35
39257,Silver,04-Apr-17,06-Apr-17,123014754,220101400273,1,47,21.45
40865,GOLD,04-Apr-17,04-Apr-17,123017086,220101400046,1,42.2,18.35
40947,Gold,04-Apr-17,09-Apr-17,123012531,230100500056,1,8,3.5
42207,SILVER,04-Apr-17,04-Apr-17,123012551,220101400124,1,138.1,61.4
45582,Silver,04-Apr-17,07-Apr-17,123017165,240800200008,1,150.25,60.1
46616,Gold,04-Apr-17,08-Apr-17,123013975,210200100009,2,69.4,15.5
49032,Silver,04-Apr-17,08-Apr-17,123017242,240100400076,2,224.6,68.6
50776,Gold,04-Apr-17,04-Apr-17,123014787,210200300056,1,36.8,18.5
51023,GOLD,04-Apr-17,04-Apr-17,123014023,220100100265,1,44.7,22.45
51340,Gold,04-Apr-17,04-Apr-17,123013194,240100200003,1,32.4,13.65
52318,Gold,04-Apr-17,04-Apr-17,123017406,240500100036,1,50.5,22.4
52419,SILVER,04-Apr-17,04-Apr-17,123014795,240400300035,2,38.2,7.7
52936,Silver,04-Apr-17,06-Apr-17,123011440,240100100273,1,16.9,7.6
53571,Gold,04-Apr-17,07-Apr-17,123017418,240100400062,2,226.4,54
53960,GOLD,04-Apr-17,05-Apr-17,123011447,240100100392,1,133.3,59.95
54495,Silver,04-Apr-17,04-Apr-17,123012678,210201000117,1,45.8,20.9
56334,GOLD,04-Apr-17,04-Apr-17,123014845,220200100153,4,192.8,24.2
57623,SILVER,04-Apr-17,04-Apr-17,123014065,240100100690,1,201.5,86.1
57623,Gold,04-Apr-17,04-Apr-17,123014055,240500100039,3,103.5,15.4
57686,Gold,04-Apr-17,09-Apr-17,123014066,210200900048,1,36.4,17.7
57725,Silver,04-Apr-17,04-Apr-17,123013211,220200200018,1,66.4,30.25
57727,GOLD,04-Apr-17,05-Apr-17,123012747,230100600018,3,192.6,32.2
57775,GOLD,04-Apr-17,04-Apr-17,123015239,220100800066,1,46.2,22
57980,SILVER,04-Apr-17,04-Apr-17,123017541,210200900033,1,14.1,6.4
58440,Silver,04-Apr-17,06-Apr-17,123012898,240500100008,1,65.7,29.9
59341,Gold,04-Apr-17,04-Apr-17,123017602,240500100039,1,34.5,15.4
59664,Silver,04-Apr-17,07-Apr-17,123017608,220200300062,1,104.7,47.65
59729,Silver,04-Apr-17,04-Apr-17,123013221,240600100103,2,84,17.45
61959,Silver,04-Apr-17,04-Apr-17,123017659,220200300101,3,391.2,58.05
62364,GOLD,04-Apr-17,04-Apr-17,123014093,220100100262,3,186.9,31.25
62794,GOLD,04-Apr-17,07-Apr-17,123017740,240100400089,4,399.2,48.7
62847,Silver,04-Apr-17,04-Apr-17,123014901,240100200005,1,32.4,13.65
63321,Silver,04-Apr-17,08-Apr-17,123017691,240600100138,1,26.7,12.65
63414,Silver,04-Apr-17,06-Apr-17,123012807,240400300026,3,278.1,40.3
63484,Gold,04-Apr-17,04-Apr-17,123011498,230100600041,1,67.5,32.15
63783,Silver,04-Apr-17,09-Apr-17,123017699,240100100365,1,191.6,87.4
65600,Gold,04-Apr-17,04-Apr-17,123012837,220200300161,1,22.6,9.65
70024,Gold,04-Apr-17,07-Apr-17,123011503,220100700038,1,100.2,47.75
70748,Gold,04-Apr-17,04-Apr-17,123014146,240100100482,1,8.8,3.4
71340,Silver,04-Apr-17,08-Apr-17,123014166,210201000151,2,47.8,10.7
71361,Gold,04-Apr-17,08-Apr-17,123015614,220101400313,1,96.7,44
73927,SILVER,04-Apr-17,05-Apr-17,123013336,240600100068,1,52.1,21.55
74241,Silver,04-Apr-17,04-Apr-17,123012913,210201000019,1,69.6,31.7
76312,Silver,04-Apr-17,04-Apr-17,123013387,210200600116,1,36.3,15.2
78833,Silver,04-Apr-17,04-Apr-17,123012946,240200200025,1,17.6,1.75
79061,GOLD,04-Apr-17,04-Apr-17,123014237,240100400021,4,366.4,45.75
84000,Silver,04-Apr-17,13-Apr-17,123013502,220200200068,1,100.9,43.9
85704,Gold,04-Apr-17,22-Apr-17,123015693,220101400119,1,34.4,15.75
85905,Silver,04-Apr-17,04-Apr-17,123013573,220101400138,1,46.7,23.45
86259,GOLD,04-Apr-17,04-Apr-17,123011741,230100700002,1,220,135
87663,Silver,04-Apr-17,09-Apr-17,123013616,220200100038,3,319.8,53.4
89547,Gold,04-Apr-17,04-Apr-17,123015417,220200100145,1,111.3,55.75
89752,Silver,04-Apr-17,14-Apr-17,123014361,240100100498,2,18,3.5
89821,Silver,04-Apr-17,05-Apr-17,123014371,240100100380,1,9.2,4.3
91711,Gold,04-Apr-17,10-Apr-17,123013701,240700300004,1,17,8.1
91730,GOLD,04-Apr-17,04-Apr-17,123011801,230100600031,1,88.5,42.45
91916,Gold,04-Apr-17,08-Apr-17,123015435,240300200034,1,48.7,22.1
93248,Gold,04-Apr-17,04-Apr-17,123014434,220100500003,1,97.7,43.05
4507,Silver,05-Apr-17,07-Apr-17,123019944,240100400110,2,465.2,116.25
8971,Silver,05-Apr-17,05-Apr-17,123019201,230100600013,1,71.7,35.95
10647,Silver,05-Apr-17,05-Apr-17,123018633,240400200022,1,93.4,38.95
13747,Gold,05-Apr-17,05-Apr-17,123020148,240100100264,1,23.8,10.6
14614,Silver,05-Apr-17,07-Apr-17,123020158,230100500034,4,58.4,5.9
18340,GOLD,05-Apr-17,05-Apr-17,123020270,210200300075,1,37.2,18.7
18636,GOLD,05-Apr-17,05-Apr-17,123020275,230100500081,1,73,30.35
23713,Gold,05-Apr-17,05-Apr-17,123019294,220100700034,1,80.5,38.3
30805,Silver,05-Apr-17,05-Apr-17,123020519,240700200007,3,15.3,2.2
37659,Silver,05-Apr-17,05-Apr-17,123020579,240800100063,1,277.5,116.6
39599,Gold,05-Apr-17,05-Apr-17,123018761,240100100707,1,95,39.4
41940,SILVER,05-Apr-17,05-Apr-17,123020691,230100600041,1,67.5,32.15
43076,Gold,05-Apr-17,05-Apr-17,123018763,220200100142,1,105.4,52.8
43768,Silver,05-Apr-17,08-Apr-17,123020714,240100400022,2,374.6,87.35
44248,Silver,05-Apr-17,05-Apr-17,123020736,230100500013,1,9.4,4.75
44803,Gold,05-Apr-17,05-Apr-17,123020772,240400300039,3,58.8,7.9
44921,Gold,05-Apr-17,09-Apr-17,123019666,230100600023,1,73.4,36.8
45046,SILVER,05-Apr-17,05-Apr-17,123018775,240700400018,2,46,10.2
45326,Silver,05-Apr-17,05-Apr-17,123020791,210201000130,1,29.6,13.2
45531,GOLD,05-Apr-17,05-Apr-17,123020802,230100600028,1,96.7,48.45
51193,GOLD,05-Apr-17,05-Apr-17,123020923,220200300161,1,22.6,9.65
51631,Silver,05-Apr-17,13-Apr-17,123018819,230100700008,1,494.4,241
55664,Gold,05-Apr-17,05-Apr-17,123020989,210201000006,2,46.8,10.5
57608,Gold,05-Apr-17,05-Apr-17,123018282,240100200006,1,29.1,12.3
58649,Silver,05-Apr-17,09-Apr-17,123021049,240100100439,1,138.1,69
59441,Silver,05-Apr-17,07-Apr-17,123021091,230100500056,1,8,3.5
60378,Silver,05-Apr-17,05-Apr-17,123021112,220101400091,1,32.8,15
64118,SILVER,05-Apr-17,05-Apr-17,123021246,240500200080,1,55.5,23.1
64152,Gold,05-Apr-17,05-Apr-17,123021252,230100500012,1,73.9,33.25
64611,GOLD,05-Apr-17,05-Apr-17,123021286,240100400037,6,1386,113.65
71118,Gold,05-Apr-17,05-Apr-17,123019425,220101400233,1,61.3,27.9
73288,Silver,05-Apr-17,05-Apr-17,123019448,220100400024,2,182.2,43.9
73868,Silver,05-Apr-17,05-Apr-17,123019461,220101400007,2,84.8,19.35
74569,Silver,05-Apr-17,09-Apr-17,123018915,240100100553,1,67.3,29
74679,Silver,05-Apr-17,07-Apr-17,123018916,220200200014,1,90,40.9
75061,SILVER,05-Apr-17,05-Apr-17,123019713,240400100015,1,93.2,43.2
76097,Gold,05-Apr-17,10-Apr-17,123017931,220101400203,1,38.5,17.15
77122,SILVER,05-Apr-17,05-Apr-17,123019736,220100700046,1,137.4,65.5
77528,Gold,05-Apr-17,05-Apr-17,123019483,220101400204,1,19.1,8.75
77610,Gold,05-Apr-17,08-Apr-17,123018090,240200100036,1,14.7,5.7
80255,Gold,05-Apr-17,05-Apr-17,123018966,220100100261,1,39.1,19.65
80614,SILVER,05-Apr-17,05-Apr-17,123018985,240200100152,1,293.9,168.05
80953,Silver,05-Apr-17,05-Apr-17,123017992,240700400028,1,38.1,19.75
84079,Silver,05-Apr-17,05-Apr-17,123018451,240100300004,2,45.8,9.1
84484,Silver,05-Apr-17,05-Apr-17,123019537,240700400003,2,24.8,5.6
86484,SILVER,05-Apr-17,09-Apr-17,123019080,240100100085,1,1.9,0.85
87292,Silver,05-Apr-17,05-Apr-17,123019093,220100100351,1,62.9,31.55
87503,Silver,05-Apr-17,05-Apr-17,123019569,220101400289,1,60.2,27.4
87702,Gold,05-Apr-17,05-Apr-17,123019578,220100800096,1,70.6,33.65
87815,Platinum,05-Apr-17,19-Apr-17,123019108,220100100022,1,26.9,13.55
88155,Silver,05-Apr-17,09-Apr-17,123018518,230100500007,3,21,3.35
88877,Gold,05-Apr-17,05-Apr-17,123018540,240100100282,1,33.4,15.9
91318,Gold,05-Apr-17,05-Apr-17,123018043,230100700002,1,220,135
92029,Silver,05-Apr-17,05-Apr-17,123019840,220100900014,2,57,11.9
1457,Gold,06-Apr-17,06-Apr-17,123021902,220200300014,1,84.2,38.35
1791,SILVER,06-Apr-17,06-Apr-17,123024108,220200200039,3,286.5,43.55
2992,Gold,06-Apr-17,11-Apr-17,123024850,230100600023,3,220.2,36.8
3345,Gold,06-Apr-17,06-Apr-17,123021364,230100500061,1,18.3,8.05
4905,Gold,06-Apr-17,08-Apr-17,123021373,240100100107,1,334.4,152.5
5836,Silver,06-Apr-17,09-Apr-17,123021919,220200100097,1,89.8,45
8677,GOLD,06-Apr-17,06-Apr-17,123024175,240500200098,3,132,20.95
9574,Gold,06-Apr-17,11-Apr-17,123023618,210200900040,2,72.2,16.3
10876,Silver,06-Apr-17,06-Apr-17,123025447,220100100608,1,45,22.6
10892,SILVER,06-Apr-17,08-Apr-17,123022060,230100700002,1,220,135
12365,Silver,06-Apr-17,06-Apr-17,123025483,220101400205,1,24.7,11.1
13084,Silver,06-Apr-17,06-Apr-17,123024217,220200100098,3,362.1,66.5
13156,Gold,06-Apr-17,06-Apr-17,123022105,220101400274,1,49.5,22.6
14000,GOLD,06-Apr-17,06-Apr-17,123025527,220200300164,1,82,37.45
14086,SILVER,06-Apr-17,11-Apr-17,123024218,220100100304,1,61.3,30.75
15366,Silver,06-Apr-17,07-Apr-17,123025548,230100500021,3,279.6,40.7
16208,Silver,06-Apr-17,09-Apr-17,123024231,220100900007,1,18.3,7.4
18183,Silver,06-Apr-17,06-Apr-17,123021421,240100100403,1,168.7,76.55
20375,Gold,06-Apr-17,09-Apr-17,123025716,240100100641,1,233.2,99.15
20640,Silver,06-Apr-17,10-Apr-17,123025725,240100400046,4,1313.2,165.95
22134,Gold,06-Apr-17,10-Apr-17,123024962,220200300107,3,249,37
24143,GOLD,06-Apr-17,06-Apr-17,123023654,220100100635,1,86.4,43.3
24225,GOLD,06-Apr-17,06-Apr-17,123025847,220100100516,1,40.2,20.2
27198,Gold,06-Apr-17,06-Apr-17,123025885,220100100468,1,90.2,45.05
27882,Gold,06-Apr-17,07-Apr-17,123025891,240700400022,3,98.1,14.45
27907,Silver,06-Apr-17,07-Apr-17,123025895,240700400030,2,43.4,9.45
28345,SILVER,06-Apr-17,06-Apr-17,123025924,240500200100,3,68.1,10.85
30959,GOLD,06-Apr-17,06-Apr-17,123022255,240600100089,1,22,9.1
31952,Gold,06-Apr-17,06-Apr-17,123024966,240700400007,2,36.6,8.1
33074,Gold,06-Apr-17,06-Apr-17,123022303,240800100067,1,273.5,116.6
33350,Silver,06-Apr-17,06-Apr-17,123021505,240100400087,1,117.2,58.55
37794,GOLD,06-Apr-17,06-Apr-17,123026084,210200700016,2,47,9.2
38202,GOLD,06-Apr-17,06-Apr-17,123024303,220100400018,1,91,40.25
38315,Gold,06-Apr-17,11-Apr-17,123025242,230100600016,1,77,38.6
38581,Gold,06-Apr-17,12-Apr-17,123026088,240500200093,1,40.9,19.45
40010,Gold,06-Apr-17,06-Apr-17,123024984,230100100018,1,156.1,66.1
41332,Gold,06-Apr-17,09-Apr-17,123024511,240200100245,1,10.6,5.35
43158,Gold,06-Apr-17,06-Apr-17,123021524,240500100054,1,70.5,28.25
43532,Gold,06-Apr-17,06-Apr-17,123022977,240100400059,4,683.2,128.3
44674,Gold,06-Apr-17,12-Apr-17,123025001,220200100194,3,367.8,61.4
45612,Silver,06-Apr-17,08-Apr-17,123022432,230100600028,1,96.7,48.45
45612,Silver,06-Apr-17,08-Apr-17,123022436,230100700002,3,660,135
46936,Gold,06-Apr-17,10-Apr-17,123023007,240200100182,2,221.8,55.55
47538,Silver,06-Apr-17,06-Apr-17,123023017,210200900039,2,33.8,7.75
48595,Gold,06-Apr-17,06-Apr-17,123024349,240700400032,2,61.6,6.75
48885,Gold,06-Apr-17,09-Apr-17,123024545,230100700002,1,220,135
49155,Silver,06-Apr-17,06-Apr-17,123025012,240500100031,1,57.3,25.45
50786,Silver,06-Apr-17,11-Apr-17,123021586,220101300006,1,27.3,12.25
51490,Gold,06-Apr-17,06-Apr-17,123022482,220101300019,1,55.2,22.15
53718,SILVER,06-Apr-17,06-Apr-17,123026441,220101400376,2,96.6,24.1
55074,Gold,06-Apr-17,06-Apr-17,123023052,240100300001,2,71,17.9
56231,Gold,06-Apr-17,06-Apr-17,123024367,220200300116,1,84.2,38.35
56389,Gold,06-Apr-17,06-Apr-17,123026491,220200100145,3,333.9,55.75
56451,Gold,06-Apr-17,07-Apr-17,123026493,220101200025,1,26.3,11.4
57052,Gold,06-Apr-17,06-Apr-17,123021592,240100100061,1,12.9,6.35
58382,Gold,06-Apr-17,10-Apr-17,123026571,230100600031,1,88.5,42.45
58999,SILVER,06-Apr-17,09-Apr-17,123026581,240100400128,4,769.6,89.9
59477,Gold,06-Apr-17,06-Apr-17,123022566,240800100031,1,201.8,91.5
60605,GOLD,06-Apr-17,06-Apr-17,123023787,220101400204,3,57.3,8.75
61768,Gold,06-Apr-17,06-Apr-17,123021607,240100400059,1,170.8,128.3
63045,Silver,06-Apr-17,06-Apr-17,123024388,220200200015,1,105.1,47.75
63743,Gold,06-Apr-17,06-Apr-17,123022620,220101400046,1,42.2,18.35
65770,SILVER,06-Apr-17,10-Apr-17,123023802,240100400089,4,399.2,48.7
70084,GOLD,06-Apr-17,06-Apr-17,123023099,240500100044,3,213.6,28.5
71944,Silver,06-Apr-17,06-Apr-17,123025073,220100200022,1,23.9,9.55
75466,GOLD,06-Apr-17,06-Apr-17,123023245,220200100081,1,114.7,57.45
75711,Silver,06-Apr-17,06-Apr-17,123021686,220100100599,2,92.8,23.3
77385,Gold,06-Apr-17,06-Apr-17,123024696,230100200004,3,299.7,50.05
77961,Gold,06-Apr-17,06-Apr-17,123023880,220100700038,1,100.2,47.75
81271,Silver,06-Apr-17,06-Apr-17,123023904,240100300006,2,103,22.8
82925,Silver,06-Apr-17,09-Apr-17,123023420,240200100243,2,34,7.95
83723,Gold,06-Apr-17,08-Apr-17,123023441,240200100137,1,9,4.45
84224,Silver,06-Apr-17,12-Apr-17,123021750,240100100078,1,14.5,6.2
85735,Gold,06-Apr-17,06-Apr-17,123023928,240700400008,2,55.8,12.1
85868,Gold,06-Apr-17,06-Apr-17,123023931,230100400025,1,16.8,6.5
87049,SILVER,06-Apr-17,06-Apr-17,123024785,220200100198,1,101.6,50.9
87123,Silver,06-Apr-17,06-Apr-17,123023483,240100100367,1,65.3,29.8
87185,Silver,06-Apr-17,06-Apr-17,123023980,240100400100,2,309.2,116.6
87990,Silver,06-Apr-17,06-Apr-17,123023485,240100100632,1,24.4,17.5
89710,Silver,06-Apr-17,06-Apr-17,123024006,230100300018,1,67.1,27.6
90703,Silver,06-Apr-17,10-Apr-17,123021875,240200100109,2,267.8,68.45
91524,Silver,06-Apr-17,06-Apr-17,123021838,240100400046,1,328.3,165.95
93541,GOLD,06-Apr-17,08-Apr-17,123023559,240600100028,1,18.6,7.5
93843,SILVER,06-Apr-17,16-Apr-17,123023562,210200600114,2,162.2,34.55
305,Gold,07-Apr-17,07-Apr-17,123030813,240100400089,2,199.6,48.7
1020,Silver,07-Apr-17,07-Apr-17,123030820,230100500072,1,26.1,11.9
1656,SILVER,07-Apr-17,07-Apr-17,123028155,220200100060,1,55.4,29.35
5009,Silver,07-Apr-17,17-Apr-17,123029560,240100100053,1,22.8,11.45
5481,Silver,07-Apr-17,07-Apr-17,123027392,230100500056,1,8,3.5
5833,Silver,07-Apr-17,09-Apr-17,123029850,220200300102,4,546.4,62.25
6880,Silver,07-Apr-17,07-Apr-17,123029579,240200100183,1,95.7,47.95
6894,Silver,07-Apr-17,10-Apr-17,123027397,230100600008,1,131.2,64.25
7017,Silver,07-Apr-17,08-Apr-17,123029580,220101400413,2,38.6,9.6
8912,Gold,07-Apr-17,07-Apr-17,123026767,230100200049,1,107.2,48.9
9416,Gold,07-Apr-17,07-Apr-17,123029861,230100100043,1,82,32.9
10453,Gold,07-Apr-17,09-Apr-17,123028935,240100100423,3,73.8,8.55
10489,Silver,07-Apr-17,07-Apr-17,123031049,230100200043,1,56.7,27.25
11641,SILVER,07-Apr-17,11-Apr-17,123027444,230100600023,3,220.2,36.8
11690,Silver,07-Apr-17,11-Apr-17,123027450,230100500091,1,191,80.45
12112,Silver,07-Apr-17,07-Apr-17,123031094,220100100270,2,155.8,39.05
15828,Silver,07-Apr-17,10-Apr-17,123031151,220200100145,1,111.3,55.75
15953,Gold,07-Apr-17,10-Apr-17,123031158,240400200023,1,131.7,55
16067,Gold,07-Apr-17,10-Apr-17,123031162,220200300078,3,156.3,23.8
17093,GOLD,07-Apr-17,07-Apr-17,123027527,230100200066,1,12.9,5.45
17340,SILVER,07-Apr-17,07-Apr-17,123027530,220200200041,1,112.6,51.3
17629,Gold,07-Apr-17,07-Apr-17,123028237,240200100185,1,100.8,50.5
19841,Silver,07-Apr-17,07-Apr-17,123031218,220100800031,1,54.4,25.95
25461,Silver,07-Apr-17,07-Apr-17,123029923,220200300107,1,83,37
26513,Gold,07-Apr-17,07-Apr-17,123031353,240800100025,1,249,113.55
26668,Silver,07-Apr-17,10-Apr-17,123027626,220200200039,1,95.5,43.55
26866,Silver,07-Apr-17,10-Apr-17,123030467,220200200085,1,41.4,18
26967,Silver,07-Apr-17,07-Apr-17,123029663,220200300081,1,59.4,26.45
29873,SILVER,07-Apr-17,07-Apr-17,123027652,240800200010,1,115.8,46.25
29918,Silver,07-Apr-17,12-Apr-17,123031464,240100400067,2,263.6,62.7
31224,SILVER,07-Apr-17,09-Apr-17,123031515,240100400085,2,129,30.95
31466,Silver,07-Apr-17,11-Apr-17,123031539,240800200021,1,89.7,38.9
31834,Silver,07-Apr-17,13-Apr-17,123027674,230100500082,1,126.1,58.6
31993,GOLD,07-Apr-17,09-Apr-17,123030482,240700400018,2,46,10.2
33603,Gold,07-Apr-17,08-Apr-17,123027701,230100500082,3,378.3,58.6
33857,SILVER,07-Apr-17,11-Apr-17,123027708,230100700004,1,360,199
33896,Silver,07-Apr-17,07-Apr-17,123031579,220100100581,1,38.7,19.45
34866,Silver,07-Apr-17,07-Apr-17,123028302,210200300122,2,49.6,12.5
35194,Silver,07-Apr-17,11-Apr-17,123031585,240700400031,3,162,27.1
36573,Silver,07-Apr-17,07-Apr-17,123027740,230100600028,3,290.1,48.45
36634,Gold,07-Apr-17,07-Apr-17,123027754,240100400066,2,476.6,116.2
37854,Gold,07-Apr-17,07-Apr-17,123029724,240100100261,1,53,22.05
38590,Silver,07-Apr-17,07-Apr-17,123031688,230100600028,3,290.1,48.45
38879,Silver,07-Apr-17,11-Apr-17,123031709,240100400048,2,585.4,144.65
38886,Silver,07-Apr-17,10-Apr-17,123029729,220100100272,1,22.8,11.5
39762,Gold,07-Apr-17,09-Apr-17,123027284,240200200053,1,65.7,26.35
41433,Gold,07-Apr-17,07-Apr-17,123029111,240100100613,1,19.9,8.5
41771,GOLD,07-Apr-17,07-Apr-17,123027819,220200300161,1,22.6,9.65
42109,Gold,07-Apr-17,11-Apr-17,123026879,240100100169,1,40.5,18.35
42700,Silver,07-Apr-17,07-Apr-17,123031877,220200200071,1,95.4,41.45
42911,Gold,07-Apr-17,08-Apr-17,123030565,220200300015,1,115,52.4
47534,Gold,07-Apr-17,07-Apr-17,123029141,240700400031,2,108,27.1
48782,Gold,07-Apr-17,11-Apr-17,123032025,240100400062,2,226.4,54
48977,Gold,07-Apr-17,12-Apr-17,123032026,240100100029,1,109.6,47.35
50886,Silver,07-Apr-17,07-Apr-17,123029785,210201000197,1,41.7,18.55
52861,GOLD,07-Apr-17,07-Apr-17,123027867,230100700011,1,252,103.95
53104,Silver,07-Apr-17,10-Apr-17,123032123,240800100043,2,805.6,171.25
53696,SILVER,07-Apr-17,07-Apr-17,123030024,220101400051,3,333.3,50.65
54304,Silver,07-Apr-17,07-Apr-17,123028427,240600100080,3,84.9,8.55
55297,Silver,07-Apr-17,12-Apr-17,123028444,240600100196,2,115.6,25.5
57306,Gold,07-Apr-17,07-Apr-17,123032229,220101400051,1,111.1,50.65
61170,Gold,07-Apr-17,08-Apr-17,123030796,230100600016,3,231,38.6
61692,Silver,07-Apr-17,20-Apr-17,123032325,210201000130,2,59.2,13.2
62773,GOLD,07-Apr-17,07-Apr-17,123029827,220200300082,1,71,32.3
64333,Silver,07-Apr-17,07-Apr-17,123032385,220100100356,2,70.4,17.7
65000,GOLD,07-Apr-17,10-Apr-17,123032392,220200100046,1,115.8,58
70959,Silver,07-Apr-17,07-Apr-17,123029224,210200600101,2,41,8.55
73808,Gold,07-Apr-17,07-Apr-17,123029242,220200100156,1,112.7,56.45
75061,Silver,07-Apr-17,07-Apr-17,123030662,220200300157,3,220.2,36.65
75945,Silver,07-Apr-17,07-Apr-17,123030197,220200100222,1,109,60.05
77070,Silver,07-Apr-17,07-Apr-17,123027079,240100100736,1,69.1,29.8
79382,SILVER,07-Apr-17,07-Apr-17,123029328,220100100019,2,55.4,13.95
79889,Gold,07-Apr-17,07-Apr-17,123027133,240100100731,1,63.5,27.4
80854,Silver,07-Apr-17,09-Apr-17,123030806,230100500091,3,573,80.45
80859,Silver,07-Apr-17,11-Apr-17,123027140,210200300091,1,13.3,6.7
85664,Silver,07-Apr-17,07-Apr-17,123030282,220101400233,1,61.3,27.9
88575,Silver,07-Apr-17,10-Apr-17,123029449,210201000013,1,51.7,25.95
88692,Gold,07-Apr-17,07-Apr-17,123030741,210201100001,1,32,14
89030,GOLD,07-Apr-17,10-Apr-17,123027277,240200100035,2,24,4.45
90050,SILVER,07-Apr-17,07-Apr-17,123030355,220100100556,2,94,23.6
90328,Gold,07-Apr-17,10-Apr-17,123028149,240500100039,3,103.5,15.4
90824,Silver,07-Apr-17,07-Apr-17,123029457,220100100082,1,75.1,37.65
91029,Silver,07-Apr-17,10-Apr-17,123029462,210200100005,2,26,5.75
91866,GOLD,07-Apr-17,13-Apr-17,123028883,240500200025,1,27.8,11.65
91893,Gold,07-Apr-17,07-Apr-17,123030375,230100500096,1,35.5,17.25
93940,Silver,07-Apr-17,07-Apr-17,123029531,220200100077,1,99,49.6
1557,Silver,08-Apr-17,08-Apr-17,123033966,220100900009,2,174.2,34.9
2287,Gold,08-Apr-17,14-Apr-17,123034554,210201000137,1,28.3,12.65
4299,GOLD,08-Apr-17,08-Apr-17,123033039,220200200071,1,95.4,41.45
4878,Gold,08-Apr-17,08-Apr-17,123033057,220100300029,1,189.7,80.9
4878,Silver,08-Apr-17,08-Apr-17,123033050,220100900010,1,92.1,36.9
5784,Gold,08-Apr-17,08-Apr-17,123035225,210201000096,1,22.9,10.45
6574,Gold,08-Apr-17,08-Apr-17,123036391,220100100305,2,114.6,28.75
6882,Silver,08-Apr-17,08-Apr-17,123036400,220200300009,3,156,23.75
7769,SILVER,08-Apr-17,08-Apr-17,123035226,210201000028,2,107.4,24.5
9060,Silver,08-Apr-17,09-Apr-17,123036448,240600100115,1,47.9,20
9381,Silver,08-Apr-17,08-Apr-17,123034592,210200400005,2,97.8,24.55
10001,SILVER,08-Apr-17,08-Apr-17,123033993,230100700008,1,494.4,241
10528,Silver,08-Apr-17,08-Apr-17,123034616,220200200043,1,36.9,18.3
11737,GOLD,08-Apr-17,08-Apr-17,123035239,230100200044,1,70.1,35.15
14514,Gold,08-Apr-17,08-Apr-17,123036597,240100200002,1,15.3,6.05
14805,Gold,08-Apr-17,08-Apr-17,123034011,240600100006,2,17.6,3.55
14862,Silver,08-Apr-17,08-Apr-17,123033159,240100400112,4,456,54.8
14926,Silver,08-Apr-17,11-Apr-17,123035600,240200100154,1,26.6,11.95
16600,Gold,08-Apr-17,08-Apr-17,123034030,220100400022,2,197.8,47.7
17695,SILVER,08-Apr-17,08-Apr-17,123036693,220200300083,1,53,26.6
18066,GOLD,08-Apr-17,08-Apr-17,123036729,210200300014,1,13.1,6.6
20504,Silver,08-Apr-17,08-Apr-17,123036793,210200600075,1,12.4,5.25
23197,Silver,08-Apr-17,08-Apr-17,123035316,210200500006,2,48,11.95
23250,Silver,08-Apr-17,08-Apr-17,123034040,240600100115,1,47.9,20
24822,SILVER,08-Apr-17,08-Apr-17,123035656,230100100018,1,156.1,66.1
25003,Gold,08-Apr-17,12-Apr-17,123034702,210201000086,1,17.1,7.65
25766,GOLD,08-Apr-17,08-Apr-17,123034051,220100700003,2,217.4,53
25803,Silver,08-Apr-17,09-Apr-17,123033305,230100500082,1,126.1,58.6
26910,SILVER,08-Apr-17,09-Apr-17,123033314,230100200055,1,247.6,116
27815,SILVER,08-Apr-17,08-Apr-17,123035668,220200200031,1,47.9,23.45
27880,Gold,08-Apr-17,10-Apr-17,123037001,240800200001,1,169.5,67.8
28113,Gold,08-Apr-17,08-Apr-17,123037018,240300200050,1,35.1,16
28448,Silver,08-Apr-17,08-Apr-17,123034064,210200600042,1,34.1,14.6
29809,Silver,08-Apr-17,09-Apr-17,123034721,210201000198,1,59.6,26.55
29854,GOLD,08-Apr-17,13-Apr-17,123036092,220200300095,1,117,53.3
29993,Silver,08-Apr-17,08-Apr-17,123033338,240800100019,1,32.1,18.7
30648,Gold,08-Apr-17,08-Apr-17,123035383,220200300003,1,33.7,15.45
30775,Gold,08-Apr-17,18-Apr-17,123037131,220100100420,1,13.1,6.6
31069,Silver,08-Apr-17,08-Apr-17,123037134,240200100204,1,109.2,55.85
31479,Gold,08-Apr-17,08-Apr-17,123035389,240700400007,2,36.6,8.1
31796,Silver,08-Apr-17,08-Apr-17,123037139,220101400130,2,33.8,5.7
31998,SILVER,08-Apr-17,11-Apr-17,123033365,230100500056,1,8,3.5
32007,GOLD,08-Apr-17,08-Apr-17,123037167,230100100050,1,51.8,21.95
33641,Gold,08-Apr-17,08-Apr-17,123035722,220200100153,1,48.2,24.2
33698,SILVER,08-Apr-17,13-Apr-17,123037223,240100100251,1,203.9,95.1
34256,Silver,08-Apr-17,13-Apr-17,123035723,220101400101,2,49.2,11.3
34638,SILVER,08-Apr-17,09-Apr-17,123034075,240600100059,2,6.4,1.2
36764,GOLD,08-Apr-17,09-Apr-17,123034781,240100100191,1,13.2,5.45
36908,GOLD,08-Apr-17,08-Apr-17,123033419,240400200088,1,197.4,82.25
37174,Gold,08-Apr-17,14-Apr-17,123037281,220200100201,1,107.4,53.8
38347,Gold,08-Apr-17,09-Apr-17,123037296,240700300004,1,17,8.1
38879,GOLD,08-Apr-17,12-Apr-17,123037309,240500200043,1,46.6,22.2
39219,Gold,08-Apr-17,11-Apr-17,123035726,220200100057,3,377.4,63
39564,Gold,08-Apr-17,08-Apr-17,123033898,230100100015,1,106.9,45.5
41782,GOLD,08-Apr-17,08-Apr-17,123035473,220200300022,1,70.9,31.6
42829,Gold,08-Apr-17,09-Apr-17,123037422,240700400013,2,136.4,35.55
43291,Gold,08-Apr-17,08-Apr-17,123035744,220200300115,1,84.9,38.65
44775,GOLD,08-Apr-17,08-Apr-17,123033501,220100100134,1,45.5,22.85
45603,Gold,08-Apr-17,08-Apr-17,123037497,220100100553,3,105,17.6
45630,Silver,08-Apr-17,14-Apr-17,123037500,230100600022,3,252.3,42.15
46542,Silver,08-Apr-17,08-Apr-17,123037521,240300300057,1,357.6,149.05
47090,Silver,08-Apr-17,12-Apr-17,123037528,230100100059,1,134.4,57.05
48775,Gold,08-Apr-17,12-Apr-17,123037597,230100600022,3,252.3,42.15
49679,Gold,08-Apr-17,08-Apr-17,123037637,240100100550,1,132,56.7
50709,Silver,08-Apr-17,08-Apr-17,123034149,220100700002,1,169.5,80.85
55143,Gold,08-Apr-17,08-Apr-17,123033692,230100500081,4,292,30.35
57266,Gold,08-Apr-17,08-Apr-17,123035543,240200100046,2,36.2,9.15
59577,Platinum,08-Apr-17,22-Apr-17,123035819,220200100173,1,108.9,54.55
60821,Gold,08-Apr-17,08-Apr-17,123034832,220100100356,1,35.2,17.7
61396,Silver,08-Apr-17,14-Apr-17,123033782,220200100230,1,111.7,55.95
61509,Silver,08-Apr-17,12-Apr-17,123033801,230100700008,1,494.4,241
61742,Silver,08-Apr-17,08-Apr-17,123037931,220101200010,1,71.6,28.7
61972,Silver,08-Apr-17,08-Apr-17,123034198,220101100031,1,20.5,9.25
62335,Silver,08-Apr-17,09-Apr-17,123037951,240400200084,1,68.4,28.55
70346,Gold,08-Apr-17,08-Apr-17,123034224,220200100046,1,115.8,58
70715,Silver,08-Apr-17,11-Apr-17,123035851,220200100208,4,375.6,47.05
72372,Gold,08-Apr-17,08-Apr-17,123035886,230100500081,1,73,30.35
73815,Gold,08-Apr-17,08-Apr-17,123034297,240100100154,1,39.1,16.7
74284,Silver,08-Apr-17,12-Apr-17,123035900,220200100224,3,434.7,72.55
75342,GOLD,08-Apr-17,12-Apr-17,123032431,240100100253,1,104.2,50.9
75393,Silver,08-Apr-17,08-Apr-17,123034949,240700400013,2,136.4,35.55
78467,Silver,08-Apr-17,08-Apr-17,123032748,230100600036,1,103.2,50.4
78745,Silver,08-Apr-17,08-Apr-17,123034343,220101500016,1,208.375,83.35
79482,GOLD,08-Apr-17,09-Apr-17,123033007,220101000007,1,23.8,10.65
80521,Silver,08-Apr-17,08-Apr-17,123034360,220200100116,1,180.7,90.45
81245,Silver,08-Apr-17,08-Apr-17,123034380,210200600084,1,34.8,14.9
81802,Silver,08-Apr-17,09-Apr-17,123035024,240100100704,2,124.8,27.5
85735,Gold,08-Apr-17,08-Apr-17,123035102,220100100304,1,61.3,30.75
86303,Gold,08-Apr-17,08-Apr-17,123032859,240100200005,1,32.4,13.65
86364,SILVER,08-Apr-17,08-Apr-17,123034438,220100100134,1,45.5,22.85
87729,Gold,08-Apr-17,13-Apr-17,123036225,220200100090,1,88.6,44.4
88869,Gold,08-Apr-17,08-Apr-17,123036005,220101400215,3,54.6,8.45
89711,Silver,08-Apr-17,13-Apr-17,123032925,220101400324,1,24.6,11.25
89954,SILVER,08-Apr-17,08-Apr-17,123035134,220200100170,1,112.1,56.15
91098,Silver,08-Apr-17,08-Apr-17,123035148,220100400022,1,98.9,47.7
91401,Gold,08-Apr-17,11-Apr-17,123036022,220101200027,1,72.8,31.65
92251,GOLD,08-Apr-17,11-Apr-17,123036034,220100800033,2,77,18.35
93502,Gold,08-Apr-17,08-Apr-17,123034501,240600100013,1,3.4,1.25
93753,Silver,08-Apr-17,12-Apr-17,123034503,240200100170,4,56,5.9
596,Gold,09-Apr-17,09-Apr-17,123040923,210200100001,1,12.8,5.65
868,Silver,09-Apr-17,09-Apr-17,123038016,230100500082,1,126.1,58.6
1110,GOLD,09-Apr-17,11-Apr-17,123038616,230100500056,1,8,3.5
2299,Gold,09-Apr-17,14-Apr-17,123040940,220101100010,1,11.2,4.85
2558,Silver,09-Apr-17,09-Apr-17,123042219,220101400097,2,110.6,25.25
4018,SILVER,09-Apr-17,09-Apr-17,123040189,210201000175,1,39.7,18.1
4293,GOLD,09-Apr-17,09-Apr-17,123042281,210201000028,1,53.7,24.5
4561,GOLD,09-Apr-17,09-Apr-17,123040962,240100200004,1,35.2,14.8
4575,Silver,09-Apr-17,09-Apr-17,123038668,240500200082,4,155.6,16.3
5401,Gold,09-Apr-17,09-Apr-17,123040193,240100100659,1,23.2,9.95
7521,Silver,09-Apr-17,09-Apr-17,123042393,240500100054,1,70.5,28.25
7556,Gold,09-Apr-17,09-Apr-17,123041858,210200900044,1,18.8,7.6
7622,Silver,09-Apr-17,09-Apr-17,123041303,230100600036,1,103.2,50.4
9515,Gold,09-Apr-17,09-Apr-17,123042428,240800100088,1,191.8,76.8
9850,Silver,09-Apr-17,09-Apr-17,123042479,220200200014,3,270,40.9
10539,GOLD,09-Apr-17,12-Apr-17,123042482,220100100106,1,93.1,46.65
10879,Gold,09-Apr-17,12-Apr-17,123038777,230100200073,1,46.9,20.2
11737,Silver,09-Apr-17,09-Apr-17,123041002,240100200004,1,35.2,14.8
12364,Gold,09-Apr-17,09-Apr-17,123038798,220200300070,1,100.2,45.6
12965,Gold,09-Apr-17,13-Apr-17,123042586,240800100067,1,273.5,116.6
13083,Gold,09-Apr-17,09-Apr-17,123041338,220200300022,3,212.7,31.6
13257,Silver,09-Apr-17,13-Apr-17,123040230,210200300092,2,101.4,25.45
18351,Silver,09-Apr-17,09-Apr-17,123042720,220100700027,1,57.9,29.05
18425,Silver,09-Apr-17,09-Apr-17,123039660,220200100092,1,83,41.6
21101,Gold,09-Apr-17,09-Apr-17,123041377,240700400018,3,69,10.2
21147,GOLD,09-Apr-17,09-Apr-17,123041908,230100400028,1,13.9,5.45
21540,Silver,09-Apr-17,09-Apr-17,123042788,240400300013,3,149.7,20.8
22571,Gold,09-Apr-17,09-Apr-17,123038902,220100900027,1,49.9,20
22922,Silver,09-Apr-17,18-Apr-17,123041057,220100800099,2,85.6,20.4
23216,Silver,09-Apr-17,12-Apr-17,123042841,230100600031,1,88.5,42.45
23894,Silver,09-Apr-17,13-Apr-17,123038164,220100100528,1,35,17.6
23972,Gold,09-Apr-17,09-Apr-17,123038930,240800200018,1,39.4,16.35
24429,GOLD,09-Apr-17,09-Apr-17,123038963,220100700027,2,115.8,29.05
24580,Silver,09-Apr-17,10-Apr-17,123038170,220101400278,1,3.6,1.7
24599,Silver,09-Apr-17,14-Apr-17,123039672,240300100029,1,257.5,161.4
25028,Gold,09-Apr-17,09-Apr-17,123042866,240400300035,3,57.3,7.7
26332,Gold,09-Apr-17,14-Apr-17,123038990,240400300019,3,156.3,22.75
27881,Silver,09-Apr-17,09-Apr-17,123041080,220200300161,1,22.6,9.65
28870,Gold,09-Apr-17,09-Apr-17,123042988,230100600006,3,42,6.5
31131,Silver,09-Apr-17,09-Apr-17,123041395,240200100169,1,17.4,8.1
34181,Gold,09-Apr-17,09-Apr-17,123041400,220100300012,1,11.4,5.6
34801,Gold,09-Apr-17,09-Apr-17,123039686,240100400089,2,199.6,48.7
35248,Gold,09-Apr-17,09-Apr-17,123043157,220100700022,1,51.7,21.9
35460,Gold,09-Apr-17,09-Apr-17,123041953,240500200092,1,32.7,15.7
36183,Silver,09-Apr-17,09-Apr-17,123039493,230100100005,1,156.9,66.75
36289,Silver,09-Apr-17,09-Apr-17,123039138,240500200009,3,42.3,5.95
37420,Gold,09-Apr-17,09-Apr-17,123039155,240400300021,3,216,32.65
37452,SILVER,09-Apr-17,09-Apr-17,123041956,210200100001,1,12.8,5.65
39194,SILVER,09-Apr-17,09-Apr-17,123043262,220100100197,1,101.3,50.75
40115,Silver,09-Apr-17,09-Apr-17,123043304,220100100490,2,107.2,26.9
45358,Gold,09-Apr-17,09-Apr-17,123043460,220200300002,3,112.5,17.05
45585,Silver,09-Apr-17,09-Apr-17,123039782,210201000083,1,23,10.55
46284,Gold,09-Apr-17,14-Apr-17,123043473,240500200148,1,139.1,59.2
47831,Gold,09-Apr-17,09-Apr-17,123040467,220100400030,1,156.5,78.35
47927,Silver,09-Apr-17,09-Apr-17,123043519,220100100302,1,59.5,29.85
48186,Silver,09-Apr-17,09-Apr-17,123039796,220200100197,1,138.5,69.35
48360,Gold,09-Apr-17,13-Apr-17,123039256,230100100012,1,179.3,82
48559,Gold,09-Apr-17,09-Apr-17,123043576,210200600116,1,36.3,15.2
49119,SILVER,09-Apr-17,13-Apr-17,123043608,240700400034,2,26.4,5.95
52832,Silver,09-Apr-17,09-Apr-17,123039300,220101000002,3,53.1,8
52978,GOLD,09-Apr-17,09-Apr-17,123039310,220100800036,2,83.6,19.9
53705,Silver,09-Apr-17,09-Apr-17,123039315,220200100236,1,68.2,34.2
55524,Silver,09-Apr-17,09-Apr-17,123043825,240700200010,3,77.1,9.85
55979,Silver,09-Apr-17,09-Apr-17,123041965,220200200045,1,113,51.45
57775,Silver,09-Apr-17,09-Apr-17,123041487,220200200054,1,195.7,97.95
58074,Gold,09-Apr-17,09-Apr-17,123039379,240400300035,2,38.2,7.7
58175,GOLD,09-Apr-17,09-Apr-17,123039385,240100200014,1,55.4,22.8
58211,Gold,09-Apr-17,09-Apr-17,123043901,240300200024,1,71.1,32.3
58444,Silver,09-Apr-17,09-Apr-17,123039839,210201000199,2,82.8,18.85
58707,SILVER,09-Apr-17,09-Apr-17,123039848,210200100012,2,35.6,8.4
62918,Silver,09-Apr-17,11-Apr-17,123039865,210200900049,1,39.7,17.95
65411,Gold,09-Apr-17,12-Apr-17,123041985,230100600016,1,77,38.6
70287,SILVER,09-Apr-17,09-Apr-17,123041531,220100400004,2,201.8,50.55
70779,SILVER,09-Apr-17,14-Apr-17,123042086,230100600030,3,258.9,41.4
70974,Gold,09-Apr-17,09-Apr-17,123040553,210200600018,2,77.6,18.05
71605,Silver,09-Apr-17,09-Apr-17,123039917,220100400006,1,113.9,57.05
71912,Silver,09-Apr-17,15-Apr-17,123038602,220100300004,2,100.8,20.2
72159,Gold,09-Apr-17,09-Apr-17,123040601,220101400326,1,31.9,14.6
72592,Gold,09-Apr-17,13-Apr-17,123040605,240100400079,2,460.6,102.45
73407,Silver,09-Apr-17,09-Apr-17,123039536,220100700042,3,249.6,35.3
75527,Silver,09-Apr-17,11-Apr-17,123038377,210200600116,1,36.3,15.2
75906,Silver,09-Apr-17,12-Apr-17,123039948,240200100021,1,2.7,1.2
76408,Gold,09-Apr-17,09-Apr-17,123039546,240600100106,1,51.2,21.3
76438,Silver,09-Apr-17,09-Apr-17,123041640,220100100044,1,102.1,48.65
76875,Silver,09-Apr-17,09-Apr-17,123039984,240100400048,2,585.4,144.65
77184,Silver,09-Apr-17,09-Apr-17,123038394,220101400191,1,17.1,7.9
78917,Gold,09-Apr-17,14-Apr-17,123041645,220200100034,3,168.9,28.25
80148,Gold,09-Apr-17,09-Apr-17,123041668,240400300010,3,138.6,19.2
80321,Silver,09-Apr-17,09-Apr-17,123041673,220200100098,3,362.1,66.5
80830,Gold,09-Apr-17,09-Apr-17,123040733,240200100207,1,102.9,50.85
81851,Silver,09-Apr-17,09-Apr-17,123040048,240600100117,1,41.9,17.4
81895,Silver,09-Apr-17,09-Apr-17,123040052,210200700011,1,10.6,4.65
82654,Silver,09-Apr-17,09-Apr-17,123039550,240800200009,1,85.6,34.3
84294,Gold,09-Apr-17,09-Apr-17,123040838,220200200022,3,171.9,33.9
85808,Gold,09-Apr-17,09-Apr-17,123040107,220100700024,3,299.1,47.45
86346,Gold,09-Apr-17,09-Apr-17,123038497,230100500024,1,22.9,10.85
87457,Silver,09-Apr-17,09-Apr-17,123041713,220100100557,1,39.6,19.9
87901,Gold,09-Apr-17,09-Apr-17,123041716,230100500085,3,712.8,97.9
89166,Gold,09-Apr-17,09-Apr-17,123042063,220101400218,1,98.6,44.9
90739,GOLD,09-Apr-17,09-Apr-17,123040868,220100100118,1,45.9,23.05
92030,SILVER,09-Apr-17,09-Apr-17,123040880,240700400008,3,83.7,12.1
92203,Silver,09-Apr-17,09-Apr-17,123040888,210200800001,1,47.6,23.9
93852,Silver,09-Apr-17,09-Apr-17,123041804,220100900029,1,30.8,12.35
395,Gold,10-Apr-17,10-Apr-17,123046942,220200100198,3,304.8,50.9
962,Silver,10-Apr-17,10-Apr-17,123048349,220100100410,1,11.2,5.7
3247,Gold,10-Apr-17,14-Apr-17,123044088,240100200005,1,32.4,13.65
3646,Gold,10-Apr-17,12-Apr-17,123048455,240700400024,3,190.8,33.15
4637,Gold,10-Apr-17,10-Apr-17,123045608,240600100141,2,78.4,15.75
7089,SILVER,10-Apr-17,10-Apr-17,123044635,240100300006,2,103,22.8
7145,Silver,10-Apr-17,10-Apr-17,123046976,210200400091,1,40.7,20.45
7892,Gold,10-Apr-17,14-Apr-17,123048524,240500200002,1,13.9,6.5
7980,Gold,10-Apr-17,12-Apr-17,123048329,230100600038,1,112.5,54.95
8384,Gold,10-Apr-17,10-Apr-17,123048528,240100400062,2,226.4,54
8623,Gold,10-Apr-17,10-Apr-17,123048530,240500200088,1,39.7,18.9
9542,Silver,10-Apr-17,10-Apr-17,123048549,240100400151,2,838,209.45
10219,Silver,10-Apr-17,13-Apr-17,123046996,240200100220,2,170.6,42.75
10543,Gold,10-Apr-17,10-Apr-17,123048609,240700200010,1,25.7,9.85
10765,Silver,10-Apr-17,10-Apr-17,123044696,220200200045,1,113,51.45
10935,Silver,10-Apr-17,10-Apr-17,123044699,220200200009,1,59,26.85
12576,Silver,10-Apr-17,16-Apr-17,123048629,240100100424,1,26.3,9.1
12797,SILVER,10-Apr-17,11-Apr-17,123048630,230100300018,1,67.1,27.6
13893,Gold,10-Apr-17,13-Apr-17,123044748,230100500096,1,35.5,17.25
13953,Silver,10-Apr-17,10-Apr-17,123045654,220200200066,1,88.2,38.4
14206,Gold,10-Apr-17,14-Apr-17,123044756,230100600012,1,23.4,11.4
14237,Platinum,10-Apr-17,11-Apr-17,123048661,240700400003,2,24.8,5.6
15512,Platinum,10-Apr-17,10-Apr-17,123048704,240100400048,2,585.4,144.65
18674,GOLD,10-Apr-17,10-Apr-17,123047529,230100500091,1,191,80.45
18856,Silver,10-Apr-17,13-Apr-17,123048829,240600100080,1,28.3,8.55
19369,GOLD,10-Apr-17,10-Apr-17,123045704,240100400127,4,734.4,85.8
20185,Gold,10-Apr-17,10-Apr-17,123044819,230100100015,2,213.8,45.5
20968,SILVER,10-Apr-17,10-Apr-17,123044221,210200100006,1,11.6,5.15
23096,Gold,10-Apr-17,13-Apr-17,123044875,230100500092,3,346.8,48.15
24322,Gold,10-Apr-17,10-Apr-17,123044267,220100100106,1,93.1,46.65
25233,Silver,10-Apr-17,14-Apr-17,123048950,240100400098,4,1007.2,125.85
25960,Silver,10-Apr-17,13-Apr-17,123048965,240500100059,1,61,26.55
25975,Silver,10-Apr-17,10-Apr-17,123044925,240500100064,1,55.7,24.2
27713,Silver,10-Apr-17,10-Apr-17,123044279,240100100699,1,11.2,4.6
27814,Gold,10-Apr-17,10-Apr-17,123045718,240200100183,1,95.7,47.95
29294,Gold,10-Apr-17,10-Apr-17,123045749,240600100170,1,23.1,9.85
31006,Silver,10-Apr-17,10-Apr-17,123049073,240200100226,1,183.9,86.65
31446,Gold,10-Apr-17,10-Apr-17,123047177,240500100011,3,117.6,17.85
32332,SILVER,10-Apr-17,10-Apr-17,123047185,240100200004,1,35.2,14.8
33121,Gold,10-Apr-17,13-Apr-17,123049101,240500100036,1,50.5,22.4
33698,SILVER,10-Apr-17,10-Apr-17,123049115,220200100012,1,58.7,28.25
35066,Gold,10-Apr-17,10-Apr-17,123045476,240600100109,2,88,19.15
36550,Gold,10-Apr-17,14-Apr-17,123045067,230100200050,1,127.8,58.05
38213,SILVER,10-Apr-17,10-Apr-17,123049241,220100300042,1,187.5,75.8
40466,Silver,10-Apr-17,10-Apr-17,123045123,220100700034,1,80.5,38.3
40661,SILVER,10-Apr-17,10-Apr-17,123045128,240500200100,3,68.1,10.85
40878,Gold,10-Apr-17,10-Apr-17,123047228,220200100153,3,144.6,24.2
41198,Gold,10-Apr-17,10-Apr-17,123045873,240600100013,2,6.8,1.25
42797,Gold,10-Apr-17,10-Apr-17,123047251,240100100127,1,34.7,15.45
43643,Silver,10-Apr-17,10-Apr-17,123047256,210200300075,1,37.2,18.7
45065,Gold,10-Apr-17,14-Apr-17,123049501,240500200092,3,98.1,15.7
45069,Gold,10-Apr-17,10-Apr-17,123049503,220101400083,1,50.7,23.1
45228,Silver,10-Apr-17,10-Apr-17,123049506,220200200014,1,90,40.9
45455,Gold,10-Apr-17,15-Apr-17,123047296,220100800009,1,48.6,23.15
45782,Gold,10-Apr-17,14-Apr-17,123049520,220200300101,1,130.4,58.05
46224,Silver,10-Apr-17,10-Apr-17,123045189,230100500096,1,35.5,17.25
46646,Silver,10-Apr-17,10-Apr-17,123049550,240400300029,2,13.6,2.75
47345,Silver,10-Apr-17,14-Apr-17,123045198,230100600003,3,51.6,7.55
48363,Silver,10-Apr-17,10-Apr-17,123045228,240800100020,1,122.4,65.6
49264,Gold,10-Apr-17,15-Apr-17,123047300,220101400276,1,67.8,30.9
51482,Gold,10-Apr-17,13-Apr-17,123045269,230100500008,1,38,16.8
52242,Platinum,10-Apr-17,10-Apr-17,123047319,220100100636,1,13.1,6.45
53260,Gold,10-Apr-17,11-Apr-17,123049695,240100100511,1,14.1,6.2
53468,Silver,10-Apr-17,10-Apr-17,123047686,240200100102,2,27.2,6.2
53843,Silver,10-Apr-17,10-Apr-17,123045314,240800200021,1,89.7,38.9
55814,Gold,10-Apr-17,10-Apr-17,123045343,240100100035,1,88.3,37.8
56314,Gold,10-Apr-17,10-Apr-17,123045971,220200100016,1,124.4,62.3
56609,Gold,10-Apr-17,11-Apr-17,123048161,220200100066,1,86.6,43.4
56674,Silver,10-Apr-17,14-Apr-17,123045361,230100600025,3,377.7,63.05
56738,Gold,10-Apr-17,10-Apr-17,123046598,220100700031,1,119.4,56.95
57808,Gold,10-Apr-17,13-Apr-17,123044068,240100400070,2,351.8,127.95
57908,Gold,10-Apr-17,15-Apr-17,123047693,240200100226,1,183.9,86.65
58102,Silver,10-Apr-17,10-Apr-17,123045388,230100600016,1,77,38.6
58363,Gold,10-Apr-17,10-Apr-17,123047369,240100100439,1,138.1,69
59283,SILVER,10-Apr-17,10-Apr-17,123047706,230100500021,1,93.2,40.7
59320,SILVER,10-Apr-17,10-Apr-17,123045510,240600100198,1,57.5,24.2
59792,Silver,10-Apr-17,15-Apr-17,123049909,240700400010,2,122.6,31.95
60533,Gold,10-Apr-17,14-Apr-17,123047725,220200100035,1,62.6,31.4
63126,Silver,10-Apr-17,10-Apr-17,123045436,220100300024,1,52.5,24.35
64434,Silver,10-Apr-17,10-Apr-17,123047414,240200100173,1,479.6,245.25
70155,Gold,10-Apr-17,10-Apr-17,123048183,220101100010,1,11.2,4.85
70194,SILVER,10-Apr-17,10-Apr-17,123046631,240100400127,2,367.2,85.8
70414,GOLD,10-Apr-17,10-Apr-17,123046644,240400200091,1,217,90.4
70974,Gold,10-Apr-17,10-Apr-17,123046672,210200500019,1,36.1,16.8
71062,GOLD,10-Apr-17,10-Apr-17,123045992,240600100040,1,3.5,1.3
75021,Silver,10-Apr-17,10-Apr-17,123048218,220200100153,1,48.2,24.2
75067,Gold,10-Apr-17,12-Apr-17,123046057,230100600018,1,64.2,32.2
75085,GOLD,10-Apr-17,16-Apr-17,123048228,230100500004,3,9.6,1.35
79145,Silver,10-Apr-17,16-Apr-17,123044548,220100800060,1,24.3,11.65
81553,Gold,10-Apr-17,14-Apr-17,123047874,220101400125,1,47.5,21.2
82220,GOLD,10-Apr-17,14-Apr-17,123048243,220200300102,1,136.6,62.25
84230,Silver,10-Apr-17,10-Apr-17,123047918,230100600012,1,23.4,11.4
84707,SILVER,10-Apr-17,10-Apr-17,123044454,240600100024,1,31.5,14.45
85865,Silver,10-Apr-17,14-Apr-17,123047938,240200100222,1,84.7,42.45
85958,Gold,10-Apr-17,10-Apr-17,123046856,240700400017,2,82.8,19.4
86327,Gold,10-Apr-17,13-Apr-17,123048288,230100200043,3,170.1,27.25
87387,Silver,10-Apr-17,13-Apr-17,123047968,220100100304,2,122.6,30.75
91046,Gold,10-Apr-17,13-Apr-17,123048308,220200100073,1,68.8,34.5
92287,Platinum,10-Apr-17,10-Apr-17,123048012,220101400121,1,65.1,28.95
92692,Gold,10-Apr-17,10-Apr-17,123046366,240100400005,4,938.4,115.95
94190,Gold,10-Apr-17,10-Apr-17,123046378,240100400079,2,460.6,102.45
2708,Platinum,11-Apr-17,15-Apr-17,123054308,240100100029,1,109.6,47.35
2894,Silver,11-Apr-17,11-Apr-17,123050113,240500100029,1,58.9,26.1
4878,Gold,11-Apr-17,11-Apr-17,123050738,220200100021,3,450.9,75.25
4927,Gold,11-Apr-17,11-Apr-17,123053352,230100100005,1,156.9,66.75
5553,SILVER,11-Apr-17,11-Apr-17,123054347,240100400118,2,525.6,125.15
5768,Silver,11-Apr-17,11-Apr-17,123050773,220101400193,1,23.8,10.9
5801,Silver,11-Apr-17,16-Apr-17,123050778,220200300060,3,239.1,36.4
6757,Silver,11-Apr-17,11-Apr-17,123052921,240100100283,1,37.9,18
6812,Gold,11-Apr-17,14-Apr-17,123054386,240600100152,1,24.3,9.8
6898,Gold,11-Apr-17,11-Apr-17,123053367,210200900004,1,46,16.05
6951,Silver,11-Apr-17,11-Apr-17,123054395,220101400205,1,24.7,11.1
7474,Gold,11-Apr-17,11-Apr-17,123050135,240700400031,2,108,27.1
8446,SILVER,11-Apr-17,11-Apr-17,123050884,240600100089,2,44,9.1
8765,Gold,11-Apr-17,11-Apr-17,123050913,240200200024,1,124.2,12.4
10080,Gold,11-Apr-17,11-Apr-17,123050923,230100200037,1,75.4,37.8
10614,Silver,11-Apr-17,11-Apr-17,123053385,230100700011,1,252,103.95
11227,Gold,11-Apr-17,15-Apr-17,123053905,230100700009,1,540.7,276
11316,Gold,11-Apr-17,11-Apr-17,123053394,220101200019,1,47.4,20.55
11621,Gold,11-Apr-17,19-Apr-17,123050962,220100100048,2,40.6,10.25
11621,Gold,11-Apr-17,20-Apr-17,123050981,240500100029,1,58.9,26.1
11825,Silver,11-Apr-17,16-Apr-17,123052945,220100800001,1,37.2,17.65
11963,GOLD,11-Apr-17,14-Apr-17,123050994,230100200044,1,70.1,35.15
12203,GOLD,11-Apr-17,11-Apr-17,123051927,220200100126,3,100.2,16.8
14099,Gold,11-Apr-17,11-Apr-17,123053406,240700400008,2,55.8,12.1
16066,Gold,11-Apr-17,11-Apr-17,123052498,220200200025,3,214.5,31.65
16726,Silver,11-Apr-17,12-Apr-17,123051051,240400300022,2,67.6,14.7
19226,Gold,11-Apr-17,12-Apr-17,123054744,240100400147,4,955.2,118.05
20638,Gold,11-Apr-17,15-Apr-17,123053937,230100500012,3,221.7,33.25
20719,GOLD,11-Apr-17,11-Apr-17,123053452,220200200012,3,203.7,30.9
20909,SILVER,11-Apr-17,11-Apr-17,123052526,220200100073,1,68.8,34.5
21571,Gold,11-Apr-17,14-Apr-17,123051121,230100600036,1,103.2,50.4
22763,Silver,11-Apr-17,11-Apr-17,123054818,240700200007,3,15.3,2.2
23259,GOLD,11-Apr-17,12-Apr-17,123053038,220101300006,2,54.6,12.25
24784,Gold,11-Apr-17,13-Apr-17,123054898,240100100206,1,19.9,8.95
25392,Silver,11-Apr-17,21-Apr-17,123054926,210200600025,1,38.5,17.9
25427,Gold,11-Apr-17,11-Apr-17,123053065,220200100084,1,106.5,51.55
29938,Gold,11-Apr-17,11-Apr-17,123051989,240100100487,1,20.7,10.45
31253,Silver,11-Apr-17,11-Apr-17,123055021,230100600018,3,192.6,32.2
31428,Gold,11-Apr-17,11-Apr-17,123051994,240600100046,1,8.5,3.3
31677,Gold,11-Apr-17,11-Apr-17,123051242,220100100575,2,77.4,19.45
31995,Gold,11-Apr-17,11-Apr-17,123053134,240100400008,2,207,51.7
32144,Gold,11-Apr-17,14-Apr-17,123055057,240100400022,4,749.2,87.35
32255,Silver,11-Apr-17,11-Apr-17,123053135,220200100181,1,122.1,61.15
32630,Gold,11-Apr-17,15-Apr-17,123055070,240100400078,2,701,175.2
33473,Gold,11-Apr-17,12-Apr-17,123050222,220100700022,1,51.7,21.9
33886,GOLD,11-Apr-17,15-Apr-17,123053470,220100300028,1,119.3,57.35
34288,Silver,11-Apr-17,11-Apr-17,123051287,220100300041,1,171.3,69.25
34913,Gold,11-Apr-17,12-Apr-17,123055118,220200100211,1,103.5,51.85
35180,Platinum,11-Apr-17,11-Apr-17,123052550,240100300006,2,103,22.8
35870,Gold,11-Apr-17,11-Apr-17,123053150,210201100002,1,53.3,23.25
38948,Gold,11-Apr-17,11-Apr-17,123055196,220200300052,1,67.1,30.55
39908,Silver,11-Apr-17,11-Apr-17,123052574,240600100113,1,50.4,21.5
41506,Gold,11-Apr-17,11-Apr-17,123051776,220100700031,1,119.4,56.95
43048,Silver,11-Apr-17,11-Apr-17,123051368,240800200037,1,49.8,21.6
43868,Gold,11-Apr-17,11-Apr-17,123054007,240700400004,2,26.4,5.95
44314,SILVER,11-Apr-17,11-Apr-17,123051373,220200300107,1,83,37
45541,Gold,11-Apr-17,11-Apr-17,123052586,230100100015,1,106.9,45.5
45804,Gold,11-Apr-17,14-Apr-17,123053519,220200100002,3,117.3,19.65
46173,Silver,11-Apr-17,11-Apr-17,123050243,230100200043,1,56.7,27.25
47505,Gold,11-Apr-17,11-Apr-17,123050268,240100200008,1,30,12.45
47868,Silver,11-Apr-17,12-Apr-17,123051435,220200100014,4,274.4,33.25
48169,Silver,11-Apr-17,11-Apr-17,123052050,240600100115,1,47.9,20
48254,Gold,11-Apr-17,11-Apr-17,123051441,220101400171,1,34.7,15.8
50806,SILVER,11-Apr-17,11-Apr-17,123051483,220100300017,1,22.4,10.6
51552,SILVER,11-Apr-17,11-Apr-17,123054033,240100100159,2,61.6,13.7
53400,Gold,11-Apr-17,11-Apr-17,123055558,220100100214,1,90.6,45.4
54003,Silver,11-Apr-17,12-Apr-17,123051801,240500100033,3,196.2,28.95
56873,SILVER,11-Apr-17,11-Apr-17,123053547,230100600022,1,84.1,42.15
57157,Gold,11-Apr-17,11-Apr-17,123054057,210200900050,1,32.5,14.9
57409,Gold,11-Apr-17,11-Apr-17,123050274,240100100385,1,39.1,16.4
58015,Gold,11-Apr-17,14-Apr-17,123053267,220100100097,2,95,23.85
58862,Gold,11-Apr-17,11-Apr-17,123055727,240800100083,1,34.7,22.1
62044,Gold,11-Apr-17,11-Apr-17,123051667,220101400391,1,102.9,46.95
62160,Silver,11-Apr-17,11-Apr-17,123053286,240500100054,1,70.5,28.25
62942,SILVER,11-Apr-17,15-Apr-17,123051701,230100500021,3,279.6,40.7
63408,Gold,11-Apr-17,11-Apr-17,123051707,240800200030,1,46.4,18.3
64870,Gold,11-Apr-17,11-Apr-17,123053307,220100100483,1,32.2,19.4
65587,GOLD,11-Apr-17,11-Apr-17,123051736,220200100016,1,124.4,62.3
70130,Gold,11-Apr-17,11-Apr-17,123053595,220101400204,1,19.1,8.75
70829,Silver,11-Apr-17,13-Apr-17,123053601,220200200068,1,100.9,43.9
72174,Gold,11-Apr-17,11-Apr-17,123054118,240400300035,2,38.2,7.7
72987,Gold,11-Apr-17,11-Apr-17,123054126,210200600099,1,46.7,21.1
73147,Gold,11-Apr-17,13-Apr-17,123052145,210201000030,1,22.3,10.25
75324,Gold,11-Apr-17,16-Apr-17,123050650,240200200012,1,187.1,18
76085,Silver,11-Apr-17,11-Apr-17,123052218,220101400132,1,54.7,24.95
77636,Gold,11-Apr-17,11-Apr-17,123053683,220200300071,3,311.4,47.25
78285,Silver,11-Apr-17,12-Apr-17,123052738,210200400062,1,56.1,28.15
80488,Gold,11-Apr-17,11-Apr-17,123052260,220101100018,1,17.1,7.15
81774,Silver,11-Apr-17,11-Apr-17,123052789,210200400087,1,46.6,23.4
82063,Gold,11-Apr-17,20-Apr-17,123052271,210201000109,1,23.8,10.75
83102,Platinum,11-Apr-17,11-Apr-17,123054164,240700400024,3,190.8,33.15
83836,Gold,11-Apr-17,11-Apr-17,123050444,220101200009,1,106.8,42.8
84443,Gold,11-Apr-17,11-Apr-17,123054182,230100600031,1,88.5,42.45
87181,Silver,11-Apr-17,11-Apr-17,123050530,210200600122,1,70,30.45
89012,Gold,11-Apr-17,14-Apr-17,123052820,210200300075,1,37.2,18.7
90834,Silver,11-Apr-17,13-Apr-17,123050595,240400200088,2,394.8,82.25
91176,Silver,11-Apr-17,11-Apr-17,123052838,220200100099,1,157.8,79
91266,Silver,11-Apr-17,14-Apr-17,123054216,220200100230,3,335.1,55.95
91740,Gold,11-Apr-17,11-Apr-17,123054240,240500200075,1,29.7,12.4
92884,Gold,11-Apr-17,13-Apr-17,123052865,210201000096,1,22.9,10.45
9813,Silver,12-Apr-17,18-Apr-17,123058453,240500100054,3,211.5,28.25
39554,Gold,12-Apr-17,14-Apr-17,123059015,220200200047,1,135.8,68
50689,Silver,12-Apr-17,13-Apr-17,123059275,240500200122,1,22.9,10.9
57590,Silver,12-Apr-17,18-Apr-17,123059398,240100100673,2,119.8,25.35
72658,Silver,12-Apr-17,18-Apr-17,123057839,220100100464,1,86.7,43.3
84705,Silver,12-Apr-17,14-Apr-17,123056923,230100600023,3,220.2,36.8
433,Silver,13-Apr-17,14-Apr-17,123063453,240100400058,2,74.8,29.65
1238,Silver,13-Apr-17,13-Apr-17,123063474,220100300039,2,408.8,87.15
3775,SILVER,13-Apr-17,14-Apr-17,123063419,230100400008,1,10,3.8
4784,Silver,13-Apr-17,18-Apr-17,123062256,220100500005,1,104.4,46
6983,Gold,13-Apr-17,17-Apr-17,123062273,220101400097,1,55.3,25.25
8652,Gold,13-Apr-17,18-Apr-17,123063634,220200100213,1,116.3,56.3
9295,GOLD,13-Apr-17,13-Apr-17,123060959,220200100182,1,129.7,64.95
9296,GOLD,13-Apr-17,13-Apr-17,123060229,220100100087,1,227.5,113.85
10351,Silver,13-Apr-17,14-Apr-17,123060962,240400200090,1,125.4,52.25
11568,Gold,13-Apr-17,13-Apr-17,123060250,240100100263,1,29.3,12.25
11941,Gold,13-Apr-17,13-Apr-17,123062655,230100500093,1,132.8,55.85
12360,Gold,13-Apr-17,13-Apr-17,123063682,220100100419,3,148.5,24.85
12511,Platinum,13-Apr-17,17-Apr-17,123063692,240700400031,2,108,27.1
14971,GOLD,13-Apr-17,13-Apr-17,123060278,220100100483,1,32.2,19.4
16278,Gold,13-Apr-17,13-Apr-17,123063124,240100200012,1,32.2,13.35
16917,Silver,13-Apr-17,18-Apr-17,123062339,220101400284,1,49.8,22.75
17320,Gold,13-Apr-17,13-Apr-17,123061029,240200100254,1,27.6,12.35
18989,Gold,13-Apr-17,14-Apr-17,123062681,240100100452,1,39.5,19.25
19509,Silver,13-Apr-17,13-Apr-17,123062357,220200300110,1,60,26.75
19628,Silver,13-Apr-17,13-Apr-17,123063830,240800100010,1,79,36.05
20416,Silver,13-Apr-17,13-Apr-17,123060312,240500200056,1,24.1,11.55
21078,Silver,13-Apr-17,13-Apr-17,123063133,230100400018,1,28.1,12.75
21561,GOLD,13-Apr-17,16-Apr-17,123060349,230100600022,3,252.3,42.15
22073,SILVER,13-Apr-17,13-Apr-17,123063874,220101100023,3,63.9,8.9
22530,Gold,13-Apr-17,13-Apr-17,123061034,240600100016,1,51.7,20.5
24187,Gold,13-Apr-17,13-Apr-17,123060406,240100100253,1,104.2,50.9
25408,Gold,13-Apr-17,13-Apr-17,123060412,240100100252,1,180.4,87.1
27079,Silver,13-Apr-17,18-Apr-17,123064045,240700100012,3,65.97,9.1
30498,Gold,13-Apr-17,13-Apr-17,123059668,230100600023,1,73.4,36.8
31177,Silver,13-Apr-17,13-Apr-17,123064104,210200400068,1,35.6,17.9
31311,SILVER,13-Apr-17,16-Apr-17,123063182,220200100186,1,127.6,63.9
32568,GOLD,13-Apr-17,13-Apr-17,123064130,240400300026,2,185.4,40.3
34234,Silver,13-Apr-17,13-Apr-17,123061128,220200300159,3,270.9,41.25
34404,Gold,13-Apr-17,13-Apr-17,123061132,240200100043,1,141.2,69.4
34960,Gold,13-Apr-17,13-Apr-17,123062751,220101100018,1,17.1,7.15
38336,Silver,13-Apr-17,14-Apr-17,123062766,220100800052,1,85.4,40.7
39557,Gold,13-Apr-17,13-Apr-17,123064235,220100500012,2,232.8,51.3
40877,GOLD,13-Apr-17,17-Apr-17,123064284,240100100570,1,32.6,13.8
41316,Gold,13-Apr-17,18-Apr-17,123062773,240200100056,1,40.8,19.75
43449,Gold,13-Apr-17,18-Apr-17,123064335,240800200065,1,37.1,14.9
43607,Gold,13-Apr-17,13-Apr-17,123062465,220100100212,1,65.9,33.05
45383,Silver,13-Apr-17,19-Apr-17,123060644,240100300006,2,103,22.8
46983,Gold,13-Apr-17,13-Apr-17,123060665,220101400107,2,54.4,12.5
50051,SILVER,13-Apr-17,13-Apr-17,123062481,220200100105,1,180.7,90.45
50123,Gold,13-Apr-17,15-Apr-17,123064493,240600100027,1,35.4,14.25
50148,Silver,13-Apr-17,18-Apr-17,123064503,240100100594,1,12.1,5.1
50328,Silver,13-Apr-17,13-Apr-17,123064507,220101000002,1,17.7,8
52040,Gold,13-Apr-17,13-Apr-17,123061242,220200200039,1,95.5,43.55
52105,Silver,13-Apr-17,13-Apr-17,123059773,240100100577,1,76,31.75
53435,Silver,13-Apr-17,13-Apr-17,123061842,240100100135,3,672.6,92
54413,Silver,13-Apr-17,13-Apr-17,123062539,220200200025,1,71.5,31.65
56243,GOLD,13-Apr-17,13-Apr-17,123064649,220101400029,2,9.2,1.9
56343,Silver,13-Apr-17,14-Apr-17,123064656,240100400014,2,502.8,125.65
57566,Silver,13-Apr-17,13-Apr-17,123064673,240500200100,1,22.7,10.85
63053,GOLD,13-Apr-17,13-Apr-17,123064839,240400200094,1,254.2,115.6
64408,Gold,13-Apr-17,16-Apr-17,123060879,240500200100,4,90.8,10.85
65127,Silver,13-Apr-17,13-Apr-17,123062579,220200100170,3,336.3,56.15
65200,Silver,13-Apr-17,13-Apr-17,123062586,240100100604,3,251.7,35
65347,SILVER,13-Apr-17,13-Apr-17,123064885,230100500096,4,142,17.25
65626,GOLD,13-Apr-17,13-Apr-17,123060864,240400300009,2,124.2,25.8
70123,Gold,13-Apr-17,13-Apr-17,123061912,230100500096,1,35.5,17.25
72516,Silver,13-Apr-17,01-May-17,123062837,220200100168,3,573.9,95.75
72791,Platinum,13-Apr-17,18-Apr-17,123059840,240100200001,1,15.9,6.3
72925,Gold,13-Apr-17,13-Apr-17,123061333,240500200059,1,31,14.8
73046,Gold,13-Apr-17,17-Apr-17,123063261,210200700004,1,12.7,5.75
74426,Gold,13-Apr-17,13-Apr-17,123061948,220100100197,1,101.3,50.75
77642,Silver,13-Apr-17,14-Apr-17,123059908,240200200060,1,184.5,73.85
78714,Gold,13-Apr-17,13-Apr-17,123062015,240800200034,1,66.7,30.25
82342,Silver,13-Apr-17,13-Apr-17,123059996,240600100071,1,52.2,21.55
87187,Silver,13-Apr-17,13-Apr-17,123061576,220101200025,1,26.3,11.4
87322,Silver,13-Apr-17,14-Apr-17,123060071,210200300116,1,13.6,6.85
88283,GOLD,13-Apr-17,13-Apr-17,123061608,210200900010,3,137.7,19.45
88602,Silver,13-Apr-17,20-Apr-17,123061612,240100400148,4,1012.4,125.1
89013,SILVER,13-Apr-17,17-Apr-17,123061622,220100900035,2,83.6,19.45
89734,Platinum,13-Apr-17,13-Apr-17,123063378,210200600108,1,34.6,15.05
90494,Gold,13-Apr-17,13-Apr-17,123062151,240500100044,1,71.2,28.5
90551,Silver,13-Apr-17,15-Apr-17,123060124,220101300012,1,18.4,8.3
92464,Gold,13-Apr-17,13-Apr-17,123063404,240300300036,2,368.2,76.8
1252,Silver,14-Apr-17,14-Apr-17,123068484,220101400238,1,56.9,25.95
3443,Silver,14-Apr-17,14-Apr-17,123068513,240600100106,1,51.2,21.3
4070,GOLD,14-Apr-17,14-Apr-17,123065440,240500200047,1,207.4,86.35
5228,Gold,14-Apr-17,14-Apr-17,123068520,220100500018,1,65.8,30
5552,Silver,14-Apr-17,14-Apr-17,123068537,220100700038,3,300.6,47.75
6808,Gold,14-Apr-17,18-Apr-17,123068614,240100400080,2,439.8,109.9
7731,Gold,14-Apr-17,17-Apr-17,123068622,240500100043,1,26,8.8
9032,Silver,14-Apr-17,14-Apr-17,123067355,240100200014,1,55.4,22.8
11463,Silver,14-Apr-17,14-Apr-17,123066820,220200100014,1,68.6,33.25
13684,SILVER,14-Apr-17,14-Apr-17,123067655,240700400032,2,61.6,6.75
13803,Silver,14-Apr-17,14-Apr-17,123068808,220100100354,2,34,8.45
14370,Silver,14-Apr-17,14-Apr-17,123067374,240700400036,2,12.4,2.75
15739,Gold,14-Apr-17,19-Apr-17,123067390,240200200028,2,33.4,6.75
16003,Gold,14-Apr-17,16-Apr-17,123066317,240700300002,1,21.99,7.25
16231,Silver,14-Apr-17,14-Apr-17,123066321,240100100161,1,116.6,57.9
18154,Silver,14-Apr-17,14-Apr-17,123067400,220100100133,1,28.1,14.15
18613,Gold,14-Apr-17,17-Apr-17,123068939,240700400020,2,142.6,37.15
19055,GOLD,14-Apr-17,17-Apr-17,123068962,240100100222,1,80.1,34.8
19226,Gold,14-Apr-17,15-Apr-17,123068971,240100100704,1,62.4,27.5
19628,Silver,14-Apr-17,14-Apr-17,123069009,220101400369,1,55.7,25.9
20372,Platinum,14-Apr-17,17-Apr-17,123065606,230100500096,1,35.5,17.25
22319,Silver,14-Apr-17,14-Apr-17,123069109,240800100025,1,249,113.55
23216,Gold,14-Apr-17,18-Apr-17,123069128,220200300107,1,83,37
23782,SILVER,14-Apr-17,14-Apr-17,123065643,220200100241,1,35.4,17.8
25888,Gold,14-Apr-17,14-Apr-17,123066867,240700400013,2,136.4,35.55
28895,Gold,14-Apr-17,14-Apr-17,123067457,240700400018,2,46,10.2
29554,GOLD,14-Apr-17,14-Apr-17,123067458,240100100516,1,25.3,10.95
30670,Silver,14-Apr-17,14-Apr-17,123067460,210200900015,1,23,10.3
31405,Silver,14-Apr-17,14-Apr-17,123069276,220100100102,1,12.9,6.55
34828,GOLD,14-Apr-17,14-Apr-17,123066910,220100300017,1,22.4,10.6
35072,Gold,14-Apr-17,17-Apr-17,123065758,220200200039,3,286.5,43.55
36248,Gold,14-Apr-17,14-Apr-17,123065784,220100300012,2,22.8,5.6
38626,Silver,14-Apr-17,14-Apr-17,123069525,240300300067,1,63.7,26.95
39867,SILVER,14-Apr-17,16-Apr-17,123067740,220100100117,4,160,20.1
41879,Silver,14-Apr-17,14-Apr-17,123069589,220100700009,2,200.2,47.65
42913,Silver,14-Apr-17,15-Apr-17,123069607,240700100001,1,23.4,12.2
44164,SILVER,14-Apr-17,14-Apr-17,123067531,220100100190,1,45.1,22.65
44226,Silver,14-Apr-17,14-Apr-17,123069648,230100100018,1,156.1,66.1
44664,Gold,14-Apr-17,18-Apr-17,123068109,220200300126,3,163.5,24.3
45474,Gold,14-Apr-17,14-Apr-17,123068166,220200200015,1,105.1,47.75
46126,Gold,14-Apr-17,17-Apr-17,123069728,240100100364,1,1.7,0.7
46393,Silver,14-Apr-17,16-Apr-17,123065921,230100600023,1,73.4,36.8
46707,Gold,14-Apr-17,16-Apr-17,123067535,230100200066,3,38.7,5.45
47066,GOLD,14-Apr-17,16-Apr-17,123065930,230100500055,3,76.5,10.75
47669,Silver,14-Apr-17,14-Apr-17,123066457,220200200054,3,587.1,97.95
48480,Silver,14-Apr-17,14-Apr-17,123065962,240100200002,1,15.3,6.05
49143,SILVER,14-Apr-17,15-Apr-17,123067546,220100800086,1,60.5,28.9
50947,Gold,14-Apr-17,16-Apr-17,123066035,230100400007,2,24.4,4.9
51120,GOLD,14-Apr-17,14-Apr-17,123069863,240500200143,3,62.4,9.9
52078,Silver,14-Apr-17,14-Apr-17,123067580,220101000002,1,17.7,8
52338,GOLD,14-Apr-17,15-Apr-17,123066046,220200200009,1,59,26.85
54037,Gold,14-Apr-17,14-Apr-17,123069937,220100100143,1,88.1,44.15
54120,GOLD,14-Apr-17,14-Apr-17,123066062,240200100183,1,95.7,47.95
57420,SILVER,14-Apr-17,14-Apr-17,123065090,240600100181,1,36.8,16
57922,Gold,14-Apr-17,14-Apr-17,123070010,220100700010,1,53.9,25.7
58533,Silver,14-Apr-17,14-Apr-17,123067599,240700400008,2,55.8,12.1
59654,Gold,14-Apr-17,14-Apr-17,123070070,220100400012,1,76.9,34.95
59689,Silver,14-Apr-17,14-Apr-17,123066529,240600100089,1,22,9.1
59744,Silver,14-Apr-17,14-Apr-17,123066131,240800200059,1,40.8,18.45
62624,Gold,14-Apr-17,14-Apr-17,123068228,240600100042,2,39.4,8
63057,Gold,14-Apr-17,14-Apr-17,123070099,210200900050,1,32.5,14.9
63809,GOLD,14-Apr-17,14-Apr-17,123066195,240500200048,1,108.8,45.4
64555,Gold,14-Apr-17,14-Apr-17,123070133,240100400062,2,226.4,54
64948,GOLD,14-Apr-17,14-Apr-17,123070139,220100100550,2,82.4,20.7
70414,SILVER,14-Apr-17,14-Apr-17,123066970,230100100039,1,58.2,23.35
70866,SILVER,14-Apr-17,15-Apr-17,123066543,210200900013,1,29.1,12.8
73531,GOLD,14-Apr-17,14-Apr-17,123066575,240600100121,4,161.2,17.55
73957,SILVER,14-Apr-17,17-Apr-17,123065138,220100800029,1,58.5,27.95
75625,Gold,14-Apr-17,14-Apr-17,123068261,240100400036,2,426.6,104.1
77412,SILVER,14-Apr-17,14-Apr-17,123067859,220200100063,3,199.5,33.35
77813,Silver,14-Apr-17,14-Apr-17,123066598,220101300001,4,134.4,14.95
80685,SILVER,14-Apr-17,14-Apr-17,123067077,240100300005,3,135,19.2
80719,Gold,14-Apr-17,19-Apr-17,123066231,240500100035,3,192,28.35
80978,GOLD,14-Apr-17,14-Apr-17,123067086,220100700030,1,143,68.15
81860,SILVER,14-Apr-17,14-Apr-17,123067100,240300300113,2,461,105.2
84258,Silver,14-Apr-17,14-Apr-17,123067139,220100100566,2,118,29.6
84297,Gold,14-Apr-17,14-Apr-17,123066666,240100100678,2,99.6,21.25
85140,Gold,14-Apr-17,19-Apr-17,123067920,220200300033,3,212.1,34.2
86323,SILVER,14-Apr-17,14-Apr-17,123067929,220100100273,1,38.8,19.5
86361,Silver,14-Apr-17,14-Apr-17,123067205,220100100233,1,83.5,41.85
87436,Platinum,14-Apr-17,14-Apr-17,123067214,240500200092,1,32.7,15.7
87751,Silver,14-Apr-17,14-Apr-17,123067233,240100100458,1,6.7,2.95
87791,GOLD,14-Apr-17,14-Apr-17,123068357,220101400282,1,39.1,17.8
88458,Gold,14-Apr-17,14-Apr-17,123065298,240500100032,1,54.9,24.35
88725,Silver,14-Apr-17,14-Apr-17,123067252,220200100099,1,157.8,79
89223,SILVER,14-Apr-17,14-Apr-17,123066718,220200100161,1,40.8,20.5
91207,SILVER,14-Apr-17,19-Apr-17,123067993,220200200041,3,337.8,51.3
91347,GOLD,14-Apr-17,14-Apr-17,123066250,240100200014,1,55.4,22.8
92901,SILVER,14-Apr-17,14-Apr-17,123068411,220200300124,1,69,31.4
92974,Silver,14-Apr-17,14-Apr-17,123067286,240500100027,3,136.5,20.2
92978,Silver,14-Apr-17,18-Apr-17,123068005,240300200034,1,48.7,22.1
93918,Silver,14-Apr-17,14-Apr-17,123066756,220101300011,2,47.6,10.65
472,Silver,15-Apr-17,17-Apr-17,123070179,240100100699,1,11.2,4.6
551,Silver,15-Apr-17,21-Apr-17,123074169,230100600018,3,192.6,32.2
1464,Gold,15-Apr-17,15-Apr-17,123073853,210200500015,1,17.8,8.25
2044,Gold,15-Apr-17,18-Apr-17,123074187,240500200068,1,118.7,49.55
2877,Silver,15-Apr-17,15-Apr-17,123072972,240700400032,3,92.4,6.75
3369,Platinum,15-Apr-17,15-Apr-17,123074226,220101400376,1,48.3,24.1
3664,Gold,15-Apr-17,15-Apr-17,123072974,210200600052,1,33.2,14
3920,GOLD,15-Apr-17,17-Apr-17,123072977,220101500016,1,208.375,83.35
3977,Gold,15-Apr-17,15-Apr-17,123074260,240200200024,2,248.4,12.4
3987,SILVER,15-Apr-17,15-Apr-17,123074274,220100100304,1,61.3,30.75
5150,Silver,15-Apr-17,15-Apr-17,123072999,240700400036,3,18.6,2.75
6195,Silver,15-Apr-17,16-Apr-17,123074336,240100100260,1,28.2,11.8
7407,Silver,15-Apr-17,19-Apr-17,123074356,240800200017,1,35,14.5
8734,Gold,15-Apr-17,15-Apr-17,123070699,220200300014,1,84.2,38.35
8771,Silver,15-Apr-17,17-Apr-17,123073887,220200200042,3,381.9,58
9313,Gold,15-Apr-17,21-Apr-17,123073345,220200100202,1,92,46.1
10698,Gold,15-Apr-17,19-Apr-17,123073036,220101300003,1,40.1,17.85
13400,GOLD,15-Apr-17,19-Apr-17,123070780,230100200043,1,56.7,27.25
14327,Platinum,15-Apr-17,15-Apr-17,123070792,220100700047,1,120.1,57.25
15495,Silver,15-Apr-17,15-Apr-17,123070258,230100700011,1,252,103.95
17676,Gold,15-Apr-17,15-Apr-17,123074574,210200500016,1,52.5,22.25
18785,Silver,15-Apr-17,15-Apr-17,123073348,210200300103,2,39.4,9.95
19280,Silver,15-Apr-17,20-Apr-17,123074619,240700400013,5,341,35.55
21626,Silver,15-Apr-17,15-Apr-17,123070830,240200100060,1,48.3,26.65
21982,Gold,15-Apr-17,19-Apr-17,123073390,220200300129,1,81.2,37.05
23234,Gold,15-Apr-17,15-Apr-17,123071500,220200100183,1,79.2,39.7
24111,SILVER,15-Apr-17,15-Apr-17,123072291,240700100004,3,78.6,13.55
24547,Gold,15-Apr-17,16-Apr-17,123070851,240600100203,1,38.7,15.85
25688,Silver,15-Apr-17,20-Apr-17,123074708,240100100158,1,8.9,3.9
27146,Silver,15-Apr-17,15-Apr-17,123070881,220200300072,1,98.7,45
31157,Gold,15-Apr-17,18-Apr-17,123074873,210200900048,1,36.4,17.7
33695,Gold,15-Apr-17,15-Apr-17,123071003,240300200047,1,42.7,19.4
34176,Gold,15-Apr-17,15-Apr-17,123071382,220101400262,1,94.9,43.25
34210,Gold,15-Apr-17,15-Apr-17,123073189,240100100155,1,33.3,14.85
34363,Gold,15-Apr-17,15-Apr-17,123072364,230100500077,1,173,72.75
35680,Gold,15-Apr-17,18-Apr-17,123075004,220100100595,1,33.6,16.9
36093,Gold,15-Apr-17,16-Apr-17,123071026,240400200091,1,217,90.4
37039,Silver,15-Apr-17,16-Apr-17,123071590,240200100217,1,98.6,49.4
37325,Silver,15-Apr-17,15-Apr-17,123075022,210201000048,3,45.3,7
37589,GOLD,15-Apr-17,16-Apr-17,123075030,240800200015,1,127.3,63.6
38775,Gold,15-Apr-17,15-Apr-17,123075039,230100500061,1,18.3,8.05
39439,Silver,15-Apr-17,15-Apr-17,123075056,220200300029,1,71.6,32.6
40320,GOLD,15-Apr-17,15-Apr-17,123071409,220200100077,3,297,49.6
41408,Gold,15-Apr-17,15-Apr-17,123071081,230100100052,1,185.1,77.7
41915,Silver,15-Apr-17,18-Apr-17,123075118,240100400151,2,838,209.45
41928,Gold,15-Apr-17,15-Apr-17,123075119,220100100493,1,28.2,14.2
42822,Gold,15-Apr-17,15-Apr-17,123071116,240500100032,1,54.9,24.35
43048,Gold,15-Apr-17,15-Apr-17,123071127,220200100171,1,56.3,31.05
45017,SILVER,15-Apr-17,15-Apr-17,123075201,220100500018,2,131.6,30
45872,Silver,15-Apr-17,15-Apr-17,123072427,240100300006,2,103,22.8
47945,Gold,15-Apr-17,21-Apr-17,123070353,240100100736,1,69.1,29.8
49152,Silver,15-Apr-17,20-Apr-17,123071166,230100700008,1,494.4,241
49720,Gold,15-Apr-17,19-Apr-17,123073241,220100600008,1,294.2,140.05
50640,Gold,15-Apr-17,21-Apr-17,123071176,220200200036,1,60.2,27.4
51023,SILVER,15-Apr-17,15-Apr-17,123072483,240100400080,4,879.6,109.9
52816,Gold,15-Apr-17,15-Apr-17,123075389,240500200073,1,49.5,20.65
53563,SILVER,15-Apr-17,15-Apr-17,123075407,230100500075,3,544.5,76.3
53616,Gold,15-Apr-17,15-Apr-17,123071208,240100400118,2,525.6,125.15
53889,Gold,15-Apr-17,17-Apr-17,123071687,240700400010,2,122.6,31.95
55573,Silver,15-Apr-17,15-Apr-17,123071223,210200300087,1,19.9,10.05
56259,Silver,15-Apr-17,15-Apr-17,123075506,220101400175,2,44.6,10
58190,Gold,15-Apr-17,15-Apr-17,123075585,220100700047,1,120.1,57.25
60980,SILVER,15-Apr-17,15-Apr-17,123072509,220200300101,1,130.4,58.05
62175,SILVER,15-Apr-17,15-Apr-17,123071300,220200200039,1,95.5,43.55
63243,SILVER,15-Apr-17,15-Apr-17,123071327,240600100089,2,44,9.1
63490,GOLD,15-Apr-17,15-Apr-17,123075743,210200400041,1,36.8,18.5
71203,Gold,15-Apr-17,21-Apr-17,123073585,220200100092,1,83,41.6
72806,Gold,15-Apr-17,15-Apr-17,123071790,240100100393,1,165.2,75.5
73273,GOLD,15-Apr-17,15-Apr-17,123074015,210200400029,1,48.7,24.45
73582,Gold,15-Apr-17,15-Apr-17,123071806,240100400053,2,197.4,46.9
74519,Gold,15-Apr-17,20-Apr-17,123074042,230100400002,1,13.2,5.85
74792,GOLD,15-Apr-17,15-Apr-17,123074045,240700400002,2,67.2,14.65
78315,Platinum,15-Apr-17,17-Apr-17,123072642,210200500015,2,35.6,8.25
79457,Gold,15-Apr-17,18-Apr-17,123071975,220101400181,1,49.5,22.1
81580,GOLD,15-Apr-17,15-Apr-17,123072007,220200100002,1,39.1,19.65
83179,Platinum,15-Apr-17,15-Apr-17,123072039,240200100091,1,12.1,5.25
88966,Silver,15-Apr-17,15-Apr-17,123072797,210200400097,3,120.9,20.25
89706,Gold,15-Apr-17,21-Apr-17,123073766,220101300003,1,40.1,17.85
90638,Silver,15-Apr-17,15-Apr-17,123073809,240500200101,1,119.4,49.75
90749,Silver,15-Apr-17,15-Apr-17,123073811,240800200056,1,54.7,24.5
90920,Silver,15-Apr-17,20-Apr-17,123073812,220200300005,1,115,52.35
92081,GOLD,15-Apr-17,17-Apr-17,123070595,240200100091,1,12.1,5.25
94216,SILVER,15-Apr-17,19-Apr-17,123072924,210200400002,1,41.8,21
46,Silver,16-Apr-17,16-Apr-17,123077893,240100300006,2,103,22.8
359,Silver,16-Apr-17,16-Apr-17,123077144,240500100028,1,74.1,32.95
4044,Gold,16-Apr-17,16-Apr-17,123079212,240100400019,4,453.6,54.5
4378,Silver,16-Apr-17,16-Apr-17,123078445,220100800040,2,223,53.05
4689,SILVER,16-Apr-17,16-Apr-17,123076262,230100500082,1,126.1,58.6
5321,Gold,16-Apr-17,16-Apr-17,123079737,220100500016,1,196,86.45
5826,Silver,16-Apr-17,16-Apr-17,123079748,230100100040,1,170.6,70.95
7454,Gold,16-Apr-17,16-Apr-17,123079774,230100600016,1,77,38.6
8067,Gold,16-Apr-17,16-Apr-17,123078821,220101400273,1,47,21.45
8647,Silver,16-Apr-17,19-Apr-17,123079796,240100400142,2,307.6,77
9131,Gold,16-Apr-17,16-Apr-17,123076309,220200100087,3,341.1,56.95
11118,Platinum,16-Apr-17,16-Apr-17,123078489,210200100005,2,26,5.75
12257,Silver,16-Apr-17,16-Apr-17,123079926,230100500056,1,8,3.5
12839,Gold,16-Apr-17,16-Apr-17,123075831,220101400205,1,24.7,11.1
13210,GOLD,16-Apr-17,16-Apr-17,123077194,240100100404,1,62.5,32.75
14276,Silver,16-Apr-17,16-Apr-17,123077195,230100600036,4,412.8,50.4
15373,Silver,16-Apr-17,16-Apr-17,123078832,220200100225,4,256.4,30.2
17652,GOLD,16-Apr-17,16-Apr-17,123076411,240500200123,1,20,9.5
19618,Platinum,16-Apr-17,16-Apr-17,123078571,220200100107,1,179,89.6
21745,GOLD,16-Apr-17,17-Apr-17,123080171,240700100012,1,21.99,9.1
21969,Gold,16-Apr-17,19-Apr-17,123080184,240700100013,1,23.99,9.75
22599,SILVER,16-Apr-17,18-Apr-17,123078589,220101400002,1,104.1,47.4
24757,Gold,16-Apr-17,18-Apr-17,123079266,230100100051,1,184.9,78.15
26066,SILVER,16-Apr-17,16-Apr-17,123078606,220100800060,1,24.3,11.65
29201,Gold,16-Apr-17,16-Apr-17,123076576,240100400076,2,224.6,68.6
29891,Silver,16-Apr-17,16-Apr-17,123078015,240100300006,2,103,22.8
30700,Silver,16-Apr-17,16-Apr-17,123076602,240800200052,1,24.3,11.65
32481,Silver,16-Apr-17,16-Apr-17,123078869,230100700011,1,252,103.95
32971,Gold,16-Apr-17,18-Apr-17,123080524,240100400043,2,532,131.5
33266,Silver,16-Apr-17,16-Apr-17,123078870,230100500077,3,519,72.75
34517,Gold,16-Apr-17,16-Apr-17,123080538,220100100523,1,29.4,14.8
34983,Gold,16-Apr-17,16-Apr-17,123080560,240500100062,1,54.6,23.85
36924,Silver,16-Apr-17,16-Apr-17,123077352,220200300161,1,22.6,9.65
37988,Gold,16-Apr-17,16-Apr-17,123076711,220200200035,1,101.5,46.25
38137,Gold,16-Apr-17,19-Apr-17,123078879,240300300018,1,51.6,22
38248,Silver,16-Apr-17,16-Apr-17,123080688,220100300041,1,171.3,69.25
38300,Silver,16-Apr-17,17-Apr-17,123080693,240500200149,1,267.1,113.6
38557,SILVER,16-Apr-17,16-Apr-17,123076721,220101200029,2,104.6,22.65
39064,Silver,16-Apr-17,21-Apr-17,123078036,240100100581,1,27.5,11.35
39348,Gold,16-Apr-17,16-Apr-17,123078684,220200300009,3,156,23.75
41995,Gold,16-Apr-17,16-Apr-17,123076763,210201000178,1,47.9,21.85
43222,Silver,16-Apr-17,21-Apr-17,123079302,220200300005,1,115,52.35
44003,Gold,16-Apr-17,16-Apr-17,123077379,240100100366,1,16.3,7.8
44379,Gold,16-Apr-17,19-Apr-17,123078039,210200600052,3,99.6,14
44406,Silver,16-Apr-17,19-Apr-17,123080795,220200100034,1,56.3,28.25
44560,Gold,16-Apr-17,16-Apr-17,123080801,230100400028,1,13.9,5.45
45633,Gold,16-Apr-17,16-Apr-17,123077382,220200300015,1,115,52.4
45769,Gold,16-Apr-17,16-Apr-17,123080808,230100600005,1,129.8,63.2
45940,SILVER,16-Apr-17,20-Apr-17,123078899,220100300029,1,189.7,80.9
48736,Silver,16-Apr-17,16-Apr-17,123080875,240700100006,3,70.5,9.5
49022,Gold,16-Apr-17,16-Apr-17,123078716,240700100012,1,21.99,9.1
49463,Gold,16-Apr-17,21-Apr-17,123077386,220200200069,1,103.1,44.8
50462,Silver,16-Apr-17,16-Apr-17,123077397,230100500077,3,519,72.75
50731,SILVER,16-Apr-17,16-Apr-17,123078733,240100100077,1,138.4,62.85
50939,Silver,16-Apr-17,17-Apr-17,123080904,240800200021,1,89.7,38.9
52685,Silver,16-Apr-17,17-Apr-17,123078743,220101400289,2,120.4,27.4
53741,SILVER,16-Apr-17,21-Apr-17,123077096,240500200091,1,10.2,4.9
54921,SILVER,16-Apr-17,16-Apr-17,123081001,240100100335,1,36.3,15.45
55699,Platinum,16-Apr-17,17-Apr-17,123076911,230100700011,1,252,103.95
56949,Gold,16-Apr-17,16-Apr-17,123077477,240100100355,2,125,28.35
58285,SILVER,16-Apr-17,16-Apr-17,123081113,220101100013,1,11.3,4.95
60839,Silver,16-Apr-17,19-Apr-17,123081173,240500200005,1,5.9,2.75
62792,Gold,16-Apr-17,17-Apr-17,123081204,240700200025,3,43.8,6.2
65744,Gold,16-Apr-17,16-Apr-17,123075980,240500200089,1,17.9,8.5
70076,Platinum,16-Apr-17,16-Apr-17,123079370,220101400204,3,57.3,8.75
70482,Silver,16-Apr-17,16-Apr-17,123077529,240400200014,1,14.8,8.6
72174,Gold,16-Apr-17,16-Apr-17,123079391,240400200012,1,160.9,69.6
72439,SILVER,16-Apr-17,16-Apr-17,123077581,240100100325,2,958.6,239.6
72565,Gold,16-Apr-17,17-Apr-17,123077582,210200900033,2,28.2,6.4
73873,Gold,16-Apr-17,20-Apr-17,123076200,220101400052,2,380.4,83.3
75019,Gold,16-Apr-17,21-Apr-17,123078995,240200100248,1,9.9,5.05
76089,Gold,16-Apr-17,17-Apr-17,123078205,210201100001,2,64,14
77318,PLATINUM,16-Apr-17,16-Apr-17,123076005,240200100224,1,136.1,66.1
80859,GOLD,16-Apr-17,16-Apr-17,123076065,220100400022,1,98.9,47.7
81098,GOLD,16-Apr-17,16-Apr-17,123078254,240500100031,3,171.9,25.45
82515,Gold,16-Apr-17,20-Apr-17,123076077,240100200004,1,35.2,14.8
82530,Silver,16-Apr-17,17-Apr-17,123077687,220200200047,1,135.8,68
82715,Gold,16-Apr-17,16-Apr-17,123077695,220100700003,1,108.7,53
85905,Gold,16-Apr-17,16-Apr-17,123077787,210200600057,1,94.3,40.5
87411,Silver,16-Apr-17,16-Apr-17,123079117,220101400037,1,59.5,27.1
87745,Silver,16-Apr-17,16-Apr-17,123079520,240400100015,1,93.2,43.2
88146,Gold,16-Apr-17,16-Apr-17,123079530,240300200052,1,39.7,18.05
88361,Silver,16-Apr-17,16-Apr-17,123078364,230100200057,1,226.8,105.55
88698,Silver,16-Apr-17,21-Apr-17,123079123,220200100225,4,256.4,30.2
89185,Gold,16-Apr-17,16-Apr-17,123078367,220200300161,1,22.6,9.65
90637,Platinum,16-Apr-17,16-Apr-17,123079160,210200300052,1,21.9,11.05
91740,SILVER,16-Apr-17,25-Apr-17,123079571,240500100064,1,55.7,24.2
93126,Gold,16-Apr-17,19-Apr-17,123079639,230100300001,1,12.7,5.75
318,Silver,17-Apr-17,21-Apr-17,123085756,240100400121,2,233,56.8
1225,Gold,17-Apr-17,18-Apr-17,123084297,220100400028,2,137,32.6
1316,Gold,17-Apr-17,17-Apr-17,123082834,240100100291,1,28.1,12.15
1980,Gold,17-Apr-17,17-Apr-17,123084306,210200400047,2,61.2,15.4
2946,Platinum,17-Apr-17,19-Apr-17,123083685,240100100231,1,11.4,5.3
5174,Gold,17-Apr-17,17-Apr-17,123082886,220200100142,1,105.4,52.8
5462,Gold,17-Apr-17,17-Apr-17,123084334,240100100135,2,448.4,92
6585,Silver,17-Apr-17,22-Apr-17,123082901,240700400010,2,122.6,31.95
6703,SILVER,17-Apr-17,17-Apr-17,123081870,220101400328,3,56.4,8.75
6967,SILVER,17-Apr-17,17-Apr-17,123084355,220100100385,2,22.8,5.75
7607,Gold,17-Apr-17,17-Apr-17,123084770,230100200043,1,56.7,27.25
8354,Silver,17-Apr-17,17-Apr-17,123083710,220200100210,1,93.9,47.05
11275,GOLD,17-Apr-17,17-Apr-17,123086082,220100100108,1,114.2,57.2
11485,Silver,17-Apr-17,17-Apr-17,123081313,210200500012,1,79,32.8
11757,Gold,17-Apr-17,17-Apr-17,123084392,240100400142,4,615.2,77
12896,Gold,17-Apr-17,17-Apr-17,123082978,240100100458,1,6.7,2.95
13037,Silver,17-Apr-17,17-Apr-17,123084396,210201000030,1,22.3,10.25
13159,Gold,17-Apr-17,17-Apr-17,123081325,240500200101,1,119.4,49.75
13297,Silver,17-Apr-17,17-Apr-17,123081982,220100100113,1,44.7,22.45
14118,Silver,17-Apr-17,17-Apr-17,123084410,220100100528,2,70,17.6
15114,Silver,17-Apr-17,17-Apr-17,123084425,220100700042,1,83.2,35.3
15148,GOLD,17-Apr-17,17-Apr-17,123084434,230100700008,1,494.4,241
16575,Silver,17-Apr-17,17-Apr-17,123086276,220200100198,1,101.6,50.9
16653,Gold,17-Apr-17,23-Apr-17,123082028,230100700011,1,252,103.95
16792,Silver,17-Apr-17,17-Apr-17,123084445,240400200099,2,13.6,2.3
18984,Gold,17-Apr-17,17-Apr-17,123082053,220100100580,1,56.5,28.35
20867,Silver,17-Apr-17,17-Apr-17,123082055,220101400113,2,75.6,17.2
23465,Gold,17-Apr-17,23-Apr-17,123086419,240500200042,1,37,17.6
23760,Gold,17-Apr-17,20-Apr-17,123086434,240500100044,1,71.2,28.5
23818,SILVER,17-Apr-17,17-Apr-17,123082707,230100200004,3,299.7,50.05
25707,SILVER,17-Apr-17,17-Apr-17,123084476,240100200014,1,55.4,22.8
25865,Silver,17-Apr-17,20-Apr-17,123083780,240100200014,1,55.4,22.8
27025,Silver,17-Apr-17,21-Apr-17,123084897,220100100385,2,22.8,5.75
28619,Silver,17-Apr-17,17-Apr-17,123082206,230100500058,1,16.7,7.25
30710,Gold,17-Apr-17,17-Apr-17,123083790,210200900033,1,14.1,6.4
31195,Silver,17-Apr-17,17-Apr-17,123086598,230100600012,3,70.2,11.4
31841,Silver,17-Apr-17,20-Apr-17,123084514,220100100245,2,60,15.1
32735,Gold,17-Apr-17,17-Apr-17,123084523,240200100078,1,159.9,83.1
32910,SILVER,17-Apr-17,17-Apr-17,123086642,240500200011,1,30.8,14.35
33284,Silver,17-Apr-17,17-Apr-17,123086668,220200100150,1,44.9,22.55
33603,Gold,17-Apr-17,18-Apr-17,123082272,240400300030,2,111,22.25
33724,Silver,17-Apr-17,17-Apr-17,123083808,220100500020,1,104.4,46.25
33794,Silver,17-Apr-17,17-Apr-17,123083072,220200300017,1,99.5,44.3
33922,Gold,17-Apr-17,17-Apr-17,123082280,220100500018,1,65.8,30
34528,Gold,17-Apr-17,17-Apr-17,123082289,220101400030,1,10.9,4.4
34873,Silver,17-Apr-17,17-Apr-17,123082314,220101200011,1,79,31.55
35492,Silver,17-Apr-17,22-Apr-17,123082322,220100700022,2,103.4,21.9
36582,Silver,17-Apr-17,19-Apr-17,123086704,240500100026,1,55.2,24.5
37535,Silver,17-Apr-17,19-Apr-17,123084952,220200300061,1,106.4,48.45
38474,Silver,17-Apr-17,18-Apr-17,123083106,210200300093,1,27.9,14.05
38868,Gold,17-Apr-17,17-Apr-17,123084576,240100100044,1,80.4,34.9
41934,SILVER,17-Apr-17,19-Apr-17,123082392,230100600022,1,84.1,42.15
43015,Gold,17-Apr-17,17-Apr-17,123086853,220100100449,1,60.9,30.55
44421,GOLD,17-Apr-17,17-Apr-17,123082398,240700400008,3,83.7,12.1
44615,GOLD,17-Apr-17,21-Apr-17,123083109,220200300084,1,120.2,54.7
45075,Gold,17-Apr-17,17-Apr-17,123082402,230100600021,1,84.2,42.2
45499,Gold,17-Apr-17,17-Apr-17,123083846,210200600050,1,49.6,20.55
46499,Silver,17-Apr-17,17-Apr-17,123084604,220200100202,1,92,46.1
47519,GOLD,17-Apr-17,19-Apr-17,123087014,240100100429,1,4.6,1.35
50234,Silver,17-Apr-17,17-Apr-17,123084999,220100300002,1,77.5,32.25
51120,SILVER,17-Apr-17,17-Apr-17,123087104,230100200025,3,750.3,113.65
51534,Silver,17-Apr-17,17-Apr-17,123082498,220100100428,1,61.2,30.7
51670,SILVER,17-Apr-17,20-Apr-17,123087110,240100100305,2,17.4,4
53473,Gold,17-Apr-17,17-Apr-17,123084650,240100400022,2,374.6,87.35
55300,Silver,17-Apr-17,19-Apr-17,123085467,230100700009,1,540.7,276
55396,Silver,17-Apr-17,17-Apr-17,123087225,230100600028,3,290.1,48.45
56414,Gold,17-Apr-17,17-Apr-17,123087270,210200700014,1,16.8,6.8
58431,Gold,17-Apr-17,17-Apr-17,123083920,240100300006,3,154.5,22.8
59414,SILVER,17-Apr-17,17-Apr-17,123081431,210200600040,2,96.2,21.15
61014,SILVER,17-Apr-17,17-Apr-17,123085083,230100600018,1,64.2,32.2
61719,GOLD,17-Apr-17,17-Apr-17,123082632,240500100032,3,164.7,24.35
62867,Silver,17-Apr-17,17-Apr-17,123083937,240100300001,5,177.5,17.9
62951,Silver,17-Apr-17,17-Apr-17,123084708,240700400004,2,26.4,5.95
64518,Gold,17-Apr-17,17-Apr-17,123082674,220200100124,4,248.4,31.15
65258,Gold,17-Apr-17,17-Apr-17,123082683,240100300006,5,257.5,22.8
71669,Silver,17-Apr-17,17-Apr-17,123083965,240800200032,1,47,20.5
73122,SILVER,17-Apr-17,22-Apr-17,123083279,240700400031,2,108,27.1
73560,Silver,17-Apr-17,19-Apr-17,123085520,240100100646,2,219.8,46.8
75261,SILVER,17-Apr-17,17-Apr-17,123083369,220100700038,1,100.2,47.75
75311,Silver,17-Apr-17,22-Apr-17,123084013,210201000197,1,41.7,18.55
77045,Silver,17-Apr-17,17-Apr-17,123084034,240700100007,1,22.85,9.3
77886,Gold,17-Apr-17,20-Apr-17,123084044,210200200005,1,27.7,12.05
79714,Silver,17-Apr-17,17-Apr-17,123084100,240100300006,2,103,22.8
80396,Silver,17-Apr-17,17-Apr-17,123083470,240500100043,1,26,8.8
82162,PLATINUM,17-Apr-17,17-Apr-17,123085576,240100100458,1,6.7,2.95
83312,Silver,17-Apr-17,17-Apr-17,123083511,240100100556,1,111.8,49
85298,Gold,17-Apr-17,21-Apr-17,123081276,240100400129,2,474.8,111
88621,Gold,17-Apr-17,17-Apr-17,123084204,230100100006,1,176,74.55
91019,Silver,17-Apr-17,17-Apr-17,123084239,210200400086,1,39.9,20.05
91068,Silver,17-Apr-17,17-Apr-17,123085653,210200700012,1,22.3,9.25
36,Silver,18-Apr-17,20-Apr-17,123091675,240500100039,1,34.5,15.4
393,Gold,18-Apr-17,21-Apr-17,123091696,240500200069,1,10.2,4.85
632,Silver,18-Apr-17,18-Apr-17,123090306,240400300009,2,124.2,25.8
1966,SILVER,18-Apr-17,18-Apr-17,123089170,210200100009,1,34.7,15.5
2388,Silver,18-Apr-17,20-Apr-17,123091781,240100100297,1,5.7,2.65
2467,Silver,18-Apr-17,19-Apr-17,123091785,240800200009,1,85.6,34.3
2602,GOLD,18-Apr-17,18-Apr-17,123091812,220200100002,3,117.3,19.65
3060,Silver,18-Apr-17,18-Apr-17,123091826,220101400235,1,52.3,23.85
3191,Silver,18-Apr-17,18-Apr-17,123089179,210200400052,1,41.6,20.9
3442,Silver,18-Apr-17,18-Apr-17,123090330,220200200018,3,199.2,30.25
4896,GOLD,18-Apr-17,21-Apr-17,123087999,230100500082,1,126.1,58.6
5181,GOLD,18-Apr-17,18-Apr-17,123091916,220100800017,2,70.8,16.95
5251,Silver,18-Apr-17,23-Apr-17,123091925,240100100661,1,23.2,9.95
5654,SILVER,18-Apr-17,18-Apr-17,123091965,220100100468,3,270.6,45.05
6145,Silver,18-Apr-17,18-Apr-17,123090354,220200300157,1,73.4,36.65
6367,Gold,18-Apr-17,18-Apr-17,123089832,210201000063,1,16.9,6.55
6554,Gold,18-Apr-17,19-Apr-17,123090359,220101400145,1,16.6,7.7
6777,Gold,18-Apr-17,22-Apr-17,123088051,230100700008,1,494.4,241
7190,Gold,18-Apr-17,23-Apr-17,123091973,240700100017,3,78.6,11.2
7455,Gold,18-Apr-17,18-Apr-17,123090395,240200100050,1,13.5,6.65
8546,Gold,18-Apr-17,18-Apr-17,123091984,210201000040,1,39.6,18.05
10485,Gold,18-Apr-17,18-Apr-17,123090407,210200300053,2,84.8,21.3
10773,Silver,18-Apr-17,21-Apr-17,123092063,240500100030,1,54.8,24.3
10877,Silver,18-Apr-17,18-Apr-17,123089858,220200300127,1,49.4,22.05
12330,GOLD,18-Apr-17,18-Apr-17,123088101,240100100440,1,141.9,70.9
12754,Silver,18-Apr-17,18-Apr-17,123090425,240200100118,2,351,89.55
12876,Silver,18-Apr-17,18-Apr-17,123089188,220200100078,1,110.8,55.5
12938,Gold,18-Apr-17,21-Apr-17,123092130,240100400079,2,460.6,102.45
14210,Gold,18-Apr-17,18-Apr-17,123088123,240700100013,1,23.99,9.75
14704,Silver,18-Apr-17,19-Apr-17,123090455,240100100669,1,47.8,20.4
15301,Silver,18-Apr-17,18-Apr-17,123090468,240200100230,1,14.5,6.55
16160,SILVER,18-Apr-17,18-Apr-17,123088164,230100100035,4,283.2,29.8
17320,Gold,18-Apr-17,18-Apr-17,123089218,220100700020,2,206,49.1
17438,SILVER,18-Apr-17,18-Apr-17,123087540,240100400053,1,98.7,46.9
17449,Silver,18-Apr-17,18-Apr-17,123089866,220200300157,1,73.4,36.65
17956,Silver,18-Apr-17,18-Apr-17,123089884,220200200036,3,180.6,27.4
18877,Gold,18-Apr-17,18-Apr-17,123089240,240100300006,2,103,22.8
19673,Silver,18-Apr-17,22-Apr-17,123092295,240600100141,1,39.2,15.75
20016,Silver,18-Apr-17,18-Apr-17,123092305,220100100607,1,30.8,15.5
22321,Gold,18-Apr-17,20-Apr-17,123088257,220101300012,2,36.8,8.3
23760,Gold,18-Apr-17,18-Apr-17,123092446,220101200008,2,71.4,14.3
24413,Gold,18-Apr-17,18-Apr-17,123090530,220100100563,1,38.6,19.4
25399,Silver,18-Apr-17,24-Apr-17,123092520,230100300006,1,68.5,34.35
26602,Gold,18-Apr-17,18-Apr-17,123088310,240100100403,1,168.7,76.55
26980,Gold,18-Apr-17,18-Apr-17,123087576,230100200073,1,46.9,20.2
27033,Silver,18-Apr-17,20-Apr-17,123090552,220101400371,1,25.7,12.8
27607,Silver,18-Apr-17,19-Apr-17,123090578,220200100218,1,75.2,37.7
27726,Silver,18-Apr-17,22-Apr-17,123091036,220100100205,1,68,34.1
28351,Gold,18-Apr-17,22-Apr-17,123087920,240200100022,1,3.7,1.75
28783,SILVER,18-Apr-17,18-Apr-17,123089259,210200300114,1,40.6,20.4
28917,Gold,18-Apr-17,18-Apr-17,123090599,220200100182,1,129.7,64.95
30444,GOLD,18-Apr-17,19-Apr-17,123092631,220101300019,1,55.2,22.15
32005,Gold,18-Apr-17,18-Apr-17,123089290,220200200018,1,66.4,30.25
32187,SILVER,18-Apr-17,18-Apr-17,123088393,240100100245,1,19.9,9.05
32364,Silver,18-Apr-17,18-Apr-17,123090605,210201000125,1,51.3,23.4
32638,Silver,18-Apr-17,18-Apr-17,123090609,220100100023,1,55.2,27.7
33936,Silver,18-Apr-17,18-Apr-17,123089935,240800200051,1,26.1,12.45
34284,Gold,18-Apr-17,21-Apr-17,123088998,240500200091,1,10.2,4.9
35441,Silver,18-Apr-17,18-Apr-17,123088472,230100500056,1,8,3.5
36526,SILVER,18-Apr-17,23-Apr-17,123088495,220200300089,1,119.3,53.1
37439,GOLD,18-Apr-17,26-Apr-17,123088519,220101200002,1,88,35.25
38995,GOLD,18-Apr-17,20-Apr-17,123091054,220200200072,1,132.1,60.05
40779,Gold,18-Apr-17,19-Apr-17,123087610,240100200006,2,58.2,12.3
40940,GOLD,18-Apr-17,23-Apr-17,123088570,220200100212,4,414,51.85
42367,GOLD,18-Apr-17,24-Apr-17,123090718,220100200006,1,39.6,15.9
42386,Silver,18-Apr-17,22-Apr-17,123090728,220101100016,2,32.8,6.85
42404,Silver,18-Apr-17,23-Apr-17,123089364,220101400238,1,56.9,25.95
43316,SILVER,18-Apr-17,18-Apr-17,123092872,240300100007,1,327.6,156.9
44314,Gold,18-Apr-17,28-Apr-17,123088638,240500100060,1,54.7,23.85
44394,Silver,18-Apr-17,18-Apr-17,123087644,220101100013,1,11.3,4.95
45043,Gold,18-Apr-17,22-Apr-17,123092942,240400200012,1,160.9,69.6
46803,Silver,18-Apr-17,22-Apr-17,123089386,240700400026,2,37,8.45
46922,Silver,18-Apr-17,18-Apr-17,123088689,240500100041,1,116.1,46.5
47114,Gold,18-Apr-17,18-Apr-17,123090739,210201000043,1,12.2,5.5
47207,Silver,18-Apr-17,18-Apr-17,123088695,240800200008,1,150.25,60.1
48044,GOLD,18-Apr-17,19-Apr-17,123093009,240100100332,1,32.8,14
48644,GOLD,18-Apr-17,18-Apr-17,123090761,240200200014,1,129.2,13.3
49368,Gold,18-Apr-17,18-Apr-17,123090769,220200100182,1,129.7,64.95
50936,Gold,18-Apr-17,18-Apr-17,123088783,220200300158,1,87.3,40.7
51393,Silver,18-Apr-17,18-Apr-17,123089983,230100100045,1,124.8,53.6
51901,Silver,18-Apr-17,21-Apr-17,123089992,210200600100,1,5.2,2.25
53794,Silver,18-Apr-17,18-Apr-17,123088823,220101100022,1,21.5,8.95
54041,GOLD,18-Apr-17,18-Apr-17,123091440,220100700038,2,200.4,47.75
54486,Gold,18-Apr-17,23-Apr-17,123093146,240700100001,3,70.2,12.2
54542,Silver,18-Apr-17,20-Apr-17,123090008,240100400046,6,1969.8,165.95
55856,Gold,18-Apr-17,24-Apr-17,123088859,240800100080,1,211.6,94.25
56873,GOLD,18-Apr-17,22-Apr-17,123091128,240300100031,1,421.4,218.1
57913,Gold,18-Apr-17,18-Apr-17,123090847,240100200004,1,35.2,14.8
58720,Gold,18-Apr-17,18-Apr-17,123093266,240200100183,1,95.7,47.95
59264,Gold,18-Apr-17,19-Apr-17,123091656,230100600039,3,320.4,51.1
59510,Gold,18-Apr-17,18-Apr-17,123090053,240100300006,2,103,22.8
59854,Silver,18-Apr-17,18-Apr-17,123090882,220200200068,1,100.9,43.9
59914,Gold,18-Apr-17,18-Apr-17,123088889,240100100498,1,9,3.5
60511,GOLD,18-Apr-17,24-Apr-17,123090063,240100400078,4,1402,175.2
61113,Silver,18-Apr-17,18-Apr-17,123093332,220101400152,2,26.2,5.9
61494,Gold,18-Apr-17,18-Apr-17,123090895,220200100002,1,39.1,19.65
62144,Silver,18-Apr-17,18-Apr-17,123088919,220101000007,1,23.8,10.65
62274,Gold,18-Apr-17,18-Apr-17,123093348,240700200019,1,16.9,8.6
63737,SILVER,18-Apr-17,18-Apr-17,123088932,220200200002,3,199.5,30.2
64429,Silver,18-Apr-17,18-Apr-17,123090940,240100200012,1,32.2,13.35
71377,Silver,18-Apr-17,23-Apr-17,123089460,240800200034,1,66.7,30.25
73868,Silver,18-Apr-17,18-Apr-17,123091182,220200100183,1,79.2,39.7
74688,Gold,18-Apr-17,18-Apr-17,123087766,220100800070,1,25.4,12.15
75114,Silver,18-Apr-17,18-Apr-17,123091197,220200300073,1,80,36.5
75680,SILVER,18-Apr-17,18-Apr-17,123090143,240300100032,1,582.7,291.3
75824,SILVER,18-Apr-17,18-Apr-17,123090145,210201000108,1,34.6,15.5
76020,Gold,18-Apr-17,19-Apr-17,123089097,240500100054,1,70.5,28.25
76317,Silver,18-Apr-17,22-Apr-17,123089102,240500100033,1,65.4,28.95
79320,Gold,18-Apr-17,18-Apr-17,123091206,230100100062,1,141.7,61
79857,Gold,18-Apr-17,18-Apr-17,123087817,230100500082,1,126.1,58.6
82113,Silver,18-Apr-17,19-Apr-17,123091222,220101400392,1,99.3,45.15
82615,Silver,18-Apr-17,21-Apr-17,123091569,230100100046,1,134.8,55.1
84198,Gold,18-Apr-17,18-Apr-17,123091587,240700400002,2,67.2,14.65
85467,Gold,18-Apr-17,18-Apr-17,123087852,230100500081,1,73,30.35
86812,Gold,18-Apr-17,18-Apr-17,123091614,210200400029,2,97.4,24.45
87833,Gold,18-Apr-17,18-Apr-17,123089744,240100100291,2,56.2,12.15
88840,Silver,18-Apr-17,20-Apr-17,123091621,220200300142,3,330.9,50.25
90541,Silver,18-Apr-17,20-Apr-17,123091311,220100100464,1,86.7,43.3
91704,SILVER,18-Apr-17,18-Apr-17,123089783,240600100169,2,56,11.95
91965,Gold,18-Apr-17,18-Apr-17,123089138,240100400099,2,346.4,127
92087,Silver,18-Apr-17,18-Apr-17,123091316,220101400132,1,54.7,24.95
92351,Silver,18-Apr-17,18-Apr-17,123091325,220101400215,1,18.2,8.45
93997,GOLD,18-Apr-17,18-Apr-17,123091346,240400300024,2,79.4,18.1
1316,Silver,19-Apr-17,19-Apr-17,123093777,240100100127,2,69.4,15.45
1943,Gold,19-Apr-17,21-Apr-17,123095655,240400200056,1,166.4,79.35
3101,Silver,19-Apr-17,19-Apr-17,123095709,220100100064,2,46.4,11.7
3315,GOLD,19-Apr-17,19-Apr-17,123094425,220200200005,1,47,21.45
3426,GOLD,19-Apr-17,19-Apr-17,123094434,220200100096,3,219.6,36.7
4717,Gold,19-Apr-17,19-Apr-17,123095738,220100100058,1,66.9,33.4
12175,Gold,19-Apr-17,19-Apr-17,123093819,210201000004,1,33.9,14.75
13448,Silver,19-Apr-17,19-Apr-17,123095322,220100500026,1,63,28.7
14056,Gold,19-Apr-17,20-Apr-17,123095938,240100100140,1,23,9.25
17962,Silver,19-Apr-17,19-Apr-17,123093868,210200600025,1,38.5,17.9
20204,GOLD,19-Apr-17,19-Apr-17,123094883,230100100046,2,269.6,55.1
23209,Platinum,19-Apr-17,19-Apr-17,123093906,240300100039,1,13.7,6
25073,Silver,19-Apr-17,19-Apr-17,123096187,240300200047,1,42.7,19.4
28496,Silver,19-Apr-17,19-Apr-17,123093496,220101400175,1,22.3,10
28783,Gold,19-Apr-17,19-Apr-17,123093931,240100300006,2,103,22.8
29904,SILVER,19-Apr-17,19-Apr-17,123093501,220101400162,1,18.5,8.6
32066,Silver,19-Apr-17,24-Apr-17,123096291,240500200089,1,17.9,8.5
33497,Gold,19-Apr-17,19-Apr-17,123094939,220200300082,3,213,32.3
36609,Platinum,19-Apr-17,26-Apr-17,123096418,240500100031,1,57.3,25.45
38892,Platinum,19-Apr-17,19-Apr-17,123094956,240100100305,1,8.7,4
43325,GOLD,19-Apr-17,25-Apr-17,123096909,240100400019,2,226.8,54.5
46568,Gold,19-Apr-17,25-Apr-17,123095590,230100400016,1,23.7,9.4
52545,Silver,19-Apr-17,19-Apr-17,123096663,210200400089,1,42.6,21.4
56341,GOLD,19-Apr-17,19-Apr-17,123095408,240100400111,2,206.6,49.2
56556,Silver,19-Apr-17,22-Apr-17,123093554,230100500055,2,51,10.75
56714,GOLD,19-Apr-17,19-Apr-17,123094007,240600100080,1,28.3,8.55
57018,GOLD,19-Apr-17,19-Apr-17,123096743,220100100594,1,112,56.1
58076,Gold,19-Apr-17,22-Apr-17,123096785,240800200058,1,40.4,18.25
58495,Gold,19-Apr-17,19-Apr-17,123093558,230100700008,1,494.4,241
61110,Silver,19-Apr-17,19-Apr-17,123094061,220200200035,1,101.5,46.25
61972,Gold,19-Apr-17,19-Apr-17,123094071,220100800021,2,34.4,8.25
62940,Silver,19-Apr-17,19-Apr-17,123095035,230100200025,1,250.1,113.65
62987,Silver,19-Apr-17,24-Apr-17,123094669,210200100017,1,38.3,17.05
63076,Gold,19-Apr-17,19-Apr-17,123096849,220100100600,1,56.3,28.25
63606,GOLD,19-Apr-17,19-Apr-17,123096857,220100700022,2,103.4,21.9
65245,Gold,19-Apr-17,25-Apr-17,123096885,240700300004,1,17,8.1
70837,Silver,19-Apr-17,19-Apr-17,123095054,220100900009,2,174.2,34.9
70851,Silver,19-Apr-17,19-Apr-17,123094090,240600100004,1,53.9,22.35
70959,Gold,19-Apr-17,19-Apr-17,123094702,220200100084,1,106.5,51.55
71144,Silver,19-Apr-17,19-Apr-17,123094092,240100400057,2,435,161.2
77385,Gold,19-Apr-17,19-Apr-17,123095133,230100100050,1,51.8,21.95
77641,Silver,19-Apr-17,19-Apr-17,123094182,240100300001,2,71,17.9
77754,GOLD,19-Apr-17,19-Apr-17,123095157,220101400017,1,11.1,5
83302,Silver,19-Apr-17,19-Apr-17,123094763,230100700002,1,220,135
84475,Gold,19-Apr-17,19-Apr-17,123094232,210201000167,1,33.8,15.4
85082,Silver,19-Apr-17,23-Apr-17,123095190,220100700038,1,100.2,47.75
85251,Silver,19-Apr-17,19-Apr-17,123094780,240400300032,2,63.8,12.85
86756,Gold,19-Apr-17,23-Apr-17,123094389,210200600069,1,55.6,23.7
89013,GOLD,19-Apr-17,19-Apr-17,123094308,220200200060,1,58.5,26.65
90227,Gold,19-Apr-17,19-Apr-17,123094338,220200100213,1,116.3,56.3
90428,Silver,19-Apr-17,19-Apr-17,123093690,230100600031,1,88.5,42.45
91688,Gold,19-Apr-17,19-Apr-17,123094349,220200200072,1,132.1,60.05
102,Silver,20-Apr-17,20-Apr-17,123000900,220100100528,2,70,17.6
1835,Gold,20-Apr-17,20-Apr-17,123098713,220100800046,2,130.6,31.15
2122,Silver,20-Apr-17,20-Apr-17,123000997,220100100106,2,186.2,46.65
2148,GOLD,20-Apr-17,20-Apr-17,123001002,230100500087,4,364.4,37.95
2678,GOLD,20-Apr-17,20-Apr-17,123098064,220101300006,1,27.3,12.25
3101,Gold,20-Apr-17,20-Apr-17,123001025,230100100058,1,48.3,20.5
3111,SILVER,20-Apr-17,20-Apr-17,123001052,240200100186,1,1.4,0.65
4176,GOLD,20-Apr-17,20-Apr-17,123001065,210200600056,2,100.8,22.75
7247,Gold,20-Apr-17,20-Apr-17,123097346,220100800056,1,70.3,33.6
9999,Silver,20-Apr-17,25-Apr-17,123097417,230100600017,1,55.7,27.95
11914,Silver,20-Apr-17,20-Apr-17,123097419,220200100099,1,157.8,79
12707,Gold,20-Apr-17,21-Apr-17,123099920,240200200060,1,184.5,73.85
13031,Silver,20-Apr-17,25-Apr-17,123001205,240100100581,2,55,11.35
13376,Silver,20-Apr-17,20-Apr-17,123098115,220100300017,1,22.4,10.6
14035,GOLD,20-Apr-17,20-Apr-17,123099512,220101000005,1,53.1,22.5
16075,Silver,20-Apr-17,30-Apr-17,123001249,220101400357,2,26.4,5.95
18133,Silver,20-Apr-17,26-Apr-17,123000471,230100600012,3,70.2,11.4
18405,Gold,20-Apr-17,22-Apr-17,123099982,220200300082,1,71,32.3
18697,Silver,20-Apr-17,21-Apr-17,123001321,240600100080,1,28.3,8.55
18715,Gold,20-Apr-17,20-Apr-17,123001326,240700300004,1,17,8.1
18747,Silver,20-Apr-17,20-Apr-17,123001332,220101400045,1,31.5,13.45
21544,SILVER,20-Apr-17,20-Apr-17,123001371,240100400103,2,596.4,149.05
22208,GOLD,20-Apr-17,20-Apr-17,123000005,220101400089,1,36.7,16.75
22969,Gold,20-Apr-17,20-Apr-17,123001403,220100100207,1,54.7,27.45
23157,Gold,20-Apr-17,20-Apr-17,123097536,220200100072,1,100.4,50.3
23731,Silver,20-Apr-17,20-Apr-17,123000506,240100100707,1,95,39.4
23821,Gold,20-Apr-17,21-Apr-17,123001436,220200300029,1,71.6,32.6
23907,Gold,20-Apr-17,21-Apr-17,123001442,240800100021,1,129.3,57.6
23991,Silver,20-Apr-17,26-Apr-17,123097564,240100300005,2,90,19.2
25681,Silver,20-Apr-17,20-Apr-17,123097575,230100100013,1,113.1,58.9
26471,Gold,20-Apr-17,20-Apr-17,123000525,220200100153,1,48.2,24.2
27717,Silver,20-Apr-17,20-Apr-17,123099604,230100700008,1,494.4,241
28738,Gold,20-Apr-17,22-Apr-17,123000887,230100500022,1,150.1,64.1
29087,Silver,20-Apr-17,20-Apr-17,123001511,230100600043,1,63.8,30.8
30763,Gold,20-Apr-17,22-Apr-17,123098169,210200600067,2,134,28.9
31854,Silver,20-Apr-17,27-Apr-17,123099632,220100100264,1,57.4,28.8
32301,Gold,20-Apr-17,20-Apr-17,123099640,210200400096,1,47.2,23.7
33593,SILVER,20-Apr-17,25-Apr-17,123098903,240100400053,4,394.8,46.9
35215,Silver,20-Apr-17,20-Apr-17,123097722,220200300083,1,53,26.6
35833,Silver,20-Apr-17,20-Apr-17,123096994,240100200014,2,110.8,22.8
39645,Gold,20-Apr-17,20-Apr-17,123001696,240400300009,2,124.2,25.8
42076,Silver,20-Apr-17,20-Apr-17,123001755,220100100218,1,36.7,18.45
42661,Gold,20-Apr-17,20-Apr-17,123097823,240100100262,1,23.2,9.7
42843,Gold,20-Apr-17,23-Apr-17,123001778,240100100632,2,48.8,17.5
43449,SILVER,20-Apr-17,25-Apr-17,123001791,240800100019,1,32.1,18.7
44030,Gold,20-Apr-17,20-Apr-17,123099760,220200300079,1,64.3,28.65
45376,Gold,20-Apr-17,20-Apr-17,123099763,240100400062,4,452.8,54
48021,Silver,20-Apr-17,20-Apr-17,123000092,220101100006,1,13.7,5.5
50316,Gold,20-Apr-17,20-Apr-17,123001955,220200100142,1,105.4,52.8
50804,Gold,20-Apr-17,20-Apr-17,123098289,220200300152,1,78.4,39.15
51101,Gold,20-Apr-17,24-Apr-17,123001961,240100400062,2,226.4,54
51967,Silver,20-Apr-17,20-Apr-17,123001985,230100500004,1,3.2,1.35
52075,SILVER,20-Apr-17,20-Apr-17,123000122,220200100081,1,114.7,57.45
52822,Silver,20-Apr-17,20-Apr-17,123000604,230100600033,1,85.1,40.65
53604,Silver,20-Apr-17,20-Apr-17,123002010,240500100029,1,58.9,26.1
54699,Gold,20-Apr-17,20-Apr-17,123097886,240300100005,1,6.5,2.6
55787,Silver,20-Apr-17,20-Apr-17,123099014,240100100528,2,108.2,23.85
56514,GOLD,20-Apr-17,20-Apr-17,123097914,220200200050,1,107.5,53.85
58804,Gold,20-Apr-17,20-Apr-17,123002124,220100100312,1,18.5,9.35
60295,Silver,20-Apr-17,20-Apr-17,123097934,240700400002,2,67.2,14.65
64668,Gold,20-Apr-17,26-Apr-17,123098001,240300300073,1,37.6,15.75
65589,Silver,20-Apr-17,20-Apr-17,123098359,230100500096,1,35.5,17.25
73702,GOLD,20-Apr-17,21-Apr-17,123098393,240700400032,3,92.4,6.75
76039,Gold,20-Apr-17,20-Apr-17,123000246,240400200023,1,131.7,55
76586,Gold,20-Apr-17,23-Apr-17,123000719,220200300164,1,82,37.45
78514,SILVER,20-Apr-17,24-Apr-17,123098527,210201000078,1,50.7,23.15
80321,Gold,20-Apr-17,20-Apr-17,123000286,240200200024,1,124.2,12.4
83409,Gold,20-Apr-17,20-Apr-17,123098577,220100100100,1,51.8,26
84307,Silver,20-Apr-17,23-Apr-17,123098592,240700400018,5,115,10.2
84311,Gold,20-Apr-17,24-Apr-17,123000311,220100400005,1,81.3,40.75
84555,Silver,20-Apr-17,25-Apr-17,123097264,240200100077,2,298.2,90.7
85077,Silver,20-Apr-17,20-Apr-17,123099251,210200400087,1,46.6,23.4
86508,SILVER,20-Apr-17,20-Apr-17,123098636,210200300010,2,23,5.8
88141,SILVER,20-Apr-17,20-Apr-17,123000358,220100100218,1,36.7,18.45
89346,Gold,20-Apr-17,22-Apr-17,123098646,220200100226,4,532.8,66.7
89365,Gold,20-Apr-17,20-Apr-17,123098035,220101400423,3,270.6,45.05
90186,SILVER,20-Apr-17,20-Apr-17,123099353,230100600030,1,86.3,41.4
91008,Silver,20-Apr-17,20-Apr-17,123098672,240500100006,4,184.4,21.05
91019,Silver,20-Apr-17,20-Apr-17,123099374,240500200095,4,116.4,13.95
91394,Gold,20-Apr-17,20-Apr-17,123000436,240200100022,4,14.8,1.75
93022,Silver,20-Apr-17,20-Apr-17,123000446,210201000125,1,51.3,23.4
241,SILVER,21-Apr-17,21-Apr-17,123004900,240100100328,1,34.5,15.35
289,Silver,21-Apr-17,27-Apr-17,123004921,220100800036,1,41.8,19.9
1943,SILVER,21-Apr-17,21-Apr-17,123005995,240300200004,1,34.9,12.65
4176,Silver,21-Apr-17,21-Apr-17,123006068,210200600055,1,85.5,36.7
6791,Gold,21-Apr-17,22-Apr-17,123006162,240700400008,3,83.7,12.1
7001,Silver,21-Apr-17,21-Apr-17,123004946,220200100037,1,102.6,51.4
9490,Gold,21-Apr-17,21-Apr-17,123003746,240500100027,3,136.5,20.2
11521,Gold,21-Apr-17,22-Apr-17,123004402,240100100646,2,219.8,46.8
12014,Silver,21-Apr-17,25-Apr-17,123006271,240800100081,1,206.7,93.7
13875,PLATINUM,21-Apr-17,23-Apr-17,123006330,240100400062,2,226.4,54
14877,Gold,21-Apr-17,21-Apr-17,123006361,240500100002,3,146.4,24.35
16183,Silver,21-Apr-17,21-Apr-17,123006382,240400300024,3,119.1,18.1
18508,Silver,21-Apr-17,21-Apr-17,123005714,240200200083,1,114.1,45.75
19349,Gold,21-Apr-17,21-Apr-17,123003173,230100200037,1,75.4,37.8
19809,Silver,21-Apr-17,22-Apr-17,123003178,230100500096,1,35.5,17.25
20694,Silver,21-Apr-17,22-Apr-17,123006443,230100600006,1,14,6.5
21511,Silver,21-Apr-17,21-Apr-17,123005386,240400200090,2,250.8,52.25
22088,Silver,21-Apr-17,21-Apr-17,123003199,230100500087,1,91.1,37.95
22313,Gold,21-Apr-17,25-Apr-17,123003218,230100500058,3,50.1,7.25
23183,Silver,21-Apr-17,22-Apr-17,123005393,220101400210,1,8.2,2.9
24152,Silver,21-Apr-17,22-Apr-17,123005010,220101400205,1,24.7,11.1
25582,Silver,21-Apr-17,21-Apr-17,123003267,240100100737,1,44.4,19.15
25653,Gold,21-Apr-17,21-Apr-17,123005013,240500100044,1,71.2,28.5
25819,Gold,21-Apr-17,21-Apr-17,123003276,220100500005,2,208.8,46
26779,Silver,21-Apr-17,21-Apr-17,123002439,230100200069,1,32.4,13.85
29868,Gold,21-Apr-17,21-Apr-17,123006590,210200300103,1,19.7,9.95
31155,Silver,21-Apr-17,25-Apr-17,123002541,220101300012,1,18.4,8.3
31245,Gold,21-Apr-17,21-Apr-17,123003336,240500200114,1,8.4,3.95
32412,Silver,21-Apr-17,21-Apr-17,123005056,240700400036,2,12.4,2.75
32547,Silver,21-Apr-17,21-Apr-17,123004447,220100200016,2,68.8,13.8
34169,Silver,21-Apr-17,24-Apr-17,123005075,210200600115,1,38.1,16.55
34873,Gold,21-Apr-17,21-Apr-17,123003359,240600100181,1,36.8,16
37657,Gold,21-Apr-17,21-Apr-17,123003424,220100300012,1,11.4,5.6
38603,Silver,21-Apr-17,22-Apr-17,123005086,220100100508,1,51.7,25.95
38794,GOLD,21-Apr-17,21-Apr-17,123006806,230100700008,1,494.4,241
39043,Silver,21-Apr-17,21-Apr-17,123004482,220101400244,1,44.2,20.15
39800,Silver,21-Apr-17,21-Apr-17,123005113,220100200021,1,31.9,12.8
39855,GOLD,21-Apr-17,21-Apr-17,123003437,220200100244,7,362.6,26
41426,Gold,21-Apr-17,26-Apr-17,123004485,240100100094,2,137.4,29.95
42211,Gold,21-Apr-17,21-Apr-17,123005755,240100100261,1,53,22.05
45447,Silver,21-Apr-17,21-Apr-17,123003896,220200100078,1,110.8,55.5
45787,SILVER,21-Apr-17,25-Apr-17,123004501,210200300125,1,42.6,21.4
46508,SILVER,21-Apr-17,24-Apr-17,123006990,240500200121,1,25.4,12.1
47096,Gold,21-Apr-17,21-Apr-17,123002592,230100600008,1,131.2,64.25
47872,Gold,21-Apr-17,21-Apr-17,123005173,220101200024,1,25.7,11.15
51165,Gold,21-Apr-17,21-Apr-17,123004533,220100300018,1,25.6,12.1
51554,Silver,21-Apr-17,26-Apr-17,123002631,210201000199,1,41.4,18.85
52067,SILVER,21-Apr-17,21-Apr-17,123007184,220101400392,2,198.6,45.15
52445,Gold,21-Apr-17,21-Apr-17,123007187,220200200035,1,101.5,46.25
53758,SILVER,21-Apr-17,21-Apr-17,123005208,220200200052,1,199.2,90.6
54925,Gold,21-Apr-17,24-Apr-17,123004547,240100100235,2,26.4,5.65
55374,Gold,21-Apr-17,21-Apr-17,123003942,210201100004,2,89.8,19.55
55883,SILVER,21-Apr-17,21-Apr-17,123005222,240100200001,1,15.9,6.3
56478,Silver,21-Apr-17,21-Apr-17,123003538,220100400027,1,88.1,41.95
58574,Gold,21-Apr-17,24-Apr-17,123007345,230100100016,1,168.6,71.75
64770,Gold,21-Apr-17,21-Apr-17,123005781,220101200025,1,26.3,11.4
64954,Silver,21-Apr-17,25-Apr-17,123003635,240300100037,1,21.7,9.75
65283,SILVER,21-Apr-17,21-Apr-17,123004571,240100300006,2,103,22.8
70647,GOLD,21-Apr-17,21-Apr-17,123004601,210201000209,1,54.2,24.2
70917,Gold,21-Apr-17,21-Apr-17,123004628,240400300024,3,119.1,18.1
71737,Gold,21-Apr-17,21-Apr-17,123002688,220101400129,1,40.5,18.45
72063,Gold,21-Apr-17,21-Apr-17,123005814,220101400383,1,48,23.95
72063,Silver,21-Apr-17,24-Apr-17,123005821,220200300082,1,71,32.3
73591,Silver,21-Apr-17,26-Apr-17,123002991,240200100020,1,182.4,96.75
73790,Gold,21-Apr-17,22-Apr-17,123004652,240100100382,1,8.9,4.15
74667,Gold,21-Apr-17,25-Apr-17,123004731,240100100673,1,59.9,25.35
75920,Gold,21-Apr-17,21-Apr-17,123004090,240500200009,3,42.3,5.95
76875,Silver,21-Apr-17,21-Apr-17,123004103,220200100091,1,87.7,43.95
76922,SILVER,21-Apr-17,21-Apr-17,123005838,220101200021,1,171.1,73.15
77213,Silver,21-Apr-17,21-Apr-17,123002739,230100700009,1,540.7,276
77877,Silver,21-Apr-17,22-Apr-17,123004109,220101400368,2,63.4,15.15
78460,Silver,21-Apr-17,21-Apr-17,123005857,240500200091,1,10.2,4.9
78958,Silver,21-Apr-17,21-Apr-17,123004760,240100100354,1,29.9,14.3
79194,Silver,21-Apr-17,21-Apr-17,123005864,240100100159,1,30.8,13.7
79434,SILVER,21-Apr-17,22-Apr-17,123003691,240600100106,1,51.2,21.3
79909,Gold,21-Apr-17,21-Apr-17,123004766,240200100146,2,692.6,192.35
81016,Silver,21-Apr-17,21-Apr-17,123004782,210200700015,1,20.9,8.55
81255,Gold,21-Apr-17,24-Apr-17,123002793,240100100135,1,224.2,92
81364,Gold,21-Apr-17,24-Apr-17,123004198,210201000029,1,9.5,4.3
81421,Silver,21-Apr-17,21-Apr-17,123005882,210200100013,2,84.6,18.85
82250,Gold,21-Apr-17,21-Apr-17,123004801,230100700004,3,1080,199
83376,Silver,21-Apr-17,26-Apr-17,123004802,210201100001,3,96,14
84922,SILVER,21-Apr-17,21-Apr-17,123005906,240700400007,2,36.6,8.1
87885,SILVER,21-Apr-17,24-Apr-17,123004834,240100100649,1,77.1,32.85
91351,Silver,21-Apr-17,22-Apr-17,123005618,240300200074,1,34.8,13.85
1020,Silver,22-Apr-17,22-Apr-17,123011644,210200600127,1,31.3,13.4
1235,Gold,22-Apr-17,22-Apr-17,123011652,240800200008,1,150.25,60.1
1299,Gold,22-Apr-17,27-Apr-17,123008059,240400300009,3,186.3,25.8
3436,Silver,22-Apr-17,29-Apr-17,123010416,230100100002,1,200.7,85.35
3841,Gold,22-Apr-17,24-Apr-17,123009745,240100400118,2,525.6,125.15
4063,Gold,22-Apr-17,22-Apr-17,123011301,220101200032,1,99.3,42.75
4720,Silver,22-Apr-17,24-Apr-17,123009753,210200700003,2,42.4,8.3
4802,Gold,22-Apr-17,22-Apr-17,123008090,220101400009,2,131.4,29.9
5543,Silver,22-Apr-17,22-Apr-17,123010438,240100100572,1,25.8,11.05
7966,Gold,22-Apr-17,22-Apr-17,123011319,230100600031,1,88.5,42.45
8125,GOLD,22-Apr-17,22-Apr-17,123008115,240800100031,1,201.8,91.5
8490,Gold,22-Apr-17,23-Apr-17,123011777,240700100001,3,70.2,12.2
9607,SILVER,22-Apr-17,28-Apr-17,123008118,230100600015,3,234.6,39.2
9874,Silver,22-Apr-17,25-Apr-17,123011812,240400200099,2,13.6,2.3
10970,Gold,22-Apr-17,22-Apr-17,123008961,220200100186,3,382.8,63.9
11642,Gold,22-Apr-17,26-Apr-17,123008147,220200100038,1,106.6,53.4
12971,GOLD,22-Apr-17,27-Apr-17,123008164,230100700011,1,252,103.95
13763,Gold,22-Apr-17,22-Apr-17,123010502,240100200001,1,15.9,6.3
14140,Silver,22-Apr-17,22-Apr-17,123010509,240200100052,2,199.4,51.4
15237,Platinum,22-Apr-17,22-Apr-17,123008176,240800200020,1,163.4,74.3
16013,Gold,22-Apr-17,22-Apr-17,123008181,220200200065,1,171.3,84.7
16170,Silver,22-Apr-17,22-Apr-17,123011346,220200100179,1,134.5,67.35
16332,SILVER,22-Apr-17,22-Apr-17,123007630,220101400392,1,99.3,45.15
17142,GOLD,22-Apr-17,22-Apr-17,123012000,220100100155,2,74.2,18.65
18010,SILVER,22-Apr-17,24-Apr-17,123007632,240100100582,1,35.5,14.85
18797,GOLD,22-Apr-17,22-Apr-17,123010550,210200600055,1,85.5,36.7
19903,GOLD,22-Apr-17,22-Apr-17,123009014,210200700016,1,23.5,9.2
19991,Gold,22-Apr-17,22-Apr-17,123008206,220200200059,1,136.7,62.3
22119,Gold,22-Apr-17,22-Apr-17,123009018,220101200021,1,171.1,73.15
22127,Gold,22-Apr-17,22-Apr-17,123012129,220100100218,1,36.7,18.45
22316,Gold,22-Apr-17,22-Apr-17,123010892,240100100655,2,101.6,22.3
24451,Gold,22-Apr-17,24-Apr-17,123012216,220101400316,1,29,13.3
24573,Silver,22-Apr-17,22-Apr-17,123012219,230100600036,1,103.2,50.4
24771,Silver,22-Apr-17,22-Apr-17,123008242,240100100078,1,14.5,6.2
25434,GOLD,22-Apr-17,22-Apr-17,123008244,220200100101,1,61,28.75
25611,Silver,22-Apr-17,24-Apr-17,123012221,240600100080,2,56.6,8.55
25675,Silver,22-Apr-17,27-Apr-17,123012224,240800200006,1,225.5,112.85
26910,Gold,22-Apr-17,23-Apr-17,123008279,230100600031,1,88.5,42.45
27911,Gold,22-Apr-17,22-Apr-17,123012292,230100600036,1,103.2,50.4
28802,Silver,22-Apr-17,22-Apr-17,123012352,220100100125,1,33.4,16.8
28901,Gold,22-Apr-17,27-Apr-17,123007568,240100100115,1,26.2,11.75
31446,Silver,22-Apr-17,22-Apr-17,123010579,220200100142,3,316.2,52.8
31452,Gold,22-Apr-17,22-Apr-17,123008361,240100100159,1,30.8,13.7
32285,SILVER,22-Apr-17,22-Apr-17,123009893,220101400383,1,48,23.95
32921,Silver,22-Apr-17,22-Apr-17,123009904,240300200048,1,37.1,16.9
33516,Gold,22-Apr-17,23-Apr-17,123008400,230100500092,4,462.4,48.15
35166,Silver,22-Apr-17,22-Apr-17,123008425,220100700039,1,55.1,27.65
35788,Silver,22-Apr-17,22-Apr-17,123008434,210200900014,2,71.4,17.35
36573,Silver,22-Apr-17,22-Apr-17,123008447,240100400127,4,734.4,85.8
37702,Silver,22-Apr-17,22-Apr-17,123008464,240100100458,1,6.7,2.95
37925,Silver,22-Apr-17,27-Apr-17,123007728,240100100065,1,34.7,13.8
38081,Silver,22-Apr-17,25-Apr-17,123012530,210200900025,1,16.9,7.4
38821,SILVER,22-Apr-17,24-Apr-17,123012544,210200300012,2,39.2,9.9
40299,Silver,22-Apr-17,22-Apr-17,123010641,240600100181,2,73.6,16
40518,Gold,22-Apr-17,28-Apr-17,123008474,230100500061,1,18.3,8.05
42616,Silver,22-Apr-17,24-Apr-17,123012654,240500200100,1,22.7,10.85
42887,SILVER,22-Apr-17,23-Apr-17,123012661,240600100067,1,46.4,19.2
43569,Silver,22-Apr-17,23-Apr-17,123011444,220200200071,1,95.4,41.45
44699,GOLD,22-Apr-17,24-Apr-17,123012688,240100100333,1,24.2,9.7
45936,Silver,22-Apr-17,22-Apr-17,123007748,240200100131,1,74.3,41.35
46078,Gold,22-Apr-17,22-Apr-17,123010019,220101400007,1,42.4,19.35
46650,Gold,22-Apr-17,22-Apr-17,123008512,220100100606,2,99.2,24.9
47691,Gold,22-Apr-17,22-Apr-17,123010689,220200100210,1,93.9,47.05
48866,Gold,22-Apr-17,23-Apr-17,123012771,240700400018,3,69,10.2
49319,Gold,22-Apr-17,22-Apr-17,123010027,220100100365,2,256.2,64.15
49783,Silver,22-Apr-17,22-Apr-17,123012788,240500200130,1,28,11.7
51277,Gold,22-Apr-17,22-Apr-17,123010031,240100100466,1,39.4,17.55
51702,Gold,22-Apr-17,22-Apr-17,123011023,220200100227,1,261.2,130.55
52066,Gold,22-Apr-17,25-Apr-17,123010719,240100200004,1,35.2,14.8
52621,Silver,22-Apr-17,22-Apr-17,123012876,230100100024,1,45.5,20.8
53629,Gold,22-Apr-17,22-Apr-17,123010049,220100900009,1,87.1,34.9
55680,Silver,22-Apr-17,22-Apr-17,123013044,220101500006,3,648.3,108.15
56658,GOLD,22-Apr-17,22-Apr-17,123011050,220200100092,3,249,41.6
60027,Silver,22-Apr-17,22-Apr-17,123008623,240800100088,1,191.8,76.8
61347,Gold,22-Apr-17,22-Apr-17,123013178,230100600005,3,389.4,63.2
61426,Gold,22-Apr-17,22-Apr-17,123013184,240300100056,1,48.1,24
61903,Silver,22-Apr-17,05-May-17,123011059,230100600039,3,320.4,51.1
70703,Gold,22-Apr-17,26-Apr-17,123010134,240100100556,1,111.8,49
74525,Silver,22-Apr-17,24-Apr-17,123007574,240100100511,1,14.1,6.2
74922,Gold,22-Apr-17,22-Apr-17,123009351,240600100046,1,8.5,3.3
75224,Gold,22-Apr-17,22-Apr-17,123011129,240100300006,2,103,22.8
77964,Silver,22-Apr-17,22-Apr-17,123011538,220200200041,1,112.6,51.3
78253,Gold,22-Apr-17,22-Apr-17,123008837,220101400339,1,32,14.65
80389,Gold,22-Apr-17,22-Apr-17,123009467,210200600057,1,94.3,40.5
80515,Gold,22-Apr-17,22-Apr-17,123010258,210201000029,1,9.5,4.3
81756,Silver,22-Apr-17,27-Apr-17,123008050,240200100085,2,33.6,7.7
81811,Gold,22-Apr-17,22-Apr-17,123011193,220101400117,1,45.6,20.85
82750,Gold,22-Apr-17,28-Apr-17,123011572,220200100190,1,63.5,29.95
83718,Silver,22-Apr-17,22-Apr-17,123011197,220200300131,1,70.1,31.95
84147,Gold,22-Apr-17,22-Apr-17,123008864,230100300001,2,25.4,5.75
88164,SILVER,22-Apr-17,22-Apr-17,123009618,240100100487,1,20.7,10.45
88844,Gold,22-Apr-17,22-Apr-17,123009631,210200300020,1,42.8,19.15
89162,Gold,22-Apr-17,25-Apr-17,123007971,240100200002,1,15.3,6.05
90320,Silver,22-Apr-17,22-Apr-17,123010356,230100600039,1,106.8,51.1
92013,Silver,22-Apr-17,26-Apr-17,123010399,210200300036,1,19.4,9.8
2287,Gold,23-Apr-17,27-Apr-17,123015545,220100500026,2,126,28.7
2367,SILVER,23-Apr-17,27-Apr-17,123015547,240100400048,2,585.4,144.65
2846,Gold,23-Apr-17,23-Apr-17,123016249,240500200058,1,23.1,11.05
3963,Gold,23-Apr-17,23-Apr-17,123014829,240600100124,1,65.4,27.3
3982,Silver,23-Apr-17,24-Apr-17,123017670,240100100707,3,285,39.4
4050,SILVER,23-Apr-17,23-Apr-17,123017676,240700100007,1,22.85,9.3
4222,GOLD,23-Apr-17,25-Apr-17,123016279,220100100123,1,55.1,27.65
7105,SILVER,23-Apr-17,23-Apr-17,123016304,240100100212,1,11.4,4.65
7699,Gold,23-Apr-17,25-Apr-17,123013938,230100500081,1,73,30.35
9563,Silver,23-Apr-17,23-Apr-17,123016315,240200100053,1,85.6,44.15
9961,Gold,23-Apr-17,23-Apr-17,123013993,220101400285,1,59.4,27.05
10093,Gold,23-Apr-17,27-Apr-17,123014856,240200100211,2,242,60.65
10705,Silver,23-Apr-17,23-Apr-17,123017830,240700200005,1,6,2.85
11345,Gold,23-Apr-17,23-Apr-17,123016676,220200300029,1,71.6,32.6
12367,Silver,23-Apr-17,23-Apr-17,123016683,220200100107,1,179,89.6
12372,GOLD,23-Apr-17,23-Apr-17,123016691,220101400223,1,36.5,16.65
13347,GOLD,23-Apr-17,27-Apr-17,123017866,240800200003,1,101.875,40.75
13758,Gold,23-Apr-17,23-Apr-17,123016700,220101400142,1,46.1,20.65
14608,Gold,23-Apr-17,23-Apr-17,123014885,240600100047,1,40.6,18.65
15682,Silver,23-Apr-17,23-Apr-17,123017929,220100300016,1,17.1,8.65
16070,Gold,23-Apr-17,24-Apr-17,123015581,240100400048,2,585.4,144.65
16408,Silver,23-Apr-17,23-Apr-17,123014069,240800200001,1,169.5,67.8
17032,Gold,23-Apr-17,25-Apr-17,123017945,240500200122,1,22.9,10.9
17999,Silver,23-Apr-17,26-Apr-17,123017988,240100100447,2,27,5.7
18077,Gold,23-Apr-17,23-Apr-17,123014090,220100100580,2,113,28.35
19388,Gold,23-Apr-17,25-Apr-17,123017999,220200100099,3,473.4,79
19973,Silver,23-Apr-17,23-Apr-17,123018038,240100100453,1,29.2,14.7
23554,Silver,23-Apr-17,23-Apr-17,123018109,220100100356,1,35.2,17.7
23965,Silver,23-Apr-17,23-Apr-17,123014147,240100400022,2,374.6,87.35
25369,Gold,23-Apr-17,23-Apr-17,123014197,240100100508,1,48.3,19.25
27086,GOLD,23-Apr-17,23-Apr-17,123014917,240500200011,4,123.2,14.35
27499,GOLD,23-Apr-17,25-Apr-17,123014233,230100600023,1,73.4,36.8
27833,Silver,23-Apr-17,25-Apr-17,123018186,220100100442,1,112.8,56.35
28890,Silver,23-Apr-17,23-Apr-17,123014266,220101100028,1,9.9,2.75
29637,Silver,23-Apr-17,23-Apr-17,123014268,240500200004,3,97.5,15.6
30632,Gold,23-Apr-17,28-Apr-17,123018278,240500200093,1,40.9,19.45
33333,Silver,23-Apr-17,04-May-17,123014324,220101400316,1,29,13.3
33387,Gold,23-Apr-17,23-Apr-17,123015705,220101400363,2,75.2,16.35
35160,SILVER,23-Apr-17,23-Apr-17,123018337,240100400151,4,1676,209.45
35180,Gold,23-Apr-17,23-Apr-17,123015715,240100400043,2,532,131.5
35785,SILVER,23-Apr-17,23-Apr-17,123016733,230100600030,1,86.3,41.4
37041,Gold,23-Apr-17,23-Apr-17,123018394,220200100171,3,168.9,31.05
38125,Gold,23-Apr-17,23-Apr-17,123016749,230100500055,1,25.5,10.75
38154,Gold,23-Apr-17,27-Apr-17,123014385,230100600022,3,252.3,42.15
38307,Silver,23-Apr-17,23-Apr-17,123015719,240400200091,2,434,90.4
38467,GOLD,23-Apr-17,23-Apr-17,123018453,230100500082,1,126.1,58.6
38863,Silver,23-Apr-17,23-Apr-17,123015724,210200400012,1,33.4,16.8
39399,Gold,23-Apr-17,28-Apr-17,123016764,220200100099,1,157.8,79
40091,Silver,23-Apr-17,23-Apr-17,123015730,220101400115,1,28.8,12.9
41506,Silver,23-Apr-17,23-Apr-17,123014735,240500200113,3,126.6,20.05
41901,Gold,23-Apr-17,27-Apr-17,123018624,240100100253,1,104.2,50.9
44314,Gold,23-Apr-17,05-May-17,123014468,240800100074,1,316.6,126.7
44394,Silver,23-Apr-17,29-Apr-17,123013442,220100100428,1,61.2,30.7
45530,Gold,23-Apr-17,23-Apr-17,123018734,230100600024,1,76.1,38.15
47094,GOLD,23-Apr-17,27-Apr-17,123015011,240700400018,2,46,10.2
47113,Silver,23-Apr-17,23-Apr-17,123016538,220200100194,3,367.8,61.4
47793,Silver,23-Apr-17,26-Apr-17,123013493,240100200001,1,15.9,6.3
48074,Gold,23-Apr-17,23-Apr-17,123017282,230100300020,1,38.8,16.25
48181,Silver,23-Apr-17,23-Apr-17,123015049,220200300161,1,22.6,9.65
48535,GOLD,23-Apr-17,23-Apr-17,123018812,240200200071,2,37.4,10
51161,Silver,23-Apr-17,26-Apr-17,123013496,240100200012,2,64.4,13.35
51365,Silver,23-Apr-17,23-Apr-17,123016851,220101400423,1,90.2,45.05
51473,Gold,23-Apr-17,23-Apr-17,123016573,220200200012,1,67.9,30.9
52032,Silver,23-Apr-17,23-Apr-17,123018941,240500200080,3,166.5,23.1
52887,SILVER,23-Apr-17,23-Apr-17,123018943,220100700026,2,161.8,38.5
53214,Gold,23-Apr-17,23-Apr-17,123018951,220100500018,2,131.6,30
54237,Gold,23-Apr-17,23-Apr-17,123018976,220100100153,1,50,25.1
55114,Gold,23-Apr-17,23-Apr-17,123018993,220101400067,2,23.8,5.4
55833,Gold,23-Apr-17,23-Apr-17,123015844,220200300096,1,172.5,78.5
55963,GOLD,23-Apr-17,23-Apr-17,123019003,230100300001,2,25.4,5.75
57407,Silver,23-Apr-17,25-Apr-17,123014601,230100700011,1,252,103.95
58130,SILVER,23-Apr-17,23-Apr-17,123015871,210201000044,1,14.7,6.75
60018,Gold,23-Apr-17,23-Apr-17,123016894,240500200110,1,76.3,31.85
61152,Gold,23-Apr-17,23-Apr-17,123014608,240500200060,1,35.5,16.55
61723,Gold,23-Apr-17,27-Apr-17,123017328,230100500080,3,75,12.2
63289,Gold,23-Apr-17,23-Apr-17,123016905,240100100719,1,41.1,17.9
63637,GOLD,23-Apr-17,23-Apr-17,123014654,240400200054,2,480.2,114.35
64326,GOLD,23-Apr-17,23-Apr-17,123015876,220101400174,1,12.9,6.5
64786,Gold,23-Apr-17,23-Apr-17,123016644,240100100002,1,17.5,7.5
70249,Gold,23-Apr-17,23-Apr-17,123015897,220101500016,2,416.75,83.35
70956,SILVER,23-Apr-17,25-Apr-17,123014750,240100100253,1,104.2,50.9
71280,Silver,23-Apr-17,23-Apr-17,123013535,240100200002,1,15.3,6.05
72572,Silver,23-Apr-17,26-Apr-17,123015149,240700400034,5,66,5.95
73583,Gold,23-Apr-17,29-Apr-17,123016972,240300100001,1,65.9,32.9
74202,Silver,23-Apr-17,23-Apr-17,123015965,220101400394,2,189.6,42.6
74299,Silver,23-Apr-17,23-Apr-17,123015176,220200100222,1,109,60.05
75239,Silver,23-Apr-17,23-Apr-17,123016988,220101100010,1,11.2,4.85
75369,Platinum,23-Apr-17,25-Apr-17,123017498,230100700004,3,1080,199
75383,Silver,23-Apr-17,28-Apr-17,123016992,220101400008,2,16.8,3.8
76561,Silver,23-Apr-17,23-Apr-17,123017010,220100100633,1,47.9,24.05
77205,PLATINUM,23-Apr-17,24-Apr-17,123015980,210201000087,1,20,9.15
78211,Gold,23-Apr-17,23-Apr-17,123015225,210200300007,1,50.4,25.3
78936,Gold,23-Apr-17,23-Apr-17,123017389,240500100033,1,65.4,28.95
81805,Silver,23-Apr-17,25-Apr-17,123015371,210200100006,1,11.6,5.15
85817,Silver,23-Apr-17,29-Apr-17,123016100,210200300055,1,103.1,51.65
86990,Silver,23-Apr-17,26-Apr-17,123017130,220100600010,1,238.1,113.4
87932,Silver,23-Apr-17,23-Apr-17,123013772,240100100322,1,255.6,127.75
88714,Gold,23-Apr-17,24-Apr-17,123013781,220101400363,1,37.6,16.35
90158,Gold,23-Apr-17,23-Apr-17,123015467,220100100474,1,23.7,11.95
92086,Gold,23-Apr-17,23-Apr-17,123016172,220101300012,1,18.4,8.3
92923,GOLD,23-Apr-17,29-Apr-17,123016181,210200500015,1,17.8,8.25
93133,Gold,23-Apr-17,23-Apr-17,123016197,240300100056,1,48.1,24
93233,Gold,23-Apr-17,23-Apr-17,123015504,220200300133,4,112.8,12.95
93751,Silver,23-Apr-17,24-Apr-17,123015519,240100400062,2,226.4,54
1631,SILVER,24-Apr-17,26-Apr-17,123023121,240600100110,1,45.6,19.8
1850,Silver,24-Apr-17,24-Apr-17,123020687,240200200017,2,201,9.45
4139,Silver,24-Apr-17,24-Apr-17,123022315,220101400237,2,203.8,46.45
5390,Silver,24-Apr-17,28-Apr-17,123019794,220200100053,4,749.2,93.75
5915,SILVER,24-Apr-17,24-Apr-17,123021940,220200100210,1,93.9,47.05
6380,Silver,24-Apr-17,25-Apr-17,123021323,240100400125,2,228.4,44.6
6805,Silver,24-Apr-17,24-Apr-17,123023304,240700200005,1,6,2.85
7007,Silver,24-Apr-17,24-Apr-17,123020561,240300300067,1,63.7,26.95
8110,Silver,24-Apr-17,24-Apr-17,123021327,220200200047,1,135.8,68
8357,Silver,24-Apr-17,26-Apr-17,123019841,230100200032,3,442.8,67.05
9164,SILVER,24-Apr-17,24-Apr-17,123020726,220200100023,4,291.2,36.5
12095,GOLD,24-Apr-17,24-Apr-17,123019929,220200100179,4,538,67.35
13540,GOLD,24-Apr-17,24-Apr-17,123023542,240300300057,1,357.6,149.05
15033,Gold,24-Apr-17,24-Apr-17,123023587,230100500056,1,8,3.5
15631,Gold,24-Apr-17,24-Apr-17,123020748,220101400305,1,23.2,11.7
16215,SILVER,24-Apr-17,24-Apr-17,123023615,220100300037,3,347.4,48.7
17793,Gold,24-Apr-17,29-Apr-17,123021994,220100500001,1,108.9,48
17927,Gold,24-Apr-17,24-Apr-17,123021995,240700400014,2,33.6,7.7
18223,GOLD,24-Apr-17,28-Apr-17,123023645,240500200017,3,193.5,30.8
18426,Silver,24-Apr-17,27-Apr-17,123023665,240700200010,1,25.7,9.85
20436,Silver,24-Apr-17,24-Apr-17,123023754,220100800044,2,25.8,6.4
20728,Gold,24-Apr-17,25-Apr-17,123023757,230100500096,1,35.5,17.25
21873,Silver,24-Apr-17,24-Apr-17,123019331,240700400017,1,41.4,19.4
22535,Gold,24-Apr-17,24-Apr-17,123020782,240600100115,1,47.9,20
22905,Silver,24-Apr-17,29-Apr-17,123022042,220101400098,1,32.4,14.85
24259,Silver,24-Apr-17,24-Apr-17,123022385,220200300095,3,351,53.3
25461,Silver,24-Apr-17,24-Apr-17,123022397,220200300158,1,87.3,40.7
25763,Gold,24-Apr-17,29-Apr-17,123020856,220200300111,1,7.2,3.25
26931,Silver,24-Apr-17,27-Apr-17,123024021,230100500083,1,51.8,25.85
27038,SILVER,24-Apr-17,24-Apr-17,123020054,240600100159,1,44.3,19.05
29315,SILVER,24-Apr-17,24-Apr-17,123024072,220100700038,1,100.2,47.75
29392,Gold,24-Apr-17,24-Apr-17,123022054,210200400086,1,39.9,20.05
30189,SILVER,24-Apr-17,24-Apr-17,123024088,220100100580,1,56.5,28.35
31436,Gold,24-Apr-17,24-Apr-17,123020136,220200200025,1,71.5,31.65
31822,Gold,24-Apr-17,24-Apr-17,123022096,220100100593,1,141.9,71.05
32988,Silver,24-Apr-17,24-Apr-17,123020160,230100500082,1,126.1,58.6
33560,Silver,24-Apr-17,24-Apr-17,123024128,230100600026,3,355.8,59.4
34122,Gold,24-Apr-17,26-Apr-17,123024162,240100100736,1,69.1,29.8
34769,Silver,24-Apr-17,24-Apr-17,123022117,220100900009,1,87.1,34.9
35025,Gold,24-Apr-17,28-Apr-17,123019376,240100200005,1,32.4,13.65
37194,Gold,24-Apr-17,24-Apr-17,123021432,220100100207,1,54.7,27.45
37200,GOLD,24-Apr-17,29-Apr-17,123022894,220200200054,1,195.7,97.95
38590,Gold,24-Apr-17,26-Apr-17,123024317,240100400086,2,189.2,47.25
39028,Gold,24-Apr-17,29-Apr-17,123024354,240500200105,1,29.2,12.2
39508,Gold,24-Apr-17,24-Apr-17,123022171,220100300017,1,22.4,10.6
39636,Gold,24-Apr-17,28-Apr-17,123021301,210201000011,1,28.2,12.95
42912,Silver,24-Apr-17,24-Apr-17,123024548,240400300015,3,109.2,15.15
43547,Silver,24-Apr-17,28-Apr-17,123019404,240100200001,2,31.8,6.3
44846,Silver,24-Apr-17,26-Apr-17,123024616,240500200120,1,20.9,9.9
46210,SILVER,24-Apr-17,24-Apr-17,123020905,210200100004,1,36.3,16.15
46299,Gold,24-Apr-17,24-Apr-17,123024683,220100100616,3,105.6,17.7
46443,Gold,24-Apr-17,28-Apr-17,123024688,240100100291,2,56.2,12.15
46627,Gold,24-Apr-17,24-Apr-17,123024695,240700300002,1,21.99,7.25
47173,Gold,24-Apr-17,24-Apr-17,123020909,230100100013,1,113.1,58.9
47909,Silver,24-Apr-17,24-Apr-17,123019419,230100500004,1,3.2,1.35
48509,Platinum,24-Apr-17,29-Apr-17,123020352,240600100080,1,28.3,8.55
49688,Silver,24-Apr-17,27-Apr-17,123024791,240700400010,2,122.6,31.95
49709,Gold,24-Apr-17,24-Apr-17,123024797,240500200107,3,508.5,70.6
49837,Silver,24-Apr-17,06-May-17,123021490,210201000130,1,29.6,13.2
51839,Silver,24-Apr-17,24-Apr-17,123022243,240100100618,1,83.9,35.05
51860,Silver,24-Apr-17,24-Apr-17,123020387,220100100306,2,85.6,21.5
52780,Gold,24-Apr-17,24-Apr-17,123022247,240200100023,1,1.8,0.6
54110,Gold,24-Apr-17,24-Apr-17,123022258,220200100070,1,72.7,36.45
55074,Silver,24-Apr-17,24-Apr-17,123020948,240500100004,1,63.5,28
56393,SILVER,24-Apr-17,24-Apr-17,123022273,230100700008,3,1483.2,241
56617,Gold,24-Apr-17,24-Apr-17,123019452,230100500022,1,150.1,64.1
57719,Gold,24-Apr-17,24-Apr-17,123020573,210200500006,1,24,11.95
57775,Gold,24-Apr-17,24-Apr-17,123022448,220100900031,1,86.7,34.7
59608,PLATINUM,24-Apr-17,24-Apr-17,123022282,220200300002,3,112.5,17.05
61154,Silver,24-Apr-17,28-Apr-17,123022292,220100100456,1,144.1,72
62143,Gold,24-Apr-17,24-Apr-17,123020507,220200200068,1,100.9,43.9
62349,Gold,24-Apr-17,24-Apr-17,123019460,230100700002,1,220,135
63542,Silver,24-Apr-17,24-Apr-17,123020984,240500100001,3,142.8,21.15
64519,Gold,24-Apr-17,24-Apr-17,123022487,220200100115,1,148.1,74.15
64931,GOLD,24-Apr-17,24-Apr-17,123020988,210201000134,1,42.2,19.2
70325,SILVER,24-Apr-17,28-Apr-17,123019486,240100100246,1,22.4,7.8
70394,Gold,24-Apr-17,24-Apr-17,123022909,240100200012,1,32.2,13.35
70703,Silver,24-Apr-17,28-Apr-17,123021576,210200600084,1,34.8,14.9
73197,Silver,24-Apr-17,24-Apr-17,123020633,240100400089,2,199.6,48.7
74651,Silver,24-Apr-17,24-Apr-17,123021660,210200300043,2,23.4,5.9
78314,Silver,24-Apr-17,24-Apr-17,123022967,230100600015,3,234.6,39.2
78492,Silver,24-Apr-17,24-Apr-17,123021723,220200300117,1,99.6,45.35
80362,Gold,24-Apr-17,29-Apr-17,123021749,240100100251,2,407.8,95.1
80750,Silver,24-Apr-17,24-Apr-17,123021088,240600100172,1,23.4,10
80978,GOLD,24-Apr-17,24-Apr-17,123021754,240500200107,3,508.5,70.6
81605,SILVER,24-Apr-17,26-Apr-17,123021113,240500200003,1,23.2,11.1
81960,Silver,24-Apr-17,26-Apr-17,123019740,240200100185,1,100.8,50.5
82178,Gold,24-Apr-17,24-Apr-17,123022995,210200900048,1,36.4,17.7
82253,Gold,24-Apr-17,24-Apr-17,123023003,230100500080,3,75,12.2
84261,Silver,24-Apr-17,24-Apr-17,123023026,230100600023,1,73.4,36.8
84797,Gold,24-Apr-17,24-Apr-17,123022642,240600100115,1,47.9,20
84836,Gold,24-Apr-17,24-Apr-17,123021796,220100200018,2,76,15.2
86715,GOLD,24-Apr-17,26-Apr-17,123021806,240100100206,1,19.9,8.95
86909,Silver,24-Apr-17,03-May-17,123019665,210200900025,2,33.8,7.4
87606,Silver,24-Apr-17,30-Apr-17,123023037,230100500101,1,138.7,62.5
87686,Silver,24-Apr-17,04-May-17,123023042,220200100229,1,165.5,82.85
88187,GOLD,24-Apr-17,27-Apr-17,123021226,220200300116,1,84.2,38.35
88621,Gold,24-Apr-17,30-Apr-17,123021845,210200700003,1,21.2,8.3
89266,Silver,24-Apr-17,24-Apr-17,123023055,220100300018,1,25.6,12.1
90161,SILVER,24-Apr-17,24-Apr-17,123021888,230100100062,1,141.7,61
93723,Gold,24-Apr-17,24-Apr-17,123022788,240500200017,3,193.5,30.8
94060,Silver,24-Apr-17,25-Apr-17,123021900,240100100312,1,17.8,7.55
994,Gold,25-Apr-17,25-Apr-17,123027901,230100100049,1,57.9,24.4
1391,Silver,25-Apr-17,25-Apr-17,123025812,230100500068,1,1.7,0.8
2013,Gold,25-Apr-17,25-Apr-17,123028753,240500200123,1,20,9.5
2075,SILVER,25-Apr-17,26-Apr-17,123027097,230100500094,3,259.8,34.1
2174,Silver,25-Apr-17,25-Apr-17,123025818,220100100251,1,25.5,12.85
4066,Silver,25-Apr-17,25-Apr-17,123030434,210201000043,1,12.2,5.5
4117,Gold,25-Apr-17,25-Apr-17,123028785,230100100058,1,48.3,20.5
4227,GOLD,25-Apr-17,30-Apr-17,123025830,220200300062,1,104.7,47.65
4299,Silver,25-Apr-17,25-Apr-17,123025836,240600100071,2,104.4,21.55
4833,Silver,25-Apr-17,25-Apr-17,123028804,220200300072,1,98.7,45
5679,Silver,25-Apr-17,27-Apr-17,123028833,220100100341,2,19.2,4.85
8357,SILVER,25-Apr-17,25-Apr-17,123025914,240700100017,1,26.2,11.2
10169,Gold,25-Apr-17,28-Apr-17,123030534,240700400028,2,76.2,19.75
11776,Gold,25-Apr-17,25-Apr-17,123029360,220100100579,1,60.1,30.15
12722,GOLD,25-Apr-17,25-Apr-17,123030685,230100300015,2,34,5.05
12774,Gold,25-Apr-17,25-Apr-17,123028859,240100100579,1,83.4,35.8
13303,Platinum,25-Apr-17,25-Apr-17,123026013,240600100115,2,95.8,20
14081,Gold,25-Apr-17,01-May-17,123026027,240800200020,1,163.4,74.3
14664,Silver,25-Apr-17,25-Apr-17,123026079,220100100304,1,61.3,30.75
14709,Gold,25-Apr-17,27-Apr-17,123027173,240600100049,1,24.3,11.05
15617,Silver,25-Apr-17,25-Apr-17,123030795,240300300055,1,138.8,58.35
16171,Silver,25-Apr-17,30-Apr-17,123026109,230100600031,1,88.5,42.45
16542,Gold,25-Apr-17,25-Apr-17,123030847,210200600130,2,74.8,16.3
17363,Silver,25-Apr-17,25-Apr-17,123030866,230100500077,3,519,72.75
17382,Gold,25-Apr-17,28-Apr-17,123026136,230100200066,1,12.9,5.45
17520,Silver,25-Apr-17,25-Apr-17,123028892,220200100052,3,589.5,98.35
17606,Silver,25-Apr-17,07-May-17,123030869,240600100027,1,35.4,14.25
17642,Silver,25-Apr-17,01-May-17,123026141,230100600005,3,389.4,63.2
19903,Gold,25-Apr-17,25-Apr-17,123027215,220101400154,1,6.6,3
22095,Gold,25-Apr-17,27-Apr-17,123027236,220100100178,1,63.3,31.75
22336,Gold,25-Apr-17,25-Apr-17,123027990,210201000096,2,45.8,10.45
22478,Gold,25-Apr-17,30-Apr-17,123028912,220100100262,1,62.3,31.25
24125,GOLD,25-Apr-17,25-Apr-17,123028929,240200100053,1,85.6,44.15
24346,Gold,25-Apr-17,25-Apr-17,123026256,220200300117,1,99.6,45.35
24406,Silver,25-Apr-17,25-Apr-17,123028942,240100200014,2,110.8,22.8
24592,GOLD,25-Apr-17,25-Apr-17,123028943,240700400027,2,139.2,36.35
26678,Gold,25-Apr-17,29-Apr-17,123030284,230100200054,3,399.6,60.6
27398,Gold,25-Apr-17,25-Apr-17,123031129,210201000155,1,49.8,22.7
28259,Gold,25-Apr-17,25-Apr-17,123028057,220200300080,1,64.6,29.4
28735,Silver,25-Apr-17,29-Apr-17,123025372,240100200008,1,30,12.45
29467,Gold,25-Apr-17,01-May-17,123031159,240600100137,1,22.4,9.3
29973,Silver,25-Apr-17,26-Apr-17,123030010,230100500012,1,73.9,33.25
30105,Silver,25-Apr-17,25-Apr-17,123029003,240100400112,2,228,54.8
30629,Gold,25-Apr-17,25-Apr-17,123026935,220100100143,1,88.1,44.15
30734,Silver,25-Apr-17,25-Apr-17,123029022,240100400002,2,12.2,2.85
32420,Silver,25-Apr-17,25-Apr-17,123026413,220200200078,1,107.7,46.8
33869,Gold,25-Apr-17,29-Apr-17,123031279,240700400034,5,66,5.95
33946,Gold,25-Apr-17,25-Apr-17,123029039,240500100019,1,48.4,21.5
35653,GOLD,25-Apr-17,25-Apr-17,123029453,220200100213,1,116.3,56.3
35963,Gold,25-Apr-17,25-Apr-17,123029061,240100100132,1,9.2,3.95
36830,Silver,25-Apr-17,25-Apr-17,123026481,220200300015,1,115,52.4
37817,Gold,25-Apr-17,07-May-17,123026952,210200900016,1,13.9,6.55
38666,Gold,25-Apr-17,25-Apr-17,123031420,220100400012,1,76.9,34.95
39127,Gold,25-Apr-17,25-Apr-17,123029102,240100200001,1,15.9,6.3
39129,Silver,25-Apr-17,25-Apr-17,123029104,220200100231,3,113.4,19
39170,Silver,25-Apr-17,25-Apr-17,123031425,240100100297,1,5.7,2.65
41126,Gold,25-Apr-17,25-Apr-17,123026515,240800200009,1,85.6,34.3
41698,SILVER,25-Apr-17,25-Apr-17,123029117,220200100077,1,99,49.6
41919,SILVER,25-Apr-17,25-Apr-17,123029469,230100500081,1,73,30.35
42108,Gold,25-Apr-17,25-Apr-17,123031514,210200500006,1,24,11.95
42111,Silver,25-Apr-17,26-Apr-17,123029474,220200100146,3,150.6,25.2
42273,Gold,25-Apr-17,26-Apr-17,123027307,220100100563,2,77.2,19.4
43634,SILVER,25-Apr-17,25-Apr-17,123029128,240100300001,2,71,17.9
43938,Silver,25-Apr-17,27-Apr-17,123026544,230100600022,1,84.1,42.15
44399,Silver,25-Apr-17,26-Apr-17,123028119,210201000126,3,19.5,2.3
44809,Gold,25-Apr-17,25-Apr-17,123030029,220100100023,1,55.2,27.7
46044,Gold,25-Apr-17,25-Apr-17,123031637,220101400208,2,77.4,17.25
46633,Gold,25-Apr-17,25-Apr-17,123031672,210200600093,1,35.8,15.6
47523,Silver,25-Apr-17,30-Apr-17,123029504,220200100081,1,114.7,57.45
47775,Gold,25-Apr-17,25-Apr-17,123026586,240500200092,1,32.7,15.7
49119,Silver,25-Apr-17,29-Apr-17,123031769,240600100141,1,39.2,15.75
49373,Gold,25-Apr-17,25-Apr-17,123031779,240500100053,3,245.1,32.75
51421,Silver,25-Apr-17,26-Apr-17,123029199,240100100592,1,19.1,7.7
52458,Silver,25-Apr-17,26-Apr-17,123026664,230100500015,1,8.3,3.3
52862,Silver,25-Apr-17,25-Apr-17,123026669,220100700010,2,107.8,25.7
53422,Silver,25-Apr-17,25-Apr-17,123030074,230100300001,1,12.7,5.75
53475,Gold,25-Apr-17,29-Apr-17,123028148,240100100392,1,133.3,59.95
54045,Silver,25-Apr-17,25-Apr-17,123029212,220200200067,1,80.8,35.15
54470,Silver,25-Apr-17,25-Apr-17,123031973,220100500018,1,65.8,30
54738,Silver,25-Apr-17,28-Apr-17,123031982,240500100027,1,45.5,20.2
55326,GOLD,25-Apr-17,25-Apr-17,123026694,230100500096,1,35.5,17.25
56096,Silver,25-Apr-17,25-Apr-17,123029552,220100300018,1,25.6,12.1
56651,Silver,25-Apr-17,25-Apr-17,123030087,220100300018,1,25.6,12.1
58919,Silver,25-Apr-17,25-Apr-17,123032188,240500100006,3,138.3,21.05
59569,Gold,25-Apr-17,25-Apr-17,123029254,240400300032,2,63.8,12.85
59664,GOLD,25-Apr-17,28-Apr-17,123032205,230100600028,1,96.7,48.45
61743,Silver,25-Apr-17,25-Apr-17,123029280,240100400022,2,374.6,87.35
63177,Gold,25-Apr-17,25-Apr-17,123026868,230100400019,1,19.7,7.95
63322,GOLD,25-Apr-17,26-Apr-17,123029300,220101200008,2,71.4,14.3
63656,GOLD,25-Apr-17,25-Apr-17,123026870,220200100134,1,54.4,27.3
63869,Silver,25-Apr-17,25-Apr-17,123029302,240100200014,1,55.4,22.8
70490,Silver,25-Apr-17,29-Apr-17,123027411,220200100098,3,362.1,66.5
72587,Silver,25-Apr-17,25-Apr-17,123027476,230100500082,1,126.1,58.6
73421,Silver,25-Apr-17,25-Apr-17,123028342,220100100490,3,160.8,26.9
76085,Gold,25-Apr-17,25-Apr-17,123027586,240100100411,1,6.8,3.1
76822,Silver,25-Apr-17,25-Apr-17,123028411,240500100001,1,47.6,21.15
76845,Gold,25-Apr-17,30-Apr-17,123025792,240200200079,1,93.2,8.75
79519,SILVER,25-Apr-17,25-Apr-17,123027664,240600100115,2,95.8,20
80614,Silver,25-Apr-17,25-Apr-17,123028443,210200100005,1,13,5.75
85735,Silver,25-Apr-17,25-Apr-17,123028623,240500200042,1,37,17.6
87948,Silver,25-Apr-17,25-Apr-17,123030245,240100400088,4,730.4,86.9
89791,GOLD,25-Apr-17,25-Apr-17,123030267,220200100121,1,68.6,34.4
90050,Silver,25-Apr-17,25-Apr-17,123029897,220100100594,2,224,56.1
92876,Gold,25-Apr-17,26-Apr-17,123028728,240100100272,2,25.4,5.25
1177,GOLD,26-Apr-17,26-Apr-17,123034720,220100100617,1,37.3,18.75
2467,Gold,26-Apr-17,26-Apr-17,123034734,220100400004,1,100.9,50.55
3191,Silver,26-Apr-17,26-Apr-17,123032683,220200100213,1,116.3,56.3
4069,GOLD,26-Apr-17,26-Apr-17,123033799,220101400037,1,59.5,27.1
5242,Gold,26-Apr-17,26-Apr-17,123034347,210200500019,2,72.2,16.8
6067,GOLD,26-Apr-17,26-Apr-17,123034823,220101300012,1,18.4,8.3
6845,Gold,26-Apr-17,26-Apr-17,123034839,240100100383,1,32.1,15.35
7407,Gold,26-Apr-17,26-Apr-17,123034845,220101400356,3,116.1,17.25
8736,Silver,26-Apr-17,28-Apr-17,123033812,220101400305,1,23.2,11.7
11947,Gold,26-Apr-17,26-Apr-17,123034966,240100400147,2,477.6,118.05
14508,Silver,26-Apr-17,26-Apr-17,123035012,210201000061,1,16.4,7.55
16032,Gold,26-Apr-17,26-Apr-17,123035030,240400200084,1,68.4,28.55
16366,SILVER,26-Apr-17,26-Apr-17,123032716,240600100081,1,23.8,7.15
17294,Gold,26-Apr-17,26-Apr-17,123033860,220101200012,2,84,16.85
17869,Gold,26-Apr-17,26-Apr-17,123035081,240200100220,1,85.3,42.75
20586,Gold,26-Apr-17,26-Apr-17,123032778,220200300003,1,33.7,15.45
22161,Silver,26-Apr-17,26-Apr-17,123035184,220101200009,1,106.8,42.8
25084,Silver,26-Apr-17,26-Apr-17,123035256,240700200005,1,6,2.85
28580,Gold,26-Apr-17,26-Apr-17,123035317,210201000003,1,36,16.4
29688,Gold,26-Apr-17,26-Apr-17,123035357,220100400027,1,88.1,41.95
31027,Silver,26-Apr-17,26-Apr-17,123034445,230100600031,1,88.5,42.45
31314,Gold,26-Apr-17,30-Apr-17,123032847,240100100614,1,35.5,15.2
35597,Silver,26-Apr-17,26-Apr-17,123034469,220101400385,1,24.8,12.35
38619,Silver,26-Apr-17,26-Apr-17,123033408,240800100045,1,228.2,97.05
39891,Silver,26-Apr-17,26-Apr-17,123035595,240200100109,2,267.8,68.45
40060,Silver,26-Apr-17,26-Apr-17,123033412,240800200018,1,39.4,16.35
40982,Silver,26-Apr-17,26-Apr-17,123035625,220100300039,2,408.8,87.15
46339,Silver,26-Apr-17,26-Apr-17,123033454,240200100246,1,16.2,7.9
47817,GOLD,26-Apr-17,28-Apr-17,123035781,240500200099,3,147.6,22.45
48653,Gold,26-Apr-17,26-Apr-17,123035797,220100300013,1,13.2,6.5
54948,GOLD,26-Apr-17,26-Apr-17,123032940,240200100207,2,205.8,50.85
55402,Silver,26-Apr-17,30-Apr-17,123033475,240100400086,2,189.2,47.25
56043,Gold,26-Apr-17,26-Apr-17,123034029,220200100079,1,124.3,62.25
58700,Silver,26-Apr-17,04-May-17,123036086,240700200015,3,67.8,9
73249,Platinum,26-Apr-17,26-Apr-17,123033030,220200100213,1,116.3,56.3
73400,Gold,26-Apr-17,26-Apr-17,123034128,220200300155,1,70.7,32.95
76561,Gold,26-Apr-17,04-May-17,123034148,240700400034,2,26.4,5.95
76712,Silver,26-Apr-17,02-May-17,123033590,240500100008,1,65.7,29.9
77766,Silver,26-Apr-17,26-Apr-17,123034187,220200100129,1,78.6,38.75
78324,Gold,26-Apr-17,26-Apr-17,123033102,240100100644,1,59.8,25.2
78758,SILVER,26-Apr-17,26-Apr-17,123033630,220200100084,1,106.5,51.55
82139,Silver,26-Apr-17,26-Apr-17,123034607,240100400106,2,1461,365.2
82573,Silver,26-Apr-17,26-Apr-17,123034243,240800200047,1,90.3,36.2
82868,Gold,26-Apr-17,02-May-17,123033642,210200500006,1,24,11.95
84932,GOLD,26-Apr-17,26-Apr-17,123033700,240100300006,3,154.5,22.8
85634,Silver,26-Apr-17,26-Apr-17,123034252,220200100155,1,126,63.1
86475,Silver,26-Apr-17,29-Apr-17,123033703,240100400080,2,439.8,109.9
88642,Gold,26-Apr-17,26-Apr-17,123033210,240600100021,1,62.4,25.7
88802,Silver,26-Apr-17,27-Apr-17,123033730,240100100552,1,169.2,71.95
89162,Silver,26-Apr-17,26-Apr-17,123032584,240200100007,2,49.4,11.8
90487,Gold,26-Apr-17,26-Apr-17,123033755,230100100057,1,27.9,13.45
92303,Gold,26-Apr-17,02-May-17,123032644,240200100052,1,99.7,51.4
92343,Gold,26-Apr-17,26-Apr-17,123033777,210200900027,1,26.9,12.85
2319,GOLD,27-Apr-17,30-Apr-17,123040043,220200100110,1,183.9,92.05
3552,SILVER,27-Apr-17,01-May-17,123038760,220100100117,1,40,20.1
3565,Silver,27-Apr-17,27-Apr-17,123038202,220100100636,1,13.1,6.45
4585,Gold,27-Apr-17,27-Apr-17,123040097,240800100089,1,109.9,44
4835,SILVER,27-Apr-17,28-Apr-17,123040101,210200600018,1,38.8,18.05
5401,Silver,27-Apr-17,27-Apr-17,123038205,240100400073,4,510.8,63.45
7934,Silver,27-Apr-17,02-May-17,123036871,230100700002,1,220,135
8956,Silver,27-Apr-17,29-Apr-17,123040207,240800200020,1,163.4,74.3
9021,Silver,27-Apr-17,01-May-17,123038795,220101400374,1,33.7,15.7
9305,Silver,27-Apr-17,27-Apr-17,123038235,220200100211,1,103.5,51.85
10975,Gold,27-Apr-17,27-Apr-17,123036917,240100100597,1,103.5,44.05
11290,Silver,27-Apr-17,27-Apr-17,123036921,240800200042,1,47.9,20.9
13272,SILVER,27-Apr-17,27-Apr-17,123036939,240500200099,1,49.2,22.45
15114,Silver,27-Apr-17,02-May-17,123038832,220101400366,1,72.1,36
18630,Silver,27-Apr-17,27-Apr-17,123038853,240700400007,2,36.6,8.1
19406,Silver,27-Apr-17,27-Apr-17,123040421,230100100057,1,27.9,13.45
19555,Silver,27-Apr-17,29-Apr-17,123040429,240100400014,2,502.8,125.65
21003,Gold,27-Apr-17,04-May-17,123038858,240200100155,1,25,11.2
21957,Gold,27-Apr-17,27-Apr-17,123040489,220101400118,1,45.3,20.7
22568,Gold,27-Apr-17,27-Apr-17,123037716,210200300072,1,44.7,22.45
22591,Silver,27-Apr-17,28-Apr-17,123040529,240700400002,2,67.2,14.65
22806,Silver,27-Apr-17,27-Apr-17,123040538,230100600022,1,84.1,42.15
23850,Gold,27-Apr-17,27-Apr-17,123037034,230100200004,3,299.7,50.05
24010,Gold,27-Apr-17,02-May-17,123039303,220101400121,1,65.1,28.95
24017,SILVER,27-Apr-17,27-Apr-17,123037048,220200200034,1,104.5,47.65
24288,Platinum,27-Apr-17,27-Apr-17,123040565,230100100006,1,176,74.55
24411,GOLD,27-Apr-17,27-Apr-17,123038291,240500200105,1,29.2,12.2
24645,Silver,27-Apr-17,27-Apr-17,123037052,220101300006,1,27.3,12.25
26124,SILVER,27-Apr-17,27-Apr-17,123040593,210200600110,2,50,11.35
26289,Gold,27-Apr-17,27-Apr-17,123038911,210201000063,1,16.9,6.55
27243,SILVER,27-Apr-17,27-Apr-17,123040610,240700300004,1,17,8.1
29676,Gold,27-Apr-17,27-Apr-17,123037123,240800100077,1,476.5,206.15
29828,SILVER,27-Apr-17,27-Apr-17,123039322,210200700005,2,33.8,7.4
30228,Gold,27-Apr-17,27-Apr-17,123038332,210201000183,3,110.1,16.75
31841,Gold,27-Apr-17,30-Apr-17,123038929,220100700026,1,80.9,38.5
31956,Silver,27-Apr-17,27-Apr-17,123037136,240100100380,2,18.4,4.3
32223,Gold,27-Apr-17,27-Apr-17,123036427,240100100655,1,50.8,22.3
32309,Silver,27-Apr-17,28-Apr-17,123040793,240700400017,3,124.2,19.4
32652,Silver,27-Apr-17,27-Apr-17,123040803,220200100186,3,382.8,63.9
33185,Gold,27-Apr-17,28-Apr-17,123040814,240500100031,3,171.9,25.45
33268,SILVER,27-Apr-17,27-Apr-17,123037163,220101200012,1,42,16.85
34298,Gold,27-Apr-17,27-Apr-17,123037779,220200200050,3,322.5,53.85
35443,Silver,27-Apr-17,28-Apr-17,123040872,240700400004,5,66,5.95
38513,Silver,27-Apr-17,27-Apr-17,123040972,230100600022,1,84.1,42.15
38992,Silver,27-Apr-17,27-Apr-17,123037237,220200100126,1,33.4,16.8
39257,SILVER,27-Apr-17,27-Apr-17,123038983,240100200001,1,15.9,6.3
39271,Silver,27-Apr-17,01-May-17,123038986,220100100589,3,108.3,18.15
40513,GOLD,27-Apr-17,28-Apr-17,123040979,240600100080,2,56.6,8.55
41657,SILVER,27-Apr-17,27-Apr-17,123036438,220100100400,1,105.3,50.15
43431,Silver,27-Apr-17,30-Apr-17,123041123,220200100198,3,304.8,50.9
43506,Gold,27-Apr-17,27-Apr-17,123038390,240700400020,5,356.5,37.15
43686,GOLD,27-Apr-17,27-Apr-17,123038994,240100100528,2,108.2,23.85
43893,SILVER,27-Apr-17,30-Apr-17,123041806,240100100581,1,27.5,11.35
46462,Silver,27-Apr-17,27-Apr-17,123041187,230100500067,3,117.6,20.05
47524,GOLD,27-Apr-17,27-Apr-17,123037277,240700100006,1,23.5,9.5
49235,Silver,27-Apr-17,02-May-17,123037305,230100500093,1,132.8,55.85
49238,Gold,27-Apr-17,27-Apr-17,123041266,220101100025,1,17.5,7.3
50324,Silver,27-Apr-17,02-May-17,123041305,240100100036,1,69.6,30.25
53444,Gold,27-Apr-17,28-Apr-17,123036466,220101100003,1,14.9,5
54527,PLATINUM,27-Apr-17,27-Apr-17,123041442,240100100434,1,15.3,7.5
55547,GOLD,27-Apr-17,28-Apr-17,123037373,220200100194,3,367.8,61.4
56014,GOLD,27-Apr-17,27-Apr-17,123041515,220100100320,1,66.1,31.45
56651,Silver,27-Apr-17,01-May-17,123039787,230100100016,1,168.6,71.75
56734,Silver,27-Apr-17,01-May-17,123037375,230100200019,3,597.3,95.65
58340,Gold,27-Apr-17,02-May-17,123041592,240500200120,3,62.7,9.9
60363,Silver,27-Apr-17,02-May-17,123039127,220100100292,2,85,21.35
63171,Gold,27-Apr-17,27-Apr-17,123037912,220200100126,3,100.2,16.8
64863,Silver,27-Apr-17,27-Apr-17,123039174,230100100048,1,122.6,52.8
65236,GOLD,27-Apr-17,27-Apr-17,123041790,230100500101,1,138.7,62.5
70285,Silver,27-Apr-17,27-Apr-17,123037531,240500100006,1,46.1,21.05
70584,Silver,27-Apr-17,27-Apr-17,123037928,240400300039,2,39.2,7.9
70967,Silver,27-Apr-17,29-Apr-17,123036506,240100100695,1,77.7,33.1
71125,Gold,27-Apr-17,01-May-17,123039447,220101400338,1,37.3,16.6
72568,SILVER,27-Apr-17,27-Apr-17,123039462,230100700004,3,1080,199
76094,Gold,27-Apr-17,27-Apr-17,123037558,210200400027,1,49.1,24.65
76263,SILVER,27-Apr-17,27-Apr-17,123039484,220200100224,1,144.9,72.55
76515,Gold,27-Apr-17,29-Apr-17,123039873,220200200018,3,199.2,30.25
78374,Gold,27-Apr-17,27-Apr-17,123038552,240600100028,1,18.6,7.5
79833,Gold,27-Apr-17,29-Apr-17,123039525,220100100185,1,97.6,48.9
82279,GOLD,27-Apr-17,27-Apr-17,123039914,220100400012,1,76.9,34.95
82616,Gold,27-Apr-17,27-Apr-17,123038601,210200300025,1,38.1,19.15
88565,Silver,27-Apr-17,02-May-17,123038105,240200100053,1,85.6,44.15
89238,Gold,27-Apr-17,27-Apr-17,123038106,240800200010,1,115.8,46.25
89310,GOLD,27-Apr-17,27-Apr-17,123039608,220101400023,3,71.7,11
89474,Gold,27-Apr-17,02-May-17,123036662,220100100305,1,57.3,28.75
517,Silver,28-Apr-17,28-Apr-17,123042290,220200300082,3,213,32.3
2514,Silver,28-Apr-17,28-Apr-17,123045393,210201000121,1,29.5,13.55
2850,Platinum,28-Apr-17,28-Apr-17,123042306,220100900010,1,92.1,36.9
3233,Silver,28-Apr-17,28-Apr-17,123043068,240600100028,1,18.6,7.5
5171,Silver,28-Apr-17,28-Apr-17,123042902,220100100228,1,56.7,28.45
6213,Gold,28-Apr-17,03-May-17,123045470,230100600036,1,103.2,50.4
6667,Gold,28-Apr-17,30-Apr-17,123044231,220100100036,3,123.6,20.7
6701,SILVER,28-Apr-17,03-May-17,123042348,230100500004,3,9.6,1.35
8451,Silver,28-Apr-17,28-Apr-17,123042908,240300100034,1,47.9,21.75
8899,GOLD,28-Apr-17,28-Apr-17,123045506,220100500018,1,65.8,30
12342,Silver,28-Apr-17,28-Apr-17,123045614,220101400088,2,76.8,17.5
15395,Silver,28-Apr-17,28-Apr-17,123044272,220200300101,3,391.2,58.05
16338,Silver,28-Apr-17,28-Apr-17,123045724,240200100215,2,217.4,56.3
19051,GOLD,28-Apr-17,01-May-17,123042458,230100500098,1,60.5,30.35
20970,Gold,28-Apr-17,28-Apr-17,123041865,230100600016,1,77,38.6
22536,SILVER,28-Apr-17,28-Apr-17,123045834,220101400366,1,72.1,36
24791,SILVER,28-Apr-17,02-May-17,123045910,240500200098,4,176,20.95
25314,Gold,28-Apr-17,28-Apr-17,123044634,220200100101,1,61,28.75
26835,Silver,28-Apr-17,28-Apr-17,123044653,220101400324,1,24.6,11.25
28183,Silver,28-Apr-17,28-Apr-17,123042575,220101400205,1,24.7,11.1
28448,Gold,28-Apr-17,02-May-17,123043174,240100400121,4,466,56.8
32066,Silver,28-Apr-17,03-May-17,123046079,240100400103,2,596.4,149.05
33190,Gold,28-Apr-17,28-Apr-17,123044341,220200300051,1,58.6,26.7
34304,Silver,28-Apr-17,28-Apr-17,123044346,220200200009,1,59,26.85
34525,Silver,28-Apr-17,28-Apr-17,123043198,230100600023,1,73.4,36.8
34566,Gold,28-Apr-17,28-Apr-17,123043765,220200100027,3,243.3,37.95
34914,Gold,28-Apr-17,28-Apr-17,123043769,220101400313,1,96.7,44
36248,Gold,28-Apr-17,28-Apr-17,123042661,220100700020,1,103,49.1
37900,Gold,28-Apr-17,28-Apr-17,123046176,240100100159,1,30.8,13.7
38248,SILVER,28-Apr-17,03-May-17,123046188,240100400069,2,186.6,39.95
38252,Silver,28-Apr-17,29-Apr-17,123046195,220200200039,1,95.5,43.55
38739,Gold,28-Apr-17,28-Apr-17,123043793,220200200047,1,135.8,68
39099,Gold,28-Apr-17,28-Apr-17,123041931,240700400034,1,13.2,5.95
39187,Gold,28-Apr-17,28-Apr-17,123044390,240500200079,1,32.4,13.55
40265,GOLD,28-Apr-17,28-Apr-17,123044400,230100500074,1,136,51.3
40629,Silver,28-Apr-17,30-Apr-17,123042934,240400200068,1,133.9,45.6
42608,Platinum,28-Apr-17,28-Apr-17,123042676,220100100541,1,42.8,21.5
42824,Silver,28-Apr-17,28-Apr-17,123042685,240500100041,3,348.3,46.5
43436,Silver,28-Apr-17,01-May-17,123044718,240200100246,1,16.2,7.9
43985,Gold,28-Apr-17,28-Apr-17,123044728,240500200004,1,32.5,15.6
44919,Silver,28-Apr-17,28-Apr-17,123044414,230100500013,3,28.2,4.75
45967,GOLD,28-Apr-17,28-Apr-17,123046349,220100900007,1,18.3,7.4
46437,Silver,28-Apr-17,04-May-17,123046370,240100400014,4,1005.6,125.65
46829,Silver,28-Apr-17,03-May-17,123046397,240700400034,2,26.4,5.95
47406,Silver,28-Apr-17,03-May-17,123042717,230100500087,3,273.3,37.95
48860,Gold,28-Apr-17,28-Apr-17,123042730,240400300032,3,95.7,12.85
49945,Silver,28-Apr-17,28-Apr-17,123042738,220200100092,1,83,41.6
51023,Silver,28-Apr-17,28-Apr-17,123043907,220101400117,1,45.6,20.85
53349,Silver,28-Apr-17,10-May-17,123044471,240100100049,1,226,112.95
55671,Gold,28-Apr-17,28-Apr-17,123046669,240700100011,3,80.97,10.23
55982,Gold,28-Apr-17,03-May-17,123045227,230100600026,3,355.8,59.4
56099,Silver,28-Apr-17,28-Apr-17,123046686,230100100006,1,176,74.55
59156,Gold,28-Apr-17,29-Apr-17,123046784,240500200104,1,54,22.5
59645,Gold,28-Apr-17,28-Apr-17,123042821,240500200100,1,22.7,10.85
62739,Gold,28-Apr-17,04-May-17,123046862,240100200004,1,35.2,14.8
62819,Gold,28-Apr-17,28-Apr-17,123044527,220101400375,1,82.6,37.7
63354,Silver,28-Apr-17,28-Apr-17,123044759,240700400036,2,12.4,2.75
63362,Silver,28-Apr-17,28-Apr-17,123043975,230100700002,1,220,135
63986,SILVER,28-Apr-17,28-Apr-17,123044531,230100100051,1,184.9,78.15
65001,Silver,28-Apr-17,28-Apr-17,123046908,240300200013,1,40.9,18.65
65623,Gold,28-Apr-17,30-Apr-17,123046917,240700200019,1,16.9,8.6
70106,Silver,28-Apr-17,03-May-17,123043978,240100100159,2,61.6,13.7
70512,SILVER,28-Apr-17,29-Apr-17,123043980,240100100624,2,108.2,25.95
71603,Silver,28-Apr-17,02-May-17,123043341,230100600023,3,220.2,36.8
74303,Gold,28-Apr-17,30-Apr-17,123043371,240600100198,1,57.5,24.2
76818,Gold,28-Apr-17,30-Apr-17,123043402,210200500006,1,24,11.95
76872,SILVER,28-Apr-17,03-May-17,123042245,240200100066,1,288.8,140.55
79328,Gold,28-Apr-17,28-Apr-17,123042052,230100600005,1,129.8,63.2
80904,Gold,28-Apr-17,28-Apr-17,123044077,240100300005,2,90,19.2
81113,Silver,28-Apr-17,28-Apr-17,123043496,210200100008,1,56.4,25
81286,Silver,28-Apr-17,28-Apr-17,123043503,240100400115,2,670.8,163.65
81453,Gold,28-Apr-17,28-Apr-17,123043507,220101400152,1,13.1,5.9
81463,PLATINUM,28-Apr-17,28-Apr-17,123044858,220101400310,1,31.8,14.2
82674,Gold,28-Apr-17,28-Apr-17,123042974,240100400080,2,439.8,109.9
83040,Gold,28-Apr-17,28-Apr-17,123043525,210201000080,1,109.8,50.05
83257,Gold,28-Apr-17,28-Apr-17,123044871,220200300033,3,212.1,34.2
84166,Silver,28-Apr-17,28-Apr-17,123043553,210200300091,1,13.3,6.7
88213,Silver,28-Apr-17,05-May-17,123045155,220200200065,1,171.3,84.7
88915,Gold,28-Apr-17,28-Apr-17,123043582,240600100080,1,28.3,8.55
89499,Gold,28-Apr-17,28-Apr-17,123043595,240200200012,1,187.1,18
90395,Silver,28-Apr-17,01-May-17,123045203,220200100030,3,222.9,37.25
90873,Gold,28-Apr-17,28-Apr-17,123045215,220101400059,1,45,20.55
93641,Gold,28-Apr-17,10-May-17,123042227,240100200013,2,123.8,25.45
1053,Silver,29-Apr-17,29-Apr-17,123050026,210200600097,1,64.5,27.15
2337,Silver,29-Apr-17,01-May-17,123046929,220100100186,1,75.5,37.85
5293,Platinum,29-Apr-17,29-Apr-17,123047483,240200100076,1,449,246.55
5709,Silver,29-Apr-17,02-May-17,123050456,220200200072,1,132.1,60.05
6715,Gold,29-Apr-17,01-May-17,123048152,220100100128,1,31.6,15.9
8554,SILVER,29-Apr-17,04-May-17,123047502,230100200022,1,106.5,50.65
9776,Gold,29-Apr-17,04-May-17,123050545,240700400017,2,82.8,19.4
9870,Silver,29-Apr-17,29-Apr-17,123047532,240100400099,6,1039.2,127
9979,Gold,29-Apr-17,29-Apr-17,123050063,230100100013,1,113.1,58.9
11559,Silver,29-Apr-17,29-Apr-17,123047548,230100500096,3,106.5,17.25
15472,Silver,29-Apr-17,02-May-17,123050083,220200300009,3,156,23.75
16373,Silver,29-Apr-17,29-Apr-17,123047612,230100500085,1,237.6,97.9
16673,Gold,29-Apr-17,29-Apr-17,123050086,240300100059,1,33.3,15.95
16843,Gold,29-Apr-17,29-Apr-17,123047614,240500200104,3,162,22.5
18250,Silver,29-Apr-17,29-Apr-17,123049470,240100400037,2,462,113.65
18294,Gold,29-Apr-17,29-Apr-17,123050831,240400300023,2,98.8,19.8
19230,Gold,29-Apr-17,29-Apr-17,123049743,230100600005,3,389.4,63.2
23431,Silver,29-Apr-17,02-May-17,123047704,240300100002,1,209.5,104.5
23454,Silver,29-Apr-17,04-May-17,123049488,240700400008,2,55.8,12.1
24293,Silver,29-Apr-17,03-May-17,123048225,220200100086,1,116.1,58.15
25347,GOLD,29-Apr-17,04-May-17,123049499,220100500018,2,131.6,30
26376,Gold,29-Apr-17,29-Apr-17,123050122,220100100474,1,23.7,11.95
29594,Silver,29-Apr-17,29-Apr-17,123049514,240100200002,1,15.3,6.05
30714,Gold,29-Apr-17,29-Apr-17,123051077,220100200011,1,58.3,23.35
31260,GOLD,29-Apr-17,08-May-17,123051097,240100400064,2,370.2,138.45
34931,Gold,29-Apr-17,29-Apr-17,123049540,240100400151,2,838,209.45
35812,Gold,29-Apr-17,29-Apr-17,123051175,220100200004,1,6.5,2.6
35855,SILVER,29-Apr-17,05-May-17,123047794,230100500012,1,73.9,33.25
36175,GOLD,29-Apr-17,29-Apr-17,123047802,240300300070,1,499.9,227.4
37725,Gold,29-Apr-17,30-Apr-17,123050316,230100600031,1,88.5,42.45
40301,Platinum,29-Apr-17,30-Apr-17,123047823,230100500056,1,8,3.5
43320,SILVER,29-Apr-17,29-Apr-17,123048290,240800200021,1,89.7,38.9
43337,Gold,29-Apr-17,29-Apr-17,123050146,240100100083,2,23.2,4.75
44341,Gold,29-Apr-17,04-May-17,123048320,240600100161,1,66.1,30.5
44746,GOLD,29-Apr-17,02-May-17,123047847,230100200034,1,215.5,97.85
45135,Gold,29-Apr-17,29-Apr-17,123051361,220100100600,1,56.3,28.25
48155,Gold,29-Apr-17,02-May-17,123047900,230100200052,3,365.1,56.6
52150,Silver,29-Apr-17,29-Apr-17,123048339,220100300022,1,12.1,5.95
52803,Gold,29-Apr-17,02-May-17,123047939,230100700002,1,220,135
53590,GOLD,29-Apr-17,29-Apr-17,123051609,240100100454,1,25.6,12.9
54515,Silver,29-Apr-17,05-May-17,123047058,240100100368,1,50,24
55464,Gold,29-Apr-17,02-May-17,123049640,220100100492,2,81.4,20.45
55535,Silver,29-Apr-17,04-May-17,123050157,230100600026,1,118.6,59.4
56180,Gold,29-Apr-17,02-May-17,123049090,210201000018,1,17.1,7.5
58498,Gold,29-Apr-17,29-Apr-17,123051700,240800200062,1,35.4,16.15
60259,Gold,29-Apr-17,29-Apr-17,123049118,220100100593,2,283.8,71.05
60295,Silver,29-Apr-17,03-May-17,123047991,220200300158,1,87.3,40.7
60692,Platinum,29-Apr-17,04-May-17,123051803,230100200037,3,226.2,37.8
61623,Gold,29-Apr-17,04-May-17,123051857,240100400070,4,703.6,127.95
62488,SILVER,29-Apr-17,29-Apr-17,123050169,220200100171,1,56.3,31.05
63477,Silver,29-Apr-17,29-Apr-17,123049838,210200300105,1,22.6,11.4
63655,GOLD,29-Apr-17,29-Apr-17,123049133,220100800070,1,25.4,12.15
64518,Gold,29-Apr-17,29-Apr-17,123048035,220200200038,1,38.2,18.95
65080,Silver,29-Apr-17,29-Apr-17,123051957,220200200073,1,140.3,63.8
70448,Gold,29-Apr-17,01-May-17,123047095,220101400130,1,16.9,5.7
71481,SILVER,29-Apr-17,29-Apr-17,123047101,240200100198,1,59.1,29.05
71949,Gold,29-Apr-17,29-Apr-17,123049164,220200100142,1,105.4,52.8
72268,SILVER,29-Apr-17,29-Apr-17,123047116,210201100002,1,53.3,23.25
72669,SILVER,29-Apr-17,29-Apr-17,123047125,240100400078,1,350.5,175.2
73905,GOLD,29-Apr-17,05-May-17,123047378,240200100206,1,132.2,67.55
74951,Gold,29-Apr-17,29-Apr-17,123048451,240600100020,2,68.6,15.75
75219,GOLD,29-Apr-17,29-Apr-17,123050190,240400100018,1,352,61.4
76605,Silver,29-Apr-17,29-Apr-17,123049198,220101000007,1,23.8,10.65
76747,Silver,29-Apr-17,01-May-17,123047136,210200100004,1,36.3,16.15
77013,Silver,29-Apr-17,29-Apr-17,123048488,220200100012,3,176.1,28.25
78942,GOLD,29-Apr-17,29-Apr-17,123050217,240400300035,2,38.2,7.7
79138,Gold,29-Apr-17,29-Apr-17,123050227,230100100051,1,184.9,78.15
79843,Gold,29-Apr-17,29-Apr-17,123049246,220101400130,1,16.9,5.7
80112,Gold,29-Apr-17,29-Apr-17,123049261,210200300052,2,43.8,11.05
80604,Silver,29-Apr-17,29-Apr-17,123047189,240500200058,1,23.1,11.05
86551,SILVER,29-Apr-17,02-May-17,123050331,230100500066,1,12.7,6.1
86870,Silver,29-Apr-17,29-Apr-17,123047310,230100600033,1,85.1,40.65
88228,Gold,29-Apr-17,29-Apr-17,123049999,210200400029,1,48.7,24.45
88877,Silver,29-Apr-17,03-May-17,123048642,220200100129,1,78.6,38.75
91669,Gold,29-Apr-17,29-Apr-17,123048670,210201000174,2,67.8,15.45
92491,Silver,29-Apr-17,29-Apr-17,123047331,220100300017,1,22.4,10.6
93329,GOLD,29-Apr-17,29-Apr-17,123047362,230100500095,1,96.9,40
94125,SILVER,29-Apr-17,29-Apr-17,123049404,210200900053,2,67.8,16.35
166,Gold,30-Apr-17,05-May-17,123055932,240100400099,2,346.4,127
3832,Silver,30-Apr-17,30-Apr-17,123055990,240100100552,1,169.2,71.95
5242,Gold,30-Apr-17,30-Apr-17,123055544,220200100238,1,209.3,104.6
5728,Silver,30-Apr-17,04-May-17,123056069,240100100328,1,34.5,15.35
7001,GOLD,30-Apr-17,30-Apr-17,123054785,230100100058,1,48.3,20.5
7108,Silver,30-Apr-17,05-May-17,123056139,230100100043,1,82,32.9
8494,SILVER,30-Apr-17,30-Apr-17,123056210,210200300055,1,103.1,51.65
8717,Silver,30-Apr-17,30-Apr-17,123055084,230100100013,1,113.1,58.9
8748,Gold,30-Apr-17,04-May-17,123054786,220101400223,1,36.5,16.65
9786,SILVER,30-Apr-17,06-May-17,123056213,240600100089,2,44,9.1
10318,SILVER,30-Apr-17,02-May-17,123055091,220101400301,2,105,23.95
10602,GOLD,30-Apr-17,06-May-17,123056243,240100400006,4,847.6,104.75
10724,Gold,30-Apr-17,30-Apr-17,123056251,240500200089,3,53.7,8.5
12302,Gold,30-Apr-17,30-Apr-17,123053423,220100300019,1,35.6,16.7
15931,SILVER,30-Apr-17,30-Apr-17,123054851,220200100143,4,285.6,35.8
16510,Platinum,30-Apr-17,07-May-17,123054863,220100100043,3,54.3,7.8
17166,Silver,30-Apr-17,05-May-17,123056397,240800200001,2,339,67.8
17215,Silver,30-Apr-17,04-May-17,123053441,220200100098,3,362.1,66.5
17244,Silver,30-Apr-17,30-Apr-17,123056414,230100600022,1,84.1,42.15
17294,Silver,30-Apr-17,30-Apr-17,123055102,220200100012,1,58.7,28.25
18708,Silver,30-Apr-17,02-May-17,123056428,240500200058,3,69.3,11.05
19261,Gold,30-Apr-17,30-Apr-17,123054872,240100400079,2,460.6,102.45
22856,Gold,30-Apr-17,30-Apr-17,123054922,240100100250,1,14.7,6
24984,Silver,30-Apr-17,03-May-17,123056547,210200300004,1,16.9,8.55
25184,Gold,30-Apr-17,30-Apr-17,123053289,240500100027,1,45.5,20.2
27826,Gold,30-Apr-17,30-Apr-17,123056650,220100100146,1,170.8,85.5
28452,Gold,30-Apr-17,30-Apr-17,123054939,210201000197,3,125.1,18.55
28458,Gold,30-Apr-17,30-Apr-17,123056677,240400300033,3,107.1,14.35
30598,Gold,30-Apr-17,30-Apr-17,123052833,240300300066,1,190.3,82.8
31374,GOLD,30-Apr-17,30-Apr-17,123056737,220200100173,1,108.9,54.55
32991,Silver,30-Apr-17,30-Apr-17,123055628,220101200029,1,52.3,22.65
33178,Silver,30-Apr-17,30-Apr-17,123054242,230100100034,1,77.7,32.25
34210,Gold,30-Apr-17,30-Apr-17,123054963,240100200002,1,15.3,6.05
35470,Silver,30-Apr-17,02-May-17,123052880,220200200080,1,177.6,82.75
36172,Silver,30-Apr-17,30-Apr-17,123053505,240600100107,2,52.4,11.7
37725,Gold,30-Apr-17,01-May-17,123055924,230100600016,1,77,38.6
37873,Gold,30-Apr-17,30-Apr-17,123053507,240600100147,3,114.3,16.7
39257,Gold,30-Apr-17,02-May-17,123054975,220101400056,1,41.6,18.5
39929,Gold,30-Apr-17,30-Apr-17,123056951,240400300035,2,38.2,7.7
40335,Gold,30-Apr-17,03-May-17,123056959,240500200066,1,39.9,16.7
43019,Gold,30-Apr-17,04-May-17,123055928,230100100058,1,48.3,20.5
45031,Gold,30-Apr-17,30-Apr-17,123057212,220100800098,1,47.7,22.75
48900,Platinum,30-Apr-17,30-Apr-17,123054374,240100200014,1,55.4,22.8
50239,Silver,30-Apr-17,30-Apr-17,123053537,220200300076,1,85,38.7
51713,Gold,30-Apr-17,30-Apr-17,123057382,220100300012,1,11.4,5.6
52460,Gold,30-Apr-17,05-May-17,123053094,230100600013,1,71.7,35.95
53323,SILVER,30-Apr-17,30-Apr-17,123057393,240800100021,1,129.3,57.6
54977,Gold,30-Apr-17,30-Apr-17,123053122,220100100566,1,59,29.6
55257,Silver,30-Apr-17,30-Apr-17,123054404,240100100056,1,28.5,11.45
55370,Gold,30-Apr-17,30-Apr-17,123057427,240800200009,2,171.2,34.3
55391,Silver,30-Apr-17,02-May-17,123055197,240200100077,1,149.1,90.7
57669,Gold,30-Apr-17,04-May-17,123057481,230100700011,1,252,103.95
57813,Silver,30-Apr-17,04-May-17,123055209,240200100051,2,280.6,72
59437,Silver,30-Apr-17,30-Apr-17,123053194,230100100058,1,48.3,20.5
60963,Silver,30-Apr-17,05-May-17,123057631,240100100049,2,452,112.95
61203,GOLD,30-Apr-17,04-May-17,123057638,240500100019,3,145.2,21.5
61417,SILVER,30-Apr-17,30-Apr-17,123057655,230100500082,1,126.1,58.6
61535,SILVER,30-Apr-17,30-Apr-17,123055047,240700400011,2,36,8.2
62100,Silver,30-Apr-17,30-Apr-17,123053250,240700400031,2,108,27.1
62563,Gold,30-Apr-17,04-May-17,123057670,230100500068,1,1.7,0.8
63183,Silver,30-Apr-17,30-Apr-17,123055064,210200300017,1,13.5,6.8
63304,Silver,30-Apr-17,03-May-17,123055074,220100700052,2,212.2,50.5
63863,Gold,30-Apr-17,05-May-17,123055219,220200200039,1,95.5,43.55
64549,Silver,30-Apr-17,03-May-17,123057745,240700300002,1,21.99,7.25
64824,Gold,30-Apr-17,30-Apr-17,123057769,220101400373,2,97,22.15
65434,Silver,30-Apr-17,30-Apr-17,123055689,220101100025,1,17.5,7.3
70940,Gold,30-Apr-17,30-Apr-17,123053632,240600100011,1,35.1,14.7
71284,Silver,30-Apr-17,30-Apr-17,123053637,210201000166,2,113.4,25.8
71429,Silver,30-Apr-17,03-May-17,123054472,210200600108,1,34.6,15.05
72137,Gold,30-Apr-17,01-May-17,123054487,220100900023,1,104.5,41.85
73520,Silver,30-Apr-17,30-Apr-17,123055272,220200100115,4,592.4,74.15
73878,Gold,30-Apr-17,03-May-17,123055273,220100500018,1,65.8,30
74778,Silver,30-Apr-17,05-May-17,123053745,230100600022,1,84.1,42.15
75444,Silver,30-Apr-17,30-Apr-17,123052250,230100600028,1,96.7,48.45
75504,Gold,30-Apr-17,30-Apr-17,123053750,240500200074,1,22.6,9.45
75640,Gold,30-Apr-17,01-May-17,123055711,230100200006,1,93.1,46.65
76620,Silver,30-Apr-17,02-May-17,123055772,230100100015,1,106.9,45.5
76936,GOLD,30-Apr-17,04-May-17,123052491,240200100234,2,99,24.2
77459,Silver,30-Apr-17,02-May-17,123053769,240500100043,1,26,8.8
77782,Silver,30-Apr-17,02-May-17,123054533,240400100003,1,20.6,7.35
77852,Silver,30-Apr-17,02-May-17,123052274,220101300006,1,27.3,12.25
78841,Gold,30-Apr-17,30-Apr-17,123054546,230100100054,1,323.9,148.55
79857,Gold,30-Apr-17,30-Apr-17,123052288,230100500068,1,1.7,0.8
80347,SILVER,30-Apr-17,04-May-17,123054577,240100100049,1,226,112.95
80589,Silver,30-Apr-17,04-May-17,123054578,220100100592,2,62.2,15.65
80876,Gold,30-Apr-17,30-Apr-17,123054591,240800200020,2,326.8,74.3
82106,Silver,30-Apr-17,05-May-17,123055334,220200200065,1,171.3,84.7
82493,Silver,30-Apr-17,03-May-17,123053837,240600100112,1,51.4,19.35
82926,GOLD,30-Apr-17,30-Apr-17,123055847,240100400064,2,370.2,138.45
83155,Silver,30-Apr-17,30-Apr-17,123054609,220100400027,1,88.1,41.95
83597,Silver,30-Apr-17,30-Apr-17,123054616,220100100557,1,39.6,19.9
86206,GOLD,30-Apr-17,30-Apr-17,123055349,220100100624,1,40.8,20.5
87804,Gold,30-Apr-17,05-May-17,123052433,240100100516,1,25.3,10.95
89169,Silver,30-Apr-17,01-May-17,123053975,240100100710,3,102.9,14.35
90077,SILVER,30-Apr-17,30-Apr-17,123052442,230100600036,1,103.2,50.4
90685,Silver,30-Apr-17,01-May-17,123055460,220200300098,1,133.3,60.65
90770,Silver,30-Apr-17,30-Apr-17,123054697,240400100006,1,12.9,4.55
91343,GOLD,30-Apr-17,05-May-17,123054001,220100800099,1,42.8,20.4
91661,Gold,30-Apr-17,30-Apr-17,123054716,240200200020,1,138.9,13
92227,Gold,30-Apr-17,02-May-17,123054722,240100100335,2,72.6,15.45
998,SILVER,01-May-17,01-May-17,123057854,240300100028,1,469.4,221.25
1464,Gold,01-May-17,01-May-17,123061683,220100100058,1,66.9,33.4
2866,Gold,01-May-17,01-May-17,123060711,220200200080,1,177.6,82.75
3135,Silver,01-May-17,01-May-17,123060718,240100100679,1,45.8,19.5
4037,Gold,01-May-17,01-May-17,123058334,220100700024,1,99.7,47.45
5036,Silver,01-May-17,04-May-17,123058339,220200300098,3,399.9,60.65
6380,GOLD,01-May-17,02-May-17,123060126,240100100341,1,110.9,44.3
7921,Gold,01-May-17,05-May-17,123062220,240800200055,1,46.2,20.75
8297,SILVER,01-May-17,01-May-17,123058388,220200200057,1,62.3,28.35
8436,Silver,01-May-17,02-May-17,123062245,240700400010,2,122.6,31.95
10460,Silver,01-May-17,03-May-17,123057856,240100100714,2,185.6,39.85
10750,Gold,01-May-17,01-May-17,123058427,240500100039,1,34.5,15.4
11289,SILVER,01-May-17,07-May-17,123062314,240500100029,1,58.9,26.1
11352,Silver,01-May-17,01-May-17,123059308,220200100079,1,124.3,62.25
13105,Silver,01-May-17,02-May-17,123062437,240700100004,2,52.4,13.55
13312,Silver,01-May-17,01-May-17,123061244,220101100013,1,11.3,4.95
13357,GOLD,01-May-17,01-May-17,123057865,220100100533,1,54.4,27.3
13539,Silver,01-May-17,01-May-17,123060150,230100200006,2,186.2,46.65
13542,GOLD,01-May-17,01-May-17,123060157,210200500012,1,79,32.8
15250,GOLD,01-May-17,01-May-17,123060788,240100300006,2,103,22.8
15475,SILVER,01-May-17,01-May-17,123061251,220200300070,1,100.2,45.6
15577,Gold,01-May-17,01-May-17,123058474,220200300084,3,360.6,54.7
16393,Silver,01-May-17,06-May-17,123057888,240100100707,1,95,39.4
16439,SILVER,01-May-17,01-May-17,123058475,240500100015,1,58.1,25.8
16508,Gold,01-May-17,01-May-17,123057908,240100200014,2,110.8,22.8
16542,GOLD,01-May-17,01-May-17,123062547,240800200035,1,25.2,11.4
16809,Silver,01-May-17,01-May-17,123062593,220101400274,1,49.5,22.6
16930,Silver,01-May-17,05-May-17,123060165,240500100054,1,70.5,28.25
18164,Gold,01-May-17,01-May-17,123059364,220101400131,1,22.3,7.75
19183,Silver,01-May-17,05-May-17,123059396,230100500056,3,24,3.5
19685,Silver,01-May-17,01-May-17,123062658,220100400027,1,88.1,41.95
21533,SILVER,01-May-17,01-May-17,123062728,210201000042,1,24.1,11
22094,Silver,01-May-17,04-May-17,123058540,230100600028,2,193.4,48.45
23209,GOLD,01-May-17,01-May-17,123059403,220101400121,3,195.3,28.95
24144,Silver,01-May-17,01-May-17,123062809,220101400186,1,35,15.95
24451,Silver,01-May-17,05-May-17,123062834,240400300033,2,71.4,14.35
24771,Gold,01-May-17,01-May-17,123058592,240500100027,1,45.5,20.2
24814,Silver,01-May-17,01-May-17,123061734,220101400423,3,270.6,45.05
25669,PLATINUM,01-May-17,05-May-17,123062890,240100400034,1,176.4,86.05
26706,Silver,01-May-17,02-May-17,123062911,240100400126,1,163.7,81.8
27700,Gold,01-May-17,01-May-17,123057933,240200100211,1,121,60.65
29015,Gold,01-May-17,01-May-17,123062985,210201000092,1,34.5,16.2
29015,Gold,01-May-17,01-May-17,123062967,220101400304,1,16,8.1
29613,Silver,01-May-17,03-May-17,123058626,220200200032,1,96.4,43.85
30208,Gold,01-May-17,01-May-17,123058650,220100100172,1,110.3,55.25
30403,Silver,01-May-17,03-May-17,123063020,240100400057,1,217.5,161.2
32245,Gold,01-May-17,05-May-17,123059166,240500200061,1,56.8,23.65
32307,Gold,01-May-17,08-May-17,123060918,240500100039,1,34.5,15.4
32490,Gold,01-May-17,04-May-17,123060922,220100800099,1,42.8,20.4
32737,Silver,01-May-17,03-May-17,123058668,230100500026,2,495,109.55
34219,Silver,01-May-17,01-May-17,123060957,220100800071,1,29,13.9
34391,Silver,01-May-17,01-May-17,123060225,240400300039,2,39.2,7.9
34548,SILVER,01-May-17,01-May-17,123058701,220100100611,1,69.8,35
34604,Silver,01-May-17,01-May-17,123058709,240100100434,1,15.3,7.5
35085,Silver,01-May-17,02-May-17,123058731,220200300082,3,213,32.3
35411,Silver,01-May-17,01-May-17,123058732,240500200009,3,42.3,5.95
35835,Gold,01-May-17,07-May-17,123063150,240100400070,4,703.6,127.95
36151,Gold,01-May-17,01-May-17,123058734,220200100121,4,274.4,34.4
37466,Silver,01-May-17,02-May-17,123061334,220100100272,1,22.8,11.5
38127,PLATINUM,01-May-17,05-May-17,123063172,240500100031,1,57.3,25.45
41095,Silver,01-May-17,01-May-17,123059534,240200100077,2,298.2,90.7
42044,Gold,01-May-17,01-May-17,123063298,220101400235,1,52.3,23.85
43435,Gold,01-May-17,01-May-17,123061358,240400300034,2,68.4,13.75
44439,SILVER,01-May-17,01-May-17,123058788,240700400028,2,76.2,19.75
47166,Silver,01-May-17,01-May-17,123063397,240300300070,1,499.9,227.4
50947,Gold,01-May-17,01-May-17,123058901,240500100044,1,71.2,28.5
55379,SILVER,01-May-17,01-May-17,123061437,230100500056,3,24,3.5
55412,Silver,01-May-17,05-May-17,123060331,210201000039,1,23.1,10.35
55720,Silver,01-May-17,01-May-17,123060340,240100400106,1,730.5,365.2
55813,GOLD,01-May-17,01-May-17,123063568,240500200149,1,267.1,113.6
57581,PLATINUM,01-May-17,03-May-17,123063649,240100100332,3,98.4,14
58481,Silver,01-May-17,03-May-17,123058998,230100600021,2,168.4,42.2
59807,Silver,01-May-17,06-May-17,123059035,240300300092,1,222.2,97.3
60719,Gold,01-May-17,01-May-17,123061444,220100500018,3,197.4,30
61946,Silver,01-May-17,04-May-17,123063739,240100400076,1,112.3,68.6
63081,Gold,01-May-17,01-May-17,123063775,230100600022,2,168.2,42.15
63279,Silver,01-May-17,01-May-17,123063783,240100400034,1,176.4,86.05
64232,Silver,01-May-17,01-May-17,123058111,240500100043,1,26,8.8
71871,Silver,01-May-17,01-May-17,123060378,240100100595,1,12.3,5.2
72565,Silver,01-May-17,01-May-17,123059677,240600100016,2,103.4,20.5
74660,Gold,01-May-17,01-May-17,123061822,240100400070,1,175.9,127.95
75920,Gold,01-May-17,01-May-17,123059836,220101400400,3,198,30.05
76834,Platinum,01-May-17,01-May-17,123061829,210201000004,1,33.9,14.75
77329,Silver,01-May-17,04-May-17,123061837,230100100043,1,82,32.9
77682,GOLD,01-May-17,01-May-17,123061846,240400300035,2,38.2,7.7
78148,SILVER,01-May-17,01-May-17,123060484,220100100044,1,102.1,48.65
78755,Gold,01-May-17,04-May-17,123058138,240100100403,2,337.4,76.55
79584,GOLD,01-May-17,03-May-17,123058157,220100300024,1,52.5,24.35
82069,Silver,01-May-17,01-May-17,123061867,210200700005,3,50.7,7.4
82248,Gold,01-May-17,06-May-17,123059877,240100100679,1,45.8,19.5
82527,Silver,01-May-17,03-May-17,123058184,220100100092,3,135.3,22.65
82851,Gold,01-May-17,06-May-17,123061535,220100400013,1,78,35.55
83458,Silver,01-May-17,01-May-17,123061552,240100100468,1,18,8.25
83560,Gold,01-May-17,01-May-17,123058190,220100100040,1,105.2,52.7
84329,Silver,01-May-17,01-May-17,123059210,220200100079,3,372.9,62.25
84396,Gold,01-May-17,01-May-17,123061877,210200700004,1,12.7,5.75
85513,Gold,01-May-17,01-May-17,123059955,240500200091,1,10.2,4.9
90143,Gold,01-May-17,04-May-17,123060045,240200100220,2,170.6,42.75
91014,Silver,01-May-17,01-May-17,123061650,220101400003,1,91.6,41.75
92748,Gold,01-May-17,04-May-17,123060664,240100300006,2,103,22.8
92991,GOLD,01-May-17,01-May-17,123058281,240100200012,2,64.4,13.35
93490,SILVER,01-May-17,06-May-17,123060670,210201000067,3,90.9,13.5
1037,Gold,02-May-17,02-May-17,123067261,210201000029,1,9.5,4.3
2846,SILVER,02-May-17,02-May-17,123067334,230100200037,2,150.8,37.8
3803,PLATINUM,02-May-17,02-May-17,123064660,220200100126,1,33.4,16.8
4575,Gold,02-May-17,02-May-17,123064679,240700200018,3,54.3,9.85
4663,GOLD,02-May-17,07-May-17,123065924,220200100098,3,362.1,66.5
6292,Silver,02-May-17,02-May-17,123064706,240500100058,1,48,21.3
7156,GOLD,02-May-17,02-May-17,123068339,220200100144,1,53,26.6
7660,GOLD,02-May-17,02-May-17,123066603,240100300006,2,103,22.8
9650,Silver,02-May-17,02-May-17,123064766,210200900016,3,41.7,6.55
10096,Silver,02-May-17,05-May-17,123065963,210200500006,3,72,11.95
10331,Silver,02-May-17,02-May-17,123066627,220200100005,3,194.7,32.55
10593,Gold,02-May-17,02-May-17,123069018,220200100211,1,103.5,51.85
10613,Silver,02-May-17,06-May-17,123064780,240100100378,3,44.4,7.3
11314,Gold,02-May-17,06-May-17,123068696,230100500094,3,259.8,34.1
12656,SILVER,02-May-17,02-May-17,123069077,240500100062,1,54.6,23.85
13507,Silver,02-May-17,04-May-17,123068345,230100600015,2,156.4,39.2
14749,SILVER,02-May-17,05-May-17,123067401,220100100490,1,53.6,26.9
14988,Platinum,02-May-17,02-May-17,123066662,220200100052,1,196.5,98.35
15324,Platinum,02-May-17,02-May-17,123065976,220100100613,1,66.8,33.5
15515,Gold,02-May-17,06-May-17,123068352,230100700002,2,440,135
15761,Gold,02-May-17,02-May-17,123069135,210200300092,3,152.1,25.45
16305,Gold,02-May-17,05-May-17,123067404,220100100491,1,31.8,16
19630,Silver,02-May-17,02-May-17,123066700,220101400205,1,24.7,11.1
20513,SILVER,02-May-17,02-May-17,123068360,220200100179,1,134.5,67.35
20830,Silver,02-May-17,02-May-17,123067436,210200600122,1,70,30.45
21685,Gold,02-May-17,04-May-17,123069253,240100400149,1,86,41
21890,Silver,02-May-17,02-May-17,123068379,210200100010,1,41.5,18.5
22472,SILVER,02-May-17,03-May-17,123066596,220200200021,1,64,37.85
22851,Silver,02-May-17,02-May-17,123067463,220200100129,1,78.6,38.75
23168,Silver,02-May-17,05-May-17,123068703,230100500087,2,182.2,37.95
25083,Silver,02-May-17,17-May-17,123069331,220200300072,1,98.7,45
28410,Silver,02-May-17,02-May-17,123069416,220101400129,3,121.5,18.45
29631,Gold,02-May-17,02-May-17,123069446,240200100181,2,218.6,56.6
29695,Silver,02-May-17,03-May-17,123066066,230100500089,2,280.6,58.4
30813,Silver,02-May-17,03-May-17,123065750,240100100053,3,68.4,11.45
31130,Silver,02-May-17,02-May-17,123065052,240100400008,1,103.5,51.7
33151,Silver,02-May-17,02-May-17,123069507,210200400096,1,47.2,23.7
33303,GOLD,02-May-17,06-May-17,123069528,220200100113,1,139.9,70.05
33652,Silver,02-May-17,02-May-17,123063966,230100700002,1,220,135
33787,GOLD,02-May-17,03-May-17,123063975,210200600095,1,31.4,13.9
34218,Silver,02-May-17,07-May-17,123067924,220101400316,1,29,13.3
35853,Silver,02-May-17,02-May-17,123066752,220200100061,3,226.8,37.9
35921,Silver,02-May-17,07-May-17,123069603,240600100080,2,56.6,8.55
36902,Gold,02-May-17,03-May-17,123069616,240800200031,1,51,20.1
37002,Gold,02-May-17,07-May-17,123069620,240100400022,1,187.3,87.35
37233,Gold,02-May-17,02-May-17,123067939,220101400096,4,272.8,31.05
37636,SILVER,02-May-17,02-May-17,123065129,230100100050,1,51.8,21.95
38312,Silver,02-May-17,02-May-17,123065133,220100500005,3,313.2,46
38550,GOLD,02-May-17,02-May-17,123069627,220100700001,1,67,32
38990,Gold,02-May-17,02-May-17,123067950,210200500006,1,24,11.95
39127,Gold,02-May-17,02-May-17,123067564,220200300081,1,59.4,26.45
39331,Gold,02-May-17,02-May-17,123065169,240600100041,2,4.8,1
40044,SILVER,02-May-17,02-May-17,123067573,220200300144,1,83,37.8
40959,Silver,02-May-17,02-May-17,123068473,210200500006,1,24,11.95
41307,GOLD,02-May-17,05-May-17,123065201,230100600022,2,168.2,42.15
41842,Silver,02-May-17,07-May-17,123067595,220100100184,1,22.8,11.5
41963,Silver,02-May-17,02-May-17,123065214,240100400053,1,98.7,46.9
42063,Gold,02-May-17,02-May-17,123069713,240700100007,2,45.7,9.3
42095,Silver,02-May-17,02-May-17,123063998,220101400113,1,37.8,17.2
42943,Silver,02-May-17,02-May-17,123065244,230100400031,1,29.1,13.45
42943,Gold,02-May-17,02-May-17,123065262,240600100168,2,45.4,9.7
43773,Silver,02-May-17,02-May-17,123066124,220100900021,1,113.5,54.55
43870,Gold,02-May-17,02-May-17,123069753,240700200009,5,133.5,10.85
46540,Silver,02-May-17,04-May-17,123069782,240800200051,1,26.1,12.45
48951,Silver,02-May-17,03-May-17,123066127,230100500087,2,182.2,37.95
50177,Gold,02-May-17,02-May-17,123065361,240100100672,3,593.7,84.9
50269,SILVER,02-May-17,02-May-17,123069922,220100700021,1,48.2,20.45
50888,Silver,02-May-17,04-May-17,123065374,240300200009,1,48.7,18.15
51275,Gold,02-May-17,02-May-17,123065382,220100100043,1,18.1,7.8
52082,Silver,02-May-17,06-May-17,123069944,240500200143,4,83.2,9.9
52106,GOLD,02-May-17,02-May-17,123065431,240100400151,1,419,209.45
52803,Silver,02-May-17,05-May-17,123065438,240400300008,2,78.6,16.35
53077,Silver,02-May-17,02-May-17,123067712,240700400013,2,136.4,35.55
53940,Silver,02-May-17,02-May-17,123065476,240800100002,1,119.2,56.9
54951,Silver,02-May-17,02-May-17,123064118,210200700016,2,47,9.2
55430,Silver,02-May-17,02-May-17,123066888,220200100132,1,89.5,44.85
55536,Silver,02-May-17,02-May-17,123067733,240200100180,2,243.2,62.9
55844,Silver,02-May-17,02-May-17,123065504,240800200002,1,170.375,68.15
56732,Gold,02-May-17,02-May-17,123066157,220101400047,1,24.2,11.1
56919,Silver,02-May-17,02-May-17,123065517,240100400083,1,107.5,53.7
58152,Platinum,02-May-17,02-May-17,123065544,220200300161,3,67.8,9.65
61401,Gold,02-May-17,03-May-17,123067775,220100400022,1,98.9,47.7
62683,Silver,02-May-17,02-May-17,123070150,240700200024,2,32,6.35
62996,GOLD,02-May-17,02-May-17,123068044,230100600043,2,127.6,30.8
64250,Silver,02-May-17,02-May-17,123065645,220100300038,1,141.2,57.95
64675,SILVER,02-May-17,02-May-17,123070220,240700100008,2,53.98,10.23
64954,Gold,02-May-17,02-May-17,123065691,240800100046,1,347.8,148.45
72509,Gold,02-May-17,15-May-17,123066230,210200600078,1,9.4,4.05
72791,Gold,02-May-17,07-May-17,123064152,240100100463,1,13,5.35
74080,GOLD,02-May-17,02-May-17,123068548,210200900015,3,69,10.3
75510,Silver,02-May-17,02-May-17,123066961,240100300006,2,103,22.8
76220,Gold,02-May-17,05-May-17,123066312,240400200054,1,240.1,114.35
77961,SILVER,02-May-17,02-May-17,123067000,230100100028,1,250.9,104.2
78378,Silver,02-May-17,02-May-17,123068132,220200300106,3,234.9,35.75
78835,Silver,02-May-17,02-May-17,123067006,210201100003,1,41.6,18.05
80466,SILVER,02-May-17,03-May-17,123067061,210201000117,1,45.8,20.9
80777,GOLD,02-May-17,02-May-17,123064333,220100700038,1,100.2,47.75
82335,Silver,02-May-17,02-May-17,123065855,230100500004,2,6.4,1.35
84262,Gold,02-May-17,02-May-17,123067097,240500100061,1,71.2,30.85
84296,Gold,02-May-17,02-May-17,123064374,240100400078,1,350.5,175.2
85778,Silver,02-May-17,02-May-17,123068193,240500200072,1,47,22.4
86013,Gold,02-May-17,02-May-17,123064401,240100400080,1,219.9,109.9
86509,Platinum,02-May-17,02-May-17,123066520,220100300018,1,25.6,12.1
86989,Silver,02-May-17,02-May-17,123068206,220200100160,3,104.7,17.55
87123,Silver,02-May-17,14-May-17,123066523,220200300152,1,78.4,39.15
89592,Silver,02-May-17,07-May-17,123064594,220101400096,3,204.6,31.05
89932,Silver,02-May-17,02-May-17,123067197,210201000101,1,83.1,37.9
91186,Silver,02-May-17,02-May-17,123068640,210200100014,1,35,15.65
91828,Gold,02-May-17,05-May-17,123067222,210200200023,2,37.2,7.7
93179,Gold,02-May-17,02-May-17,123068297,220100800096,1,70.6,33.65
93262,Silver,02-May-17,02-May-17,123064568,220100700035,1,56.5,26.95
1825,Gold,03-May-17,03-May-17,123072552,220200100240,1,40,20.1
2101,Silver,03-May-17,03-May-17,123072573,240800100031,1,201.8,91.5
2837,Silver,03-May-17,12-May-17,123070692,240100100594,1,12.1,5.1
2909,Silver,03-May-17,03-May-17,123072603,230100700011,2,504,103.95
5864,GOLD,03-May-17,03-May-17,123071333,220101400375,1,82.6,37.7
6104,Gold,03-May-17,03-May-17,123072677,240100400005,1,234.6,115.95
6918,Silver,03-May-17,03-May-17,123071342,220101400174,1,12.9,6.5
7939,Silver,03-May-17,03-May-17,123071352,230100500087,2,182.2,37.95
9521,Silver,03-May-17,06-May-17,123070255,210200100010,1,41.5,18.5
9909,Silver,03-May-17,04-May-17,123072707,240400200051,1,186.3,88.8
22407,Gold,03-May-17,03-May-17,123070283,240100100734,1,10,4.15
22533,GOLD,03-May-17,03-May-17,123073027,240100400099,1,173.2,127
24260,SILVER,03-May-17,03-May-17,123073045,220100500026,1,63,28.7
25263,Platinum,03-May-17,03-May-17,123073090,240300300004,1,64,26.85
26121,Silver,03-May-17,04-May-17,123073104,240500200066,1,39.9,16.7
28783,Silver,03-May-17,03-May-17,123070804,240500200145,4,50.4,5.95
34520,Gold,03-May-17,03-May-17,123073254,220100300016,4,68.4,8.65
36660,Silver,03-May-17,03-May-17,123071440,220200200062,1,88.8,37.8
36761,SILVER,03-May-17,03-May-17,123073282,220100100594,3,336,56.1
37978,Gold,03-May-17,03-May-17,123073313,240400300025,2,154,33.45
43913,Silver,03-May-17,03-May-17,123070898,220100100295,1,62,31.1
44791,Gold,03-May-17,03-May-17,123072231,220100800058,3,146.1,23.2
49746,Silver,03-May-17,03-May-17,123070928,220200100224,3,434.7,72.55
50276,Gold,03-May-17,03-May-17,123072258,220200300121,1,84.9,38.7
51674,Gold,03-May-17,03-May-17,123073582,230100500055,3,76.5,10.75
52680,Silver,03-May-17,03-May-17,123070939,240200200025,2,35.2,1.75
60756,Gold,03-May-17,03-May-17,123071030,220101200014,1,88,38.25
63484,Silver,03-May-17,03-May-17,123070444,220101200032,1,99.3,42.75
63838,GOLD,03-May-17,03-May-17,123073862,220101400363,1,37.6,16.35
64602,Gold,03-May-17,03-May-17,123073882,220200100035,1,62.6,31.4
71892,Silver,03-May-17,03-May-17,123071048,220101400007,4,169.6,19.35
72333,Silver,03-May-17,07-May-17,123071053,240700400004,2,26.4,5.95
72375,GOLD,03-May-17,16-May-17,123071956,240600100179,5,174,14.55
73101,Silver,03-May-17,03-May-17,123071069,240600100107,3,78.6,11.7
73204,SILVER,03-May-17,09-May-17,123072330,220200200071,1,95.4,41.45
73993,Gold,03-May-17,07-May-17,123072337,230100100058,1,48.3,20.5
74753,Silver,03-May-17,03-May-17,123071087,240100400078,3,1051.5,175.2
75282,SILVER,03-May-17,03-May-17,123071996,230100600022,2,168.2,42.15
76617,GOLD,03-May-17,03-May-17,123072001,220200300143,3,212.4,32.3
77677,Gold,03-May-17,06-May-17,123071626,240100100709,1,52.3,21.9
78165,Gold,03-May-17,03-May-17,123071173,220200300161,1,22.6,9.65
80908,Gold,03-May-17,07-May-17,123071193,220200300101,1,130.4,58.05
84922,Gold,03-May-17,03-May-17,123072417,210201000133,1,12,3.8
88587,SILVER,03-May-17,09-May-17,123072068,220200200035,1,101.5,46.25
93233,Gold,03-May-17,03-May-17,123071297,240100100431,1,3,1.15
93923,Silver,03-May-17,03-May-17,123071801,210200300071,1,44.7,22.45
802,Gold,04-May-17,04-May-17,123078033,240300100028,1,469.4,221.25
1540,GOLD,04-May-17,04-May-17,123075203,220100700047,1,120.1,57.25
2841,Gold,04-May-17,04-May-17,123078072,230100500058,3,50.1,7.25
3507,Silver,04-May-17,08-May-17,123076160,210200500006,1,24,11.95
3545,Silver,04-May-17,04-May-17,123073958,230100500082,1,126.1,58.6
4297,SILVER,04-May-17,07-May-17,123073906,240100100068,1,150.5,67.7
7098,Gold,04-May-17,04-May-17,123076766,220200200057,1,62.3,28.35
7270,Silver,04-May-17,04-May-17,123074478,220200300080,1,64.6,29.4
8061,Gold,04-May-17,04-May-17,123075480,220200100137,1,50.3,25.25
9978,Silver,04-May-17,05-May-17,123077656,220200100078,1,110.8,55.5
10696,GOLD,04-May-17,04-May-17,123078180,220100900031,3,260.1,34.7
11406,Gold,04-May-17,05-May-17,123078191,240100100556,3,335.4,49
12193,GOLD,04-May-17,04-May-17,123074553,220100100585,1,40.7,20.45
12389,Gold,04-May-17,10-May-17,123076807,220101400121,3,195.3,28.95
12576,SILVER,04-May-17,04-May-17,123078257,230100600015,2,156.4,39.2
13143,Silver,04-May-17,04-May-17,123078276,220101400007,3,127.2,19.35
13470,Gold,04-May-17,04-May-17,123078286,220100700027,1,57.9,29.05
13701,Silver,04-May-17,04-May-17,123074564,230100200019,2,398.2,95.65
14508,Silver,04-May-17,07-May-17,123078398,240100400043,3,798,131.5
14870,Silver,04-May-17,04-May-17,123074598,220100700023,3,279,44.25
15564,Silver,04-May-17,04-May-17,123074605,240600100196,2,115.6,25.5
16947,Silver,04-May-17,04-May-17,123078431,240100400019,1,113.4,54.5
21068,Silver,04-May-17,04-May-17,123078525,240500100061,1,71.2,30.85
21606,GOLD,04-May-17,09-May-17,123074381,240200200091,2,352.2,70.5
24485,Silver,04-May-17,04-May-17,123076232,240400300021,2,144,32.65
25141,Silver,04-May-17,04-May-17,123077692,240700400034,2,26.4,5.95
26435,Silver,04-May-17,05-May-17,123075598,220200100227,1,261.2,130.55
26892,GOLD,04-May-17,07-May-17,123074041,220101400324,2,49.2,11.25
27146,Gold,04-May-17,04-May-17,123074741,220100100125,1,33.4,16.8
30863,Silver,04-May-17,06-May-17,123074786,230100500056,2,16,3.5
31427,Silver,04-May-17,08-May-17,123078766,240600100067,2,92.8,19.2
31640,Silver,04-May-17,04-May-17,123077708,230100600012,3,70.2,11.4
31649,Silver,04-May-17,06-May-17,123078776,240500200027,1,53.9,22.45
31651,Silver,04-May-17,06-May-17,123077240,240200100053,2,171.2,44.15
31670,Gold,04-May-17,09-May-17,123078777,240500100060,1,54.7,23.85
32956,Gold,04-May-17,04-May-17,123074826,220100100134,1,45.5,22.85
33147,Silver,04-May-17,04-May-17,123076958,240700400028,3,114.3,19.75
33576,Silver,04-May-17,04-May-17,123074853,220200100046,1,115.8,58
34132,Gold,04-May-17,04-May-17,123078805,220100300017,3,67.2,10.6
34200,GOLD,04-May-17,04-May-17,123078824,230100500046,2,91.2,21.7
34469,Gold,04-May-17,04-May-17,123076962,240100200001,1,15.9,6.3
35434,Gold,04-May-17,04-May-17,123074857,240300300070,1,499.9,227.4
38096,Silver,04-May-17,04-May-17,123074877,220101000002,1,17.7,8
38821,Gold,04-May-17,04-May-17,123079007,220100800040,1,111.5,53.05
40068,Gold,04-May-17,04-May-17,123077279,230100100006,1,176,74.55
41543,Gold,04-May-17,04-May-17,123074961,220100100613,1,66.8,33.5
46590,Gold,04-May-17,04-May-17,123079254,220100100193,1,26.2,13.2
47286,Gold,04-May-17,10-May-17,123079261,240100100707,1,95,39.4
47769,Gold,04-May-17,07-May-17,123079283,240100400058,3,112.2,29.65
50482,Gold,04-May-17,07-May-17,123076316,240100100646,1,109.9,46.8
51233,Silver,04-May-17,04-May-17,123075062,240100400021,3,274.8,45.75
51931,Gold,04-May-17,04-May-17,123076325,220200100210,1,93.9,47.05
51989,PLATINUM,04-May-17,09-May-17,123077034,210200400041,1,36.8,18.5
54136,Gold,04-May-17,04-May-17,123075092,220200100101,3,183,28.75
55610,GOLD,04-May-17,07-May-17,123074122,220100500018,1,65.8,30
56229,Gold,04-May-17,06-May-17,123079464,240700400013,5,341,35.55
60069,Silver,04-May-17,04-May-17,123079542,240400300015,2,72.8,15.15
61476,Silver,04-May-17,07-May-17,123076404,220200200032,3,289.2,43.85
61621,Gold,04-May-17,04-May-17,123077367,240500100064,1,55.7,24.2
63020,Gold,04-May-17,04-May-17,123079580,220100100268,1,69.3,34.75
63033,Silver,04-May-17,04-May-17,123077094,220101100003,3,44.7,5
65647,GOLD,04-May-17,09-May-17,123079630,240100400062,1,113.2,54
70566,Gold,04-May-17,04-May-17,123076421,230100100044,1,100.6,40.3
70628,Gold,04-May-17,04-May-17,123074148,240100200001,2,31.8,6.3
73868,Silver,04-May-17,04-May-17,123077417,230100500004,2,6.4,1.35
75458,GOLD,04-May-17,04-May-17,123076466,240100100737,1,44.4,19.15
75964,Gold,04-May-17,09-May-17,123076473,240100100737,1,44.4,19.15
78961,SILVER,04-May-17,08-May-17,123075930,210200900025,1,16.9,7.4
80412,Gold,04-May-17,04-May-17,123076551,220200300078,1,52.1,23.8
80454,Gold,04-May-17,04-May-17,123076562,220101400419,1,59.4,29.65
80555,Silver,04-May-17,04-May-17,123077479,230100700009,2,1081.4,276
81606,Gold,04-May-17,04-May-17,123075978,230100600022,2,168.2,42.15
84405,Gold,04-May-17,04-May-17,123077543,220200100116,1,180.7,90.45
84756,Silver,04-May-17,04-May-17,123075433,240100300001,2,71,17.9
85613,Silver,04-May-17,04-May-17,123076606,240800200051,1,26.1,12.45
86766,Silver,04-May-17,04-May-17,123076031,220100100272,3,68.4,11.5
87148,Gold,04-May-17,04-May-17,123077591,220200100047,1,74.8,36.85
88389,SILVER,04-May-17,07-May-17,123076624,210201000040,1,39.6,18.05
90148,Silver,04-May-17,09-May-17,123077614,220200300129,1,81.2,37.05
90158,Gold,04-May-17,04-May-17,123076058,240100100392,1,133.3,59.95
90652,Silver,04-May-17,08-May-17,123077621,240300100009,1,8.2,3.15
90824,Silver,04-May-17,06-May-17,123076692,240200100180,3,364.8,62.9
90834,Silver,04-May-17,04-May-17,123074326,210200600116,1,36.3,15.2
91590,Gold,04-May-17,09-May-17,123076701,210200900020,1,24.5,9.85
92235,SILVER,04-May-17,04-May-17,123076706,220100700024,4,398.8,47.45
77,Gold,05-May-17,09-May-17,123080172,230100600023,2,146.8,36.8
803,GOLD,05-May-17,08-May-17,123083266,240700400020,3,213.9,37.15
2071,Silver,05-May-17,08-May-17,123080205,230100600003,2,34.4,7.55
2395,Silver,05-May-17,05-May-17,123080207,230100300023,1,34.8,14.55
2737,Silver,05-May-17,05-May-17,123083361,240100100707,1,95,39.4
2865,Silver,05-May-17,09-May-17,123083370,220100100135,1,35.7,17.95
2928,GOLD,05-May-17,05-May-17,123082552,240500100059,1,61,26.55
4648,GOLD,05-May-17,05-May-17,123080219,240800200007,1,19.875,7.95
6044,Silver,05-May-17,09-May-17,123083474,230100500096,2,71,17.25
7084,Gold,05-May-17,05-May-17,123079685,240100100644,1,59.8,25.2
7343,Silver,05-May-17,09-May-17,123079694,220100100594,1,112,56.1
8396,Silver,05-May-17,05-May-17,123083558,210200700014,1,16.8,6.8
9596,Gold,05-May-17,06-May-17,123080151,240200200060,2,369,73.85
10528,SILVER,05-May-17,05-May-17,123081608,210200100009,1,34.7,15.5
12846,Gold,05-May-17,09-May-17,123082984,230100700004,2,720,199
14313,Gold,05-May-17,11-May-17,123079709,220100100172,2,220.6,55.25
14365,Silver,05-May-17,10-May-17,123083687,240400200024,1,118.4,49.45
15425,Silver,05-May-17,05-May-17,123079722,240100100354,1,29.9,14.3
15547,SILVER,05-May-17,06-May-17,123083739,240500200045,1,30.6,12.8
15617,Gold,05-May-17,05-May-17,123083747,220100500018,1,65.8,30
15678,Silver,05-May-17,05-May-17,123083756,230100100005,1,156.9,66.75
18223,Gold,05-May-17,09-May-17,123083810,240100400148,1,253.1,125.1
18355,Silver,05-May-17,08-May-17,123083815,240600100106,2,102.4,21.3
19973,GOLD,05-May-17,08-May-17,123083847,240800200006,1,225.5,112.85
20746,Silver,05-May-17,05-May-17,123082295,220200200032,1,96.4,43.85
21213,Silver,05-May-17,05-May-17,123082986,240100400053,3,296.1,46.9
21303,Silver,05-May-17,05-May-17,123082590,220200200041,1,112.6,51.3
22770,SILVER,05-May-17,08-May-17,123083880,210200400011,3,138,23.1
22866,Gold,05-May-17,09-May-17,123081666,210201000107,3,16.8,2.85
23272,Silver,05-May-17,05-May-17,123082296,220200300088,3,378.6,57.45
23972,Gold,05-May-17,05-May-17,123080415,210200600110,1,25,11.35
24284,Silver,05-May-17,09-May-17,123081086,240700400024,3,190.8,33.15
24338,Silver,05-May-17,10-May-17,123080422,220200300076,1,85,38.7
24846,Gold,05-May-17,06-May-17,123082297,220101200006,1,52.2,20.95
24876,Silver,05-May-17,09-May-17,123081105,220100100581,3,116.1,19.45
27059,Silver,05-May-17,10-May-17,123083996,240700400010,2,122.6,31.95
27315,Gold,05-May-17,07-May-17,123080892,240500100026,3,165.6,24.5
27391,Silver,05-May-17,05-May-17,123083999,240100100610,1,61,27.55
27407,Gold,05-May-17,07-May-17,123079803,220100100541,2,85.6,21.5
29796,Gold,05-May-17,05-May-17,123084067,230100100046,1,134.8,55.1
30763,Silver,05-May-17,05-May-17,123081129,220100400004,1,100.9,50.55
32164,Gold,05-May-17,05-May-17,123084153,220100100265,1,44.7,22.45
32592,SILVER,05-May-17,05-May-17,123082346,220200200062,3,266.4,37.8
32747,Silver,05-May-17,09-May-17,123084165,240100400009,3,196.5,25.6
32835,Silver,05-May-17,05-May-17,123084168,220101200019,1,47.4,20.55
33165,Platinum,05-May-17,05-May-17,123081138,240100100298,1,6.7,3.1
33436,Silver,05-May-17,05-May-17,123084172,240700200021,3,57.3,10.15
34215,Silver,05-May-17,06-May-17,123084198,240400200024,1,118.4,49.45
34723,Gold,05-May-17,10-May-17,123080619,230100500082,2,252.2,58.6
35812,GOLD,05-May-17,05-May-17,123084254,240700200009,2,53.4,10.85
37301,SILVER,05-May-17,05-May-17,123082637,220101100020,3,49.8,6.95
37303,Platinum,05-May-17,08-May-17,123084273,240500200139,1,24.3,11
38331,Silver,05-May-17,05-May-17,123084301,230100200066,2,25.8,5.45
39197,Gold,05-May-17,05-May-17,123081193,210200500006,3,72,11.95
39456,Platinum,05-May-17,06-May-17,123081196,220100100589,4,144.4,18.15
42435,Gold,05-May-17,05-May-17,123081799,240600100030,5,74.5,6.05
44662,Gold,05-May-17,05-May-17,123084508,230100100045,1,124.8,53.6
46017,Gold,05-May-17,05-May-17,123081217,220200300033,3,212.1,34.2
47519,Gold,05-May-17,05-May-17,123084634,240200200001,2,383.6,76.8
48415,Gold,05-May-17,05-May-17,123084646,220100300008,1,85.7,34.35
49657,Silver,05-May-17,05-May-17,123082672,230100200073,2,93.8,20.2
49669,Gold,05-May-17,05-May-17,123083062,240100100592,3,57.3,7.7
50189,Gold,05-May-17,11-May-17,123084724,230100600015,3,234.6,39.2
50490,Silver,05-May-17,05-May-17,123079873,230100700009,1,540.7,276
50557,Silver,05-May-17,05-May-17,123079877,220100400027,1,88.1,41.95
50775,Silver,05-May-17,05-May-17,123082429,220100300019,1,35.6,16.7
50886,Silver,05-May-17,05-May-17,123082432,220101400238,1,56.9,25.95
52118,Silver,05-May-17,07-May-17,123079882,240100400005,1,234.6,115.95
52566,SILVER,05-May-17,05-May-17,123083065,220100100105,1,117.6,58.9
54958,Gold,05-May-17,05-May-17,123082462,240200100114,2,334.8,83.8
55039,Gold,05-May-17,05-May-17,123084844,230100500097,2,48,11.7
55856,GOLD,05-May-17,05-May-17,123080764,230100300001,1,12.7,5.75
56128,Silver,05-May-17,05-May-17,123083083,240100100127,1,34.7,15.45
56223,Gold,05-May-17,05-May-17,123080766,220200300004,1,52.3,23.9
56601,Gold,05-May-17,05-May-17,123081243,240600100027,2,70.8,14.25
56648,Platinum,05-May-17,05-May-17,123082485,220200100199,1,104.4,52.3
56738,Silver,05-May-17,13-May-17,123081848,220100100214,3,271.8,45.4
58709,Silver,05-May-17,05-May-17,123084963,240400300021,3,216,32.65
61995,Platinum,05-May-17,05-May-17,123083112,240600100041,3,7.2,1
64019,PLATINUM,05-May-17,10-May-17,123085078,240500100026,1,55.2,24.5
64497,Gold,05-May-17,05-May-17,123081896,230100700008,2,988.8,241
65001,Gold,05-May-17,05-May-17,123085150,240400300006,2,75.8,15.75
65392,Gold,05-May-17,05-May-17,123082527,230100500068,5,8.5,0.8
71222,Silver,05-May-17,05-May-17,123081298,210200500016,1,52.5,22.25
71497,Silver,05-May-17,07-May-17,123082728,220200100224,1,144.9,72.55
74605,Silver,05-May-17,05-May-17,123081925,230100100016,1,168.6,71.75
74701,Gold,05-May-17,05-May-17,123080948,210200700016,1,23.5,9.2
75054,Silver,05-May-17,05-May-17,123082769,220101400091,1,32.8,15
75126,Gold,05-May-17,05-May-17,123081940,220200100081,3,344.1,57.45
75130,Silver,05-May-17,10-May-17,123081949,210200300099,1,22.3,11.25
76074,Silver,05-May-17,07-May-17,123080982,240500100057,3,115.2,17.1
79382,Gold,05-May-17,05-May-17,123082021,220200200025,1,71.5,31.65
80686,GOLD,05-May-17,05-May-17,123081406,240100100159,1,30.8,13.7
80739,Gold,05-May-17,06-May-17,123080991,240400200056,1,166.4,79.35
80830,Platinum,05-May-17,05-May-17,123082045,240800200051,1,26.1,12.45
81489,GOLD,05-May-17,06-May-17,123080041,220100700001,1,67,32
82527,Silver,05-May-17,06-May-17,123080045,240100200005,2,64.8,13.65
83253,Gold,05-May-17,05-May-17,123080056,230100200043,1,56.7,27.25
84879,SILVER,05-May-17,10-May-17,123082095,210201000199,1,41.4,18.85
85704,Gold,05-May-17,10-May-17,123083204,230100600039,2,213.6,51.1
86565,Silver,05-May-17,05-May-17,123082865,240700400007,3,54.9,8.1
87274,Gold,05-May-17,05-May-17,123082887,220200200065,1,171.3,84.7
87729,Silver,05-May-17,13-May-17,123083209,230100100052,1,185.1,77.7
90638,Silver,05-May-17,05-May-17,123082923,240200100169,2,34.8,8.1
90858,Silver,05-May-17,05-May-17,123082170,220200300144,1,83,37.8
1207,Gold,06-May-17,09-May-17,123085681,230100600022,5,420.5,42.15
2314,Silver,06-May-17,06-May-17,123087609,240100100362,1,10.2,4.45
2438,Silver,06-May-17,13-May-17,123085692,220101400393,3,286.5,43.45
2500,Silver,06-May-17,06-May-17,123085696,240800100041,1,292.5,121.75
3336,GOLD,06-May-17,06-May-17,123088030,220101400143,1,34.9,15.6
4877,GOLD,06-May-17,08-May-17,123086297,210201000158,3,127.8,19.45
5796,SILVER,06-May-17,06-May-17,123088886,220100700001,1,67,32
5830,Gold,06-May-17,06-May-17,123087615,220200200075,1,181.3,82.35
6723,GOLD,06-May-17,06-May-17,123086355,240200200067,2,496.6,23.65
7391,Silver,06-May-17,06-May-17,123085755,240100400121,3,349.5,56.8
8020,Gold,06-May-17,06-May-17,123088951,220200300045,1,65.5,29.8
8065,GOLD,06-May-17,06-May-17,123088955,210200700011,1,10.6,4.65
8362,Silver,06-May-17,06-May-17,123085760,240100400076,3,336.9,68.6
8562,SILVER,06-May-17,10-May-17,123088962,240100100210,1,23.2,11.1
8918,Gold,06-May-17,06-May-17,123088973,210201000205,1,33.6,15.3
11229,Gold,06-May-17,06-May-17,123086998,240700400031,2,108,27.1
12480,Silver,06-May-17,19-May-17,123086361,240600100080,2,56.6,8.55
14817,Silver,06-May-17,11-May-17,123088059,220200100224,1,144.9,72.55
15989,SILVER,06-May-17,06-May-17,123086372,220200100002,1,39.1,19.65
16907,Silver,06-May-17,06-May-17,123087657,220200200027,1,98.8,42.95
17042,Silver,06-May-17,06-May-17,123085857,220200300100,1,70.5,33
17331,Silver,06-May-17,10-May-17,123085861,240400200056,1,166.4,79.35
17568,Gold,06-May-17,06-May-17,123088067,230100400025,1,16.8,6.5
17623,Silver,06-May-17,06-May-17,123085864,220200100166,1,142.9,71.55
18268,Silver,06-May-17,06-May-17,123087041,220200100222,3,327,60.05
18684,Gold,06-May-17,10-May-17,123085873,230100700011,2,504,103.95
19162,Silver,06-May-17,06-May-17,123089271,220100100138,1,19,9.6
20261,Silver,06-May-17,06-May-17,123085894,220101400091,1,32.8,15
23854,Gold,06-May-17,06-May-17,123086390,240800200003,1,101.875,40.75
27719,GOLD,06-May-17,06-May-17,123089464,240100400022,4,749.2,87.35
27725,Silver,06-May-17,06-May-17,123089465,230100500077,3,519,72.75
29302,Silver,06-May-17,07-May-17,123087071,240100100723,1,37.3,15.6
30641,Silver,06-May-17,06-May-17,123088520,220100800066,3,138.6,22
31822,Silver,06-May-17,06-May-17,123087744,240500200092,1,32.7,15.7
32151,Silver,06-May-17,07-May-17,123089552,240500100049,4,294.8,29.55
32641,Gold,06-May-17,06-May-17,123085254,240200100211,1,121,60.65
32784,Silver,06-May-17,11-May-17,123089562,240100400151,1,419,209.45
33301,Gold,06-May-17,10-May-17,123088527,230100700011,3,756,103.95
36706,Silver,06-May-17,06-May-17,123086483,220200200011,1,86.2,39.25
39361,Platinum,06-May-17,06-May-17,123089776,240400300033,2,71.4,14.35
40666,Gold,06-May-17,06-May-17,123085279,230100500075,1,181.5,76.3
44634,Silver,06-May-17,13-May-17,123089868,240100100256,1,46.8,22.05
44956,Silver,06-May-17,08-May-17,123089877,230100500091,3,573,80.45
45640,SILVER,06-May-17,06-May-17,123089888,220101400391,1,102.9,46.95
46508,GOLD,06-May-17,06-May-17,123089903,240100100549,3,175.8,27.8
46941,GOLD,06-May-17,06-May-17,123089922,240100400070,3,527.7,127.95
47443,Silver,06-May-17,08-May-17,123089937,240800100034,1,457.3,207.9
48038,Silver,06-May-17,08-May-17,123086114,240400200088,1,197.4,82.25
49627,GOLD,06-May-17,11-May-17,123088156,220200100008,1,58.1,29.15
50208,Gold,06-May-17,06-May-17,123089982,240300300090,1,462.9,210.8
51408,Gold,06-May-17,07-May-17,123086122,230100500097,6,144,11.7
51971,Silver,06-May-17,06-May-17,123088178,220200100027,3,243.3,37.95
54401,Gold,06-May-17,06-May-17,123087218,220200100198,1,101.6,50.9
54947,Gold,06-May-17,07-May-17,123086152,220200100126,1,33.4,16.8
56196,Silver,06-May-17,07-May-17,123086535,240600100172,2,46.8,10
56985,PLATINUM,06-May-17,06-May-17,123086178,240500200143,1,20.8,9.9
58123,Silver,06-May-17,06-May-17,123087951,220101400406,1,105.7,52.8
58869,Gold,06-May-17,06-May-17,123087955,220101400392,1,99.3,45.15
60737,Silver,06-May-17,06-May-17,123087989,220100100296,1,84.3,42.25
60890,GOLD,06-May-17,07-May-17,123090174,240100400057,1,217.5,161.2
65150,Silver,06-May-17,06-May-17,123086215,220100800040,1,111.5,53.05
70291,Gold,06-May-17,07-May-17,123086564,240100400021,1,91.6,45.75
71964,Gold,06-May-17,09-May-17,123086595,240100100159,1,30.8,13.7
73309,Gold,06-May-17,10-May-17,123086611,240500100046,1,69.8,22.4
75311,GOLD,06-May-17,06-May-17,123087395,220200300142,1,110.3,50.25
76789,Gold,06-May-17,06-May-17,123088276,220200100035,1,62.6,31.4
79337,GOLD,06-May-17,06-May-17,123087430,220200200080,3,532.8,82.75
84408,Silver,06-May-17,09-May-17,123088694,230100600013,2,143.4,35.95
84490,Silver,06-May-17,08-May-17,123085521,220100800040,1,111.5,53.05
87392,Gold,06-May-17,06-May-17,123087522,240100300006,2,103,22.8
88158,GOLD,06-May-17,06-May-17,123088355,230100200055,3,742.8,116
88928,Silver,06-May-17,06-May-17,123087548,220200300129,1,81.2,37.05
89333,GOLD,06-May-17,06-May-17,123086882,220200100098,1,120.7,66.5
89790,Silver,06-May-17,06-May-17,123088385,230100500092,2,231.2,48.15
92037,Gold,06-May-17,08-May-17,123085621,240100400004,1,102.4,51.15
92475,Gold,06-May-17,11-May-17,123087563,240100100029,3,328.8,47.35
93111,Silver,06-May-17,06-May-17,123086271,240300200034,1,48.7,22.1
93246,Gold,06-May-17,08-May-17,123087588,210200100011,3,228,33.75
93280,GOLD,06-May-17,07-May-17,123087590,240100300006,2,103,22.8
94140,Gold,06-May-17,06-May-17,123088435,220200100098,1,120.7,66.5
332,Gold,07-May-17,07-May-17,123093308,230100600015,3,234.6,39.2
383,Gold,07-May-17,07-May-17,123092230,240100100065,1,34.7,13.8
2089,Gold,07-May-17,07-May-17,123094109,220100300038,1,141.2,57.95
2093,GOLD,07-May-17,07-May-17,123090818,230100100012,1,179.3,82
2302,Silver,07-May-17,08-May-17,123094114,240100100552,1,169.2,71.95
2731,Silver,07-May-17,07-May-17,123091709,220101400211,1,34.9,15.6
3487,Silver,07-May-17,07-May-17,123091711,240200100043,3,423.6,69.4
4239,Gold,07-May-17,15-May-17,123090898,220101400292,3,107.1,15.55
5111,Silver,07-May-17,07-May-17,123094211,240700200021,2,38.2,10.15
6269,Gold,07-May-17,10-May-17,123092882,220100100444,1,134.6,67.25
6715,Gold,07-May-17,07-May-17,123091773,240100400129,1,237.4,111
7871,Silver,07-May-17,07-May-17,123091807,240200100165,5,264.5,25.2
9217,Silver,07-May-17,07-May-17,123090921,240800200008,1,150.25,60.1
9838,Gold,07-May-17,07-May-17,123094318,240700200005,3,18,2.85
11816,Silver,07-May-17,11-May-17,123090965,230100600038,2,225,54.95
13223,Gold,07-May-17,09-May-17,123091818,240200100081,2,16.2,3.55
13758,Silver,07-May-17,07-May-17,123093330,240100200004,1,35.2,14.8
14598,Silver,07-May-17,09-May-17,123094407,240500100020,1,51.6,22.9
15000,Gold,07-May-17,07-May-17,123094413,240800200052,1,24.3,11.65
15039,Silver,07-May-17,07-May-17,123092919,220200100225,3,192.3,30.2
15071,Gold,07-May-17,10-May-17,123090294,210201000206,1,41.1,18.7
15546,Gold,07-May-17,09-May-17,123090978,230100500092,2,231.2,48.15
15758,SILVER,07-May-17,13-May-17,123092928,220100500010,1,93,41
16096,Gold,07-May-17,08-May-17,123091820,220200100211,1,103.5,51.85
17608,SILVER,07-May-17,13-May-17,123094449,240100100153,3,1.875,0.25
17785,Gold,07-May-17,07-May-17,123094452,240500100032,1,54.9,24.35
17955,SILVER,07-May-17,07-May-17,123091030,220101400389,1,60.5,27.55
18645,SILVER,07-May-17,10-May-17,123092939,220100100156,1,167.8,84
19030,Silver,07-May-17,07-May-17,123094478,220100100424,3,57.6,9.7
19259,Silver,07-May-17,07-May-17,123093347,220200100101,3,183,28.75
20869,Gold,07-May-17,07-May-17,123091031,240500100004,3,190.5,28
21187,SILVER,07-May-17,07-May-17,123091034,220101200015,3,69,9.95
21376,Silver,07-May-17,08-May-17,123090369,240700400017,1,41.4,19.4
21789,Gold,07-May-17,07-May-17,123094529,240100100272,1,12.7,5.25
21789,Silver,07-May-17,07-May-17,123094526,220100100186,1,75.5,37.85
22382,Gold,07-May-17,08-May-17,123094560,240100200001,1,15.9,6.3
23654,SILVER,07-May-17,07-May-17,123092963,240500100046,1,69.8,22.4
24237,GOLD,07-May-17,07-May-17,123094633,220101400213,3,202.2,30.05
24959,Silver,07-May-17,07-May-17,123091084,220100300018,3,76.8,12.1
25300,Gold,07-May-17,07-May-17,123094652,230100500004,2,6.4,1.35
25342,Gold,07-May-17,07-May-17,123094667,230100400021,1,19.6,7.9
29035,Gold,07-May-17,11-May-17,123094712,240100100231,1,11.4,5.3
29246,Silver,07-May-17,07-May-17,123091852,220100800047,1,76.6,36.5
33574,GOLD,07-May-17,07-May-17,123091166,220100900023,3,313.5,41.85
33704,Gold,07-May-17,11-May-17,123092348,210200600084,1,34.8,14.9
34536,GOLD,07-May-17,10-May-17,123093050,220100100258,1,56.4,28.3
35229,GOLD,07-May-17,11-May-17,123094872,240400300035,3,57.3,7.7
39506,SILVER,07-May-17,09-May-17,123093085,220101400029,1,4.6,1.9
39704,Gold,07-May-17,07-May-17,123093404,240500200095,3,87.3,13.95
40408,Gold,07-May-17,07-May-17,123090418,240100200012,1,32.2,13.35
40914,Gold,07-May-17,07-May-17,123095065,230100600013,2,143.4,35.95
42594,Silver,07-May-17,07-May-17,123093416,220200300161,3,67.8,9.65
43187,Gold,07-May-17,07-May-17,123093099,220100700009,3,300.3,47.65
43485,Gold,07-May-17,07-May-17,123090420,240100400085,1,64.5,30.95
43653,Gold,07-May-17,07-May-17,123093112,210201000036,1,19.5,8.9
44292,Gold,07-May-17,11-May-17,123095158,240100100228,1,6.4,2.9
45698,Gold,07-May-17,12-May-17,123090748,240300200034,1,48.7,22.1
45989,Silver,07-May-17,07-May-17,123092387,220101300003,4,160.4,17.85
46078,SILVER,07-May-17,07-May-17,123092393,230100600015,2,156.4,39.2
48083,Silver,07-May-17,07-May-17,123091300,220200100099,3,473.4,79
49622,Silver,07-May-17,07-May-17,123093152,230100500097,2,48,11.7
49954,Gold,07-May-17,07-May-17,123093164,230100500066,2,25.4,6.1
50434,Silver,07-May-17,07-May-17,123095336,240200100153,2,56,12.55
51255,Silver,07-May-17,07-May-17,123092435,220200200015,3,315.3,47.75
51281,Silver,07-May-17,07-May-17,123091352,240300100039,1,13.7,6
51646,Silver,07-May-17,10-May-17,123095369,220200300073,1,80,36.5
52119,Gold,07-May-17,07-May-17,123091357,220100400022,1,98.9,47.7
55275,SILVER,07-May-17,07-May-17,123093235,240100100535,3,85.8,12.95
55365,Gold,07-May-17,07-May-17,123091429,210201000006,1,23.4,10.5
55758,Silver,07-May-17,07-May-17,123095474,220100100487,1,26.3,13.25
55799,Silver,07-May-17,07-May-17,123095486,240100100422,3,67.8,7.85
56541,Gold,07-May-17,07-May-17,123093958,220100100592,1,31.1,15.65
57108,Gold,07-May-17,07-May-17,123090464,220100700010,1,53.9,25.7
57195,Silver,07-May-17,07-May-17,123095537,220200100182,1,129.7,64.95
57749,Gold,07-May-17,07-May-17,123093262,230100500094,3,259.8,34.1
58533,Silver,07-May-17,07-May-17,123093269,220200200052,3,597.6,90.6
60003,Silver,07-May-17,07-May-17,123095611,220200100008,1,58.1,29.15
60810,Silver,07-May-17,07-May-17,123091472,220100100113,1,44.7,22.45
62127,Gold,07-May-17,07-May-17,123091480,230100400028,1,13.9,5.45
63330,Gold,07-May-17,07-May-17,123093513,220200200005,1,47,21.45
64666,Silver,07-May-17,07-May-17,123093305,220100300016,3,51.3,8.65
64854,Silver,07-May-17,07-May-17,123095701,210200600120,3,83.4,12.05
65350,Gold,07-May-17,12-May-17,123091955,220100400027,1,88.1,41.95
65378,Silver,07-May-17,07-May-17,123093975,230100300028,1,38,17.7
72105,Gold,07-May-17,07-May-17,123093988,220100100594,1,112,56.1
72831,Silver,07-May-17,07-May-17,123091610,230100500085,3,712.8,97.9
73046,SILVER,07-May-17,07-May-17,123093993,240600100028,2,37.2,7.5
80735,SILVER,07-May-17,07-May-17,123092614,220101400111,1,24.8,11.4
80920,Silver,07-May-17,08-May-17,123092623,240100200001,1,15.9,6.3
81246,Silver,07-May-17,07-May-17,123090583,220100200001,1,55.8,22.35
81470,Silver,07-May-17,07-May-17,123092109,220200100156,1,112.7,56.45
83298,Silver,07-May-17,07-May-17,123094047,240100400099,1,173.2,127
83624,Silver,07-May-17,11-May-17,123093689,240300300062,1,25,10.55
84268,Gold,07-May-17,07-May-17,123092682,210200600020,3,64.5,9.95
86691,Gold,07-May-17,07-May-17,123092164,240600100024,2,63,14.45
86923,Gold,07-May-17,07-May-17,123093720,220200200037,1,70.1,31.9
87185,Silver,07-May-17,10-May-17,123092717,240100100480,1,8.1,3.15
89603,Gold,07-May-17,10-May-17,123090758,240200200024,2,248.4,12.4
90528,Silver,07-May-17,07-May-17,123090662,220101400392,2,198.6,45.15
92118,GOLD,07-May-17,07-May-17,123091683,230100500068,2,3.4,0.8
92200,GOLD,07-May-17,07-May-17,123092790,240700400002,2,67.2,14.65
92750,Silver,07-May-17,07-May-17,123092792,220200100052,3,589.5,98.35
92999,SILVER,07-May-17,07-May-17,123094083,220200200022,1,57.3,33.9
93358,Gold,07-May-17,12-May-17,123093782,220100100268,1,69.3,34.75
7,Silver,08-May-17,08-May-17,123097468,240200100088,2,19.4,3.95
79,SILVER,08-May-17,09-May-17,123000421,230100500068,2,3.4,0.8
308,Silver,08-May-17,08-May-17,123097482,240200200044,2,96.2,19.3
566,Gold,08-May-17,08-May-17,123000438,230100600008,3,393.6,64.25
1417,Gold,08-May-17,08-May-17,123000464,220200100113,1,139.9,70.05
2529,Silver,08-May-17,08-May-17,123000492,220200200031,3,143.7,23.45
2756,GOLD,08-May-17,11-May-17,123000508,240800100039,1,85.8,39.9
6614,Gold,08-May-17,10-May-17,123099111,220100100182,3,268.8,44.9
7543,Silver,08-May-17,08-May-17,123098322,240700400013,3,204.6,35.55
7549,Gold,08-May-17,13-May-17,123096279,230100500074,2,272,51.3
8299,SILVER,08-May-17,08-May-17,123000587,240700200010,2,51.4,9.85
9394,Gold,08-May-17,09-May-17,123096345,230100600015,2,156.4,39.2
10040,Gold,08-May-17,08-May-17,123099130,240200100181,2,218.6,56.6
10753,Gold,08-May-17,08-May-17,123000065,240500100030,1,54.8,24.3
11094,Silver,08-May-17,08-May-17,123095740,240100100262,1,23.2,9.7
11463,Silver,08-May-17,08-May-17,123098338,220200200057,3,186.9,28.35
11699,GOLD,08-May-17,08-May-17,123000667,220100100348,1,61,30.45
12251,Silver,08-May-17,08-May-17,123000686,220100700027,3,173.7,29.05
13021,Silver,08-May-17,09-May-17,123000070,230100700004,2,720,199
13182,Gold,08-May-17,11-May-17,123000757,240100400127,1,183.6,85.8
14771,Silver,08-May-17,08-May-17,123000777,220100100164,3,208.5,34.85
15551,Silver,08-May-17,08-May-17,123000788,220200100210,1,93.9,47.05
17654,Silver,08-May-17,08-May-17,123099600,220200100108,1,135.2,67.7
17837,Silver,08-May-17,10-May-17,123000842,240800200024,1,31.7,14
18173,Silver,08-May-17,08-May-17,123096485,220101200027,1,72.8,31.65
18754,SILVER,08-May-17,08-May-17,123096493,240400200095,1,223.6,101.6
19680,Silver,08-May-17,11-May-17,123000893,240100100210,3,69.6,11.1
20159,Gold,08-May-17,08-May-17,123000935,240200100183,2,191.4,47.95
20187,Silver,08-May-17,08-May-17,123097563,220200100179,1,134.5,67.35
23559,Gold,08-May-17,14-May-17,123095779,240100400139,1,255.4,116.05
25505,Silver,08-May-17,13-May-17,123001062,240700200025,3,43.8,6.2
27547,Silver,08-May-17,09-May-17,123001090,240100400067,3,395.4,62.7
27970,Silver,08-May-17,08-May-17,123099236,220200100219,1,102.7,51.45
28197,Gold,08-May-17,14-May-17,123001105,240800100020,1,122.4,65.6
28388,Silver,08-May-17,08-May-17,123095826,220100800052,3,256.2,40.7
28618,Gold,08-May-17,17-May-17,123097301,240500200113,1,42.2,20.05
29111,Gold,08-May-17,08-May-17,123000095,240100400087,1,117.2,58.55
29698,Gold,08-May-17,14-May-17,123000411,230100500096,3,106.5,17.25
29788,Gold,08-May-17,08-May-17,123001126,240200100183,2,191.4,47.95
30002,SILVER,08-May-17,08-May-17,123001145,220200100092,1,83,41.6
30026,Silver,08-May-17,08-May-17,123097607,210200400082,1,38.7,19.45
30533,Silver,08-May-17,10-May-17,123099288,240100100521,3,26.4,4.8
30650,Silver,08-May-17,08-May-17,123001165,230100700008,3,1483.2,241
31266,Gold,08-May-17,08-May-17,123001189,220100300022,1,12.1,5.95
32289,Silver,08-May-17,08-May-17,123097643,210200400073,1,42.1,21.15
33306,Silver,08-May-17,10-May-17,123097644,210201000096,1,22.9,10.45
33410,Gold,08-May-17,08-May-17,123096789,220100100265,1,44.7,22.45
33998,Silver,08-May-17,13-May-17,123098466,210200300072,1,44.7,22.45
35259,Gold,08-May-17,08-May-17,123096808,240800200003,1,101.875,40.75
36494,Gold,08-May-17,10-May-17,123001272,240800100053,1,266.7,106.75
36870,Gold,08-May-17,08-May-17,123099306,220200200062,1,88.8,37.8
37043,Gold,08-May-17,08-May-17,123096826,220200100033,3,327.9,54.75
39182,Gold,08-May-17,13-May-17,123099327,220101000001,1,18.2,8.2
39522,Gold,08-May-17,10-May-17,123001338,240100100027,1,23.5,9.45
40661,Silver,08-May-17,10-May-17,123096860,240400200016,1,177.6,50.4
42346,Gold,08-May-17,08-May-17,123001396,220200100099,1,157.8,79
43669,Gold,08-May-17,08-May-17,123098521,240200100099,2,26.6,6.15
44137,Silver,08-May-17,08-May-17,123000133,220100700016,3,270,41.1
44551,Silver,08-May-17,08-May-17,123001465,220101500010,1,296.7,152.25
46269,Gold,08-May-17,10-May-17,123096947,220200200009,1,59,26.85
46482,Gold,08-May-17,08-May-17,123098578,220101400363,3,112.8,16.35
47595,Gold,08-May-17,08-May-17,123099376,240500200095,4,116.4,13.95
50107,Gold,08-May-17,08-May-17,123099752,240800100028,1,360.1,163.5
50199,Gold,08-May-17,08-May-17,123001583,240100400112,1,114,54.8
51980,Gold,08-May-17,08-May-17,123098639,210200500019,1,36.1,16.8
52236,Gold,08-May-17,10-May-17,123001602,240500200099,1,49.2,22.45
52893,Silver,08-May-17,08-May-17,123097675,240500200033,1,31.7,13.25
54244,Gold,08-May-17,08-May-17,123097068,220101200005,1,139,55.7
54566,Silver,08-May-17,08-May-17,123097083,240100100053,1,22.8,11.45
54993,Gold,08-May-17,12-May-17,123099516,220101400366,4,288.4,36
55321,Gold,08-May-17,13-May-17,123001636,240500100044,1,71.2,28.5
56647,Gold,08-May-17,08-May-17,123001675,230100500055,2,51,10.75
57352,Silver,08-May-17,08-May-17,123098651,240100400149,1,86,41
58136,Silver,08-May-17,09-May-17,123097729,230100600017,2,111.4,27.95
59247,SILVER,08-May-17,13-May-17,123097144,240400200027,3,656.1,91.15
59507,SILVER,08-May-17,14-May-17,123097161,230100500096,2,71,17.25
60693,SILVER,08-May-17,11-May-17,123001758,240700400036,3,18.6,2.75
60810,Silver,08-May-17,08-May-17,123097185,240800200020,1,163.4,74.3
63502,Silver,08-May-17,09-May-17,123000416,230100500095,3,290.7,40
65794,Silver,08-May-17,14-May-17,123097293,240400300034,2,68.4,13.75
70231,Silver,08-May-17,12-May-17,123095973,210200100001,1,12.8,5.65
70712,GOLD,08-May-17,11-May-17,123095976,210200600051,1,49.4,22.3
71742,Gold,08-May-17,11-May-17,123098717,210200300039,1,9.9,5
72333,SILVER,08-May-17,08-May-17,123097763,240200100066,3,866.4,140.55
74039,Gold,08-May-17,08-May-17,123098779,220100400005,3,243.9,40.75
74462,Silver,08-May-17,10-May-17,123098788,240100400127,3,550.8,85.8
74667,GOLD,08-May-17,08-May-17,123098792,240100100597,1,103.5,44.05
74908,Silver,08-May-17,08-May-17,123000240,240500100030,3,164.4,24.3
75044,Silver,08-May-17,13-May-17,123097903,240200200035,3,274.8,36.75
77765,Silver,08-May-17,08-May-17,123098827,220101100015,1,12.1,5.3
77854,Silver,08-May-17,08-May-17,123000291,240100400088,3,547.8,86.9
80161,Silver,08-May-17,08-May-17,123098877,240700400030,2,43.4,9.45
80527,Gold,08-May-17,09-May-17,123099898,220200300142,1,110.3,50.25
80876,GOLD,08-May-17,08-May-17,123098886,240500200100,3,68.1,10.85
81764,GOLD,08-May-17,12-May-17,123096086,220100500026,1,63,28.7
83284,Gold,08-May-17,08-May-17,123098912,220101200017,1,14.2,5.85
83376,Gold,08-May-17,08-May-17,123098919,240700400001,2,125.6,27.3
84468,SILVER,08-May-17,08-May-17,123096116,240500100035,1,64,28.35
86509,Gold,08-May-17,08-May-17,123098150,220200100002,1,39.1,19.65
86580,Silver,08-May-17,08-May-17,123099962,210200500012,1,79,32.8
87529,Silver,08-May-17,08-May-17,123097433,220101400007,3,127.2,19.35
90416,Silver,08-May-17,08-May-17,123098994,240300100021,1,20.4,9.3
90637,GOLD,08-May-17,08-May-17,123000017,210200900016,1,13.9,6.55
92060,Gold,08-May-17,10-May-17,123098246,220100100565,1,39,19.6
93359,Gold,08-May-17,08-May-17,123099034,240100300005,4,180,19.2
93750,Silver,08-May-17,08-May-17,123099055,220100200008,1,44.7,17.85
315,Gold,09-May-17,09-May-17,123006763,240100400080,1,219.9,109.9
1014,Silver,09-May-17,10-May-17,123006768,220200100139,3,171.9,28.75
2624,Gold,09-May-17,13-May-17,123002445,230100600023,3,220.2,36.8
3620,SILVER,09-May-17,09-May-17,123002458,240400200036,1,51.4,23.25
3733,Gold,09-May-17,09-May-17,123005237,220101400205,1,24.7,11.1
4670,Gold,09-May-17,25-May-17,123005240,220200300040,3,332.1,49.35
5467,Gold,09-May-17,09-May-17,123006390,220101300012,1,18.4,8.3
5826,Gold,09-May-17,15-May-17,123006885,240500200081,1,126.8,52.9
7185,Silver,09-May-17,09-May-17,123005890,220200100198,3,304.8,50.9
7474,Gold,09-May-17,09-May-17,123001908,210200900021,1,57.2,22.95
8123,Silver,09-May-17,14-May-17,123002498,230100500056,3,24,3.5
8333,Silver,09-May-17,09-May-17,123002511,220101100018,1,17.1,7.15
8835,Gold,09-May-17,09-May-17,123002528,240700400003,3,37.2,5.6
10028,Silver,09-May-17,12-May-17,123002543,220200100062,3,275.4,46
10383,Silver,09-May-17,09-May-17,123005310,240700400027,2,139.2,36.35
11791,Silver,09-May-17,09-May-17,123001911,220100100272,2,45.6,11.5
13217,Gold,09-May-17,09-May-17,123007160,240300100027,1,385,189.6
15439,Silver,09-May-17,12-May-17,123002640,230100200041,2,116.6,29.25
16112,Silver,09-May-17,11-May-17,123002670,220200200027,1,98.8,42.95
16778,GOLD,09-May-17,09-May-17,123007350,240800200028,1,43,17.85
17187,Gold,09-May-17,09-May-17,123002689,220200100120,5,328.5,32.95
17814,Platinum,09-May-17,09-May-17,123004561,230100400012,1,28.5,11.45
17867,Gold,09-May-17,09-May-17,123007368,220101500006,1,216.1,108.15
18697,Gold,09-May-17,10-May-17,123007386,230100200006,2,186.2,46.65
19404,GOLD,09-May-17,09-May-17,123007411,220100100537,1,68.6,34.4
19509,Silver,09-May-17,09-May-17,123005388,240100200005,1,32.4,13.65
19955,Silver,09-May-17,13-May-17,123007430,240600100139,2,56.6,12.25
20338,Silver,09-May-17,09-May-17,123005402,240100200001,1,15.9,6.3
22344,Gold,09-May-17,14-May-17,123007513,230100600023,3,220.2,36.8
23367,Gold,09-May-17,09-May-17,123002783,220100100481,1,39.7,19.95
24716,Silver,09-May-17,09-May-17,123002813,220200300161,3,67.8,9.65
26124,Gold,09-May-17,11-May-17,123007604,220200200045,3,339,51.45
26246,Silver,09-May-17,09-May-17,123002850,240100100135,1,224.2,92
26767,Gold,09-May-17,14-May-17,123001966,240100100559,1,38.5,16.5
26965,Silver,09-May-17,14-May-17,123002856,230100600039,2,213.6,51.1
27823,Gold,09-May-17,09-May-17,123005436,220100100614,1,59.1,29.65
27869,Silver,09-May-17,13-May-17,123003805,240100100654,3,135.6,18.15
29016,Gold,09-May-17,09-May-17,123002886,220200300133,3,84.6,12.95
29145,Gold,09-May-17,09-May-17,123007695,220100300038,3,423.6,57.95
29732,Silver,09-May-17,15-May-17,123001973,210200300121,1,70.8,36.9
29897,Gold,09-May-17,09-May-17,123004603,240600100129,2,71.4,15.55
30484,Gold,09-May-17,12-May-17,123005443,220100100233,1,83.5,41.85
31697,Gold,09-May-17,09-May-17,123005456,220200100241,3,106.2,17.8
31762,Silver,09-May-17,09-May-17,123001977,240300100049,1,19.9,8.9
33820,Silver,09-May-17,09-May-17,123007754,220100100029,3,41.4,7
33831,Gold,09-May-17,09-May-17,123002937,220200100173,3,326.7,54.55
35855,Gold,09-May-17,15-May-17,123002995,240400200035,1,60.6,27.5
38566,Silver,09-May-17,15-May-17,123003074,230100500067,2,78.4,20.05
40261,Platinum,09-May-17,13-May-17,123005513,220100100573,1,30.5,15.35
40631,GOLD,09-May-17,11-May-17,123007989,220200200011,1,86.2,39.25
41323,Silver,09-May-17,09-May-17,123005550,220200100035,1,62.6,31.4
42103,SILVER,09-May-17,09-May-17,123006473,220200100079,1,124.3,62.25
43450,Gold,09-May-17,14-May-17,123001995,240100200012,1,32.2,13.35
44177,GOLD,09-May-17,13-May-17,123004729,240100100424,1,26.3,9.1
44284,Silver,09-May-17,09-May-17,123003148,240100400005,1,234.6,115.95
44544,Gold,09-May-17,09-May-17,123003593,230100700004,2,720,199
44552,Gold,09-May-17,15-May-17,123003900,240100100142,3,5.4,0.75
46174,GOLD,09-May-17,09-May-17,123008160,240100400022,1,187.3,87.35
46755,Silver,09-May-17,09-May-17,123006493,220100700005,3,481.2,76.45
48090,Gold,09-May-17,09-May-17,123006010,220200300007,3,186.6,28.3
48325,Gold,09-May-17,09-May-17,123003217,220101400111,1,24.8,11.4
49076,Silver,09-May-17,09-May-17,123003618,230100100063,1,344.8,158.1
49481,Silver,09-May-17,09-May-17,123005624,220200100247,1,47.5,23.85
50033,Gold,09-May-17,09-May-17,123003917,240100400151,1,419,209.45
51173,Silver,09-May-17,09-May-17,123002051,230100600028,1,96.7,48.45
52505,Gold,09-May-17,09-May-17,123005673,240500100041,1,116.1,46.5
52622,Gold,09-May-17,09-May-17,123004762,230100100051,1,184.9,78.15
53419,Gold,09-May-17,10-May-17,123008376,240100400086,1,94.6,47.25
53622,Gold,09-May-17,09-May-17,123003286,230100600028,2,193.4,48.45
55068,Gold,09-May-17,09-May-17,123003367,220200100126,1,33.4,16.8
55618,Silver,09-May-17,09-May-17,123006056,240500200042,1,37,17.6
55677,Gold,09-May-17,09-May-17,123002067,240200100022,1,3.7,1.75
55725,Silver,09-May-17,09-May-17,123003400,220200200043,3,110.7,18.3
56503,Gold,09-May-17,09-May-17,123008452,220100300001,1,90.2,38.3
57455,Gold,09-May-17,09-May-17,123005722,220200100186,1,127.6,63.9
58382,Gold,09-May-17,09-May-17,123008551,240400300023,2,98.8,19.8
58548,Gold,09-May-17,09-May-17,123003432,220200300056,1,93.1,42.45
59506,Silver,09-May-17,13-May-17,123008586,240500200105,1,29.2,12.2
59624,Silver,09-May-17,09-May-17,123005754,240200200068,2,597.6,151.55
60407,Gold,09-May-17,09-May-17,123004022,210201000029,1,9.5,4.3
61000,Gold,09-May-17,14-May-17,123008634,240600100181,3,110.4,16
61010,SILVER,09-May-17,09-May-17,123005773,230100500075,3,544.5,76.3
61136,GOLD,09-May-17,09-May-17,123005775,240100100672,1,197.9,84.9
61457,Gold,09-May-17,09-May-17,123003480,240300100055,2,76,17.65
62007,Silver,09-May-17,11-May-17,123004028,230100600023,3,220.2,36.8
63403,SILVER,09-May-17,09-May-17,123003529,230100600022,2,168.2,42.15
63493,Silver,09-May-17,09-May-17,123004050,240100100427,1,34.7,16.25
70918,Silver,09-May-17,09-May-17,123004822,220100100117,1,40,20.1
73104,SILVER,09-May-17,09-May-17,123004892,230100500096,2,71,17.25
73282,Gold,09-May-17,09-May-17,123006166,210200200012,3,67.8,9.8
74372,GOLD,09-May-17,10-May-17,123002376,240300200013,1,40.9,18.65
77043,Gold,09-May-17,09-May-17,123006247,220200100228,1,165.4,82.8
77754,Silver,09-May-17,09-May-17,123006248,220101400294,3,102,15.5
79120,SILVER,09-May-17,09-May-17,123004310,240100100577,1,76,31.75
79432,Gold,09-May-17,09-May-17,123003648,220200300070,1,100.2,45.6
80070,Gold,09-May-17,09-May-17,123006646,230100500087,2,182.2,37.95
80095,Gold,09-May-17,09-May-17,123002144,220100100515,2,71,17.85
80370,GOLD,09-May-17,11-May-17,123006729,230100500087,2,182.2,37.95
80799,Platinum,09-May-17,09-May-17,123005024,210200100013,1,42.3,18.85
81506,Silver,09-May-17,09-May-17,123005028,240500200100,1,22.7,10.85
83678,SILVER,09-May-17,13-May-17,123002398,240200100033,2,21.8,3.55
83964,Gold,09-May-17,11-May-17,123002195,220101400088,1,38.4,17.5
84618,Gold,09-May-17,09-May-17,123006287,220100100038,1,19.7,9.95
84655,Silver,09-May-17,12-May-17,123004373,220101100034,1,11.8,5
85546,Gold,09-May-17,13-May-17,123006736,230100200037,2,150.8,37.8
87081,Silver,09-May-17,09-May-17,123006302,230100600041,2,135,32.15
87937,Silver,09-May-17,09-May-17,123002286,230100600015,1,78.2,39.2
90716,Gold,09-May-17,09-May-17,123006684,240200100047,2,29.6,7.5
93020,SILVER,09-May-17,14-May-17,123006714,220200100179,1,134.5,67.35
3248,SILVER,10-May-17,10-May-17,123010813,230100200066,2,25.8,5.45
3866,Silver,10-May-17,10-May-17,123010284,230100200074,2,95.6,23.35
9600,Silver,10-May-17,10-May-17,123010305,240100400136,1,90.9,45.4
21243,Platinum,10-May-17,10-May-17,123010344,210200300065,3,35.1,5.9
29756,Silver,10-May-17,10-May-17,123008946,240100200014,2,110.8,22.8
34840,Silver,10-May-17,10-May-17,123009375,240100100053,1,22.8,11.45
37512,Gold,10-May-17,10-May-17,123010921,230100300026,1,56,23.35
43054,Silver,10-May-17,16-May-17,123010932,230100500095,2,193.8,40
45765,Gold,10-May-17,10-May-17,123009409,240600100011,2,70.2,14.7
49938,GOLD,10-May-17,16-May-17,123012172,240800200001,1,169.5,67.8
59505,GOLD,10-May-17,10-May-17,123009974,220100700027,1,57.9,29.05
60264,SILVER,10-May-17,10-May-17,123010500,220200100079,1,124.3,62.25
61038,Gold,10-May-17,10-May-17,123010518,220200200015,1,105.1,47.75
64993,Gold,10-May-17,10-May-17,123011008,240600100107,2,52.4,11.7
70497,SILVER,10-May-17,10-May-17,123009983,210200700014,3,50.4,6.8
72792,Silver,10-May-17,10-May-17,123009027,230100600005,1,129.8,63.2
75092,SILVER,10-May-17,10-May-17,123009487,220200100098,4,482.8,66.5
76648,Gold,10-May-17,10-May-17,123010082,240800100006,1,253.5,108
77584,Silver,10-May-17,13-May-17,123009513,240600100071,2,104.4,21.55
79540,Silver,10-May-17,10-May-17,123010104,220100800060,1,24.3,11.65
79719,Gold,10-May-17,10-May-17,123009546,220200200012,1,67.9,30.9
80876,Gold,10-May-17,10-May-17,123010121,220101400119,1,34.4,15.75
83146,GOLD,10-May-17,15-May-17,123009588,240600100169,2,56,11.95
83567,Gold,10-May-17,10-May-17,123009124,240400200084,1,68.4,28.55
83778,Silver,10-May-17,12-May-17,123009601,240200100066,2,577.6,140.55
86442,Silver,10-May-17,10-May-17,123009170,240400300023,1,49.4,19.8
91305,Silver,10-May-17,10-May-17,123010228,210200300099,1,22.3,11.25
93723,Silver,10-May-17,11-May-17,123010801,230100300023,1,34.8,14.55
94144,Gold,10-May-17,10-May-17,123009691,220101400157,1,31.8,14.15
4881,Gold,11-May-17,11-May-17,123013855,220200100072,1,100.4,50.3
5203,Silver,11-May-17,14-May-17,123016416,240700400036,2,12.4,2.75
6906,Platinum,11-May-17,11-May-17,123015185,240100400112,1,114,54.8
7419,Silver,11-May-17,11-May-17,123016460,240400200088,1,197.4,82.25
11136,Silver,11-May-17,11-May-17,123013105,220200300080,1,64.6,29.4
12842,Gold,11-May-17,11-May-17,123015222,240500200123,1,20,9.5
17262,GOLD,11-May-17,15-May-17,123015289,220100100530,1,52.2,26.2
17786,Silver,11-May-17,11-May-17,123015295,210200900001,1,46.1,19.55
17890,GOLD,11-May-17,11-May-17,123016682,240100400048,1,292.7,144.65
19051,SILVER,11-May-17,14-May-17,123013175,240400300035,2,38.2,7.7
20063,Silver,11-May-17,11-May-17,123016765,240100100642,3,217.8,30.95
22161,Gold,11-May-17,13-May-17,123016819,240100400089,3,299.4,48.7
24327,Silver,11-May-17,15-May-17,123016227,230100100059,1,134.4,57.05
26678,Gold,11-May-17,17-May-17,123016236,230100300001,1,12.7,5.75
26792,Silver,11-May-17,11-May-17,123013285,220200200009,1,59,26.85
27059,Silver,11-May-17,16-May-17,123016902,240400200012,1,160.9,69.6
27730,Gold,11-May-17,11-May-17,123013313,240200200026,2,192.6,38.55
29782,Silver,11-May-17,11-May-17,123015643,240200200080,2,187.6,9.4
30079,Silver,11-May-17,13-May-17,123016953,230100600039,2,213.6,51.1
30342,Gold,11-May-17,11-May-17,123016983,230100100024,1,45.5,20.8
30558,Gold,11-May-17,11-May-17,123013350,220100600008,3,882.6,140.05
30775,GOLD,11-May-17,11-May-17,123017023,230100700011,5,1260,103.95
30927,Gold,11-May-17,11-May-17,123012616,230100500074,1,136,51.3
31844,Silver,11-May-17,13-May-17,123014001,220100700038,1,100.2,47.75
32245,Silver,11-May-17,11-May-17,123013713,240100300006,2,103,22.8
32708,Platinum,11-May-17,11-May-17,123014011,230100700008,2,988.8,241
32804,Gold,11-May-17,16-May-17,123012626,220101400366,1,72.1,36
33610,Gold,11-May-17,11-May-17,123015377,240200100219,3,261.6,43.7
35432,Gold,11-May-17,14-May-17,123014652,240100400081,3,360.3,56.45
38536,Silver,11-May-17,11-May-17,123015403,210200400096,1,47.2,23.7
38982,GOLD,11-May-17,11-May-17,123013726,240100400037,1,231,113.65
41290,SILVER,11-May-17,11-May-17,123013481,220200300002,3,112.5,17.05
42225,Gold,11-May-17,14-May-17,123013491,220200300025,1,81.4,37.15
44211,Silver,11-May-17,11-May-17,123017348,240100200001,1,15.9,6.3
45822,Silver,11-May-17,12-May-17,123013503,220100200016,1,34.4,13.8
46062,Silver,11-May-17,14-May-17,123015441,220100100119,1,79.8,40
46499,Silver,11-May-17,11-May-17,123015448,220200200047,1,135.8,68
46773,Silver,11-May-17,11-May-17,123014076,240100400078,1,350.5,175.2
47140,Gold,11-May-17,11-May-17,123012729,240200100090,1,13.6,5.85
49240,Gold,11-May-17,11-May-17,123017515,240100400129,1,237.4,111
49254,SILVER,11-May-17,11-May-17,123015478,240300300113,1,230.5,105.2
49454,GOLD,11-May-17,15-May-17,123014777,240100100707,1,95,39.4
50533,GOLD,11-May-17,13-May-17,123017594,230100200066,2,25.8,5.45
51844,Gold,11-May-17,11-May-17,123015488,220101400177,1,93.2,42.45
52573,Gold,11-May-17,11-May-17,123017604,240100400126,1,163.7,81.8
53603,Gold,11-May-17,11-May-17,123015758,220200300002,1,37.5,17.05
53699,Silver,11-May-17,11-May-17,123017632,220100700009,1,100.1,47.65
54510,SILVER,11-May-17,11-May-17,123013588,220200300054,1,65.2,29.7
55492,Gold,11-May-17,11-May-17,123017671,240100200008,1,30,12.45
56585,Silver,11-May-17,11-May-17,123014118,240800200015,1,127.3,63.6
58264,Silver,11-May-17,21-May-17,123017749,240100400149,1,86,41
58869,Silver,11-May-17,15-May-17,123015540,220200300155,1,70.7,32.95
59520,Gold,11-May-17,11-May-17,123013632,240100400143,1,165,82.6
59802,Silver,11-May-17,11-May-17,123013638,220100100092,1,45.1,22.65
61207,Gold,11-May-17,11-May-17,123013645,220101400123,3,129.3,19.3
62304,GOLD,11-May-17,11-May-17,123015552,240700200010,3,77.1,9.85
62942,Silver,11-May-17,11-May-17,123013663,220100100506,1,28.1,14.15
65463,Gold,11-May-17,12-May-17,123017967,240800200020,1,163.4,74.3
65713,Gold,11-May-17,11-May-17,123017972,210201000130,1,29.6,13.2
70467,Silver,11-May-17,11-May-17,123014834,220200100121,1,68.6,34.4
71907,Silver,11-May-17,21-May-17,123015790,230100700008,2,988.8,241
75118,Silver,11-May-17,15-May-17,123012828,220100300018,1,25.6,12.1
75477,Silver,11-May-17,11-May-17,123014257,230100500077,2,346,72.75
76883,Gold,11-May-17,12-May-17,123014291,240100100511,4,56.4,6.2
78188,Gold,11-May-17,11-May-17,123012849,230100500096,1,35.5,17.25
80157,SILVER,11-May-17,11-May-17,123014346,220200300101,1,130.4,58.05
80986,Silver,11-May-17,16-May-17,123012908,220101300023,1,50.2,23.8
81147,GOLD,11-May-17,11-May-17,123014971,220200200034,1,104.5,47.65
81194,Silver,11-May-17,16-May-17,123013040,220100100272,3,68.4,11.5
81616,SILVER,11-May-17,14-May-17,123014975,240100400062,1,113.2,54
81964,Gold,11-May-17,19-May-17,123015849,220100400027,3,264.3,41.95
83387,GOLD,11-May-17,15-May-17,123015012,210200400062,1,56.1,28.15
83428,Silver,11-May-17,11-May-17,123016156,240600100107,2,52.4,11.7
84807,Gold,11-May-17,11-May-17,123015037,220200100167,1,56.5,28.35
85821,SILVER,11-May-17,11-May-17,123014382,220200100197,4,554,69.35
88200,Gold,11-May-17,11-May-17,123015043,240700400010,2,122.6,31.95
89512,Silver,11-May-17,11-May-17,123014424,240100100695,1,77.7,33.1
90142,Silver,11-May-17,11-May-17,123015061,240200100078,2,319.8,83.1
90632,SILVER,11-May-17,17-May-17,123015095,210200600066,1,141.5,62.35
91078,SILVER,11-May-17,11-May-17,123013796,220200300082,3,213,32.3
91867,Silver,11-May-17,11-May-17,123013003,240100200003,2,64.8,13.65
93514,Silver,11-May-17,11-May-17,123016201,210200700013,3,30.3,3.6
94171,Gold,11-May-17,13-May-17,123014502,220100300018,3,76.8,12.1
559,Gold,12-May-17,16-May-17,123018370,230100200069,2,64.8,13.85
662,SILVER,12-May-17,13-May-17,123020824,240200100182,2,221.8,55.55
1414,Gold,12-May-17,15-May-17,123018375,230100600016,2,154,38.6
2109,Gold,12-May-17,12-May-17,123021698,240500200081,1,126.8,52.9
4760,SILVER,12-May-17,15-May-17,123021739,240700400022,2,65.4,14.45
4891,GOLD,12-May-17,12-May-17,123018430,230100100048,1,122.6,52.8
4897,Silver,12-May-17,13-May-17,123018434,230100600028,2,193.4,48.45
6808,SILVER,12-May-17,12-May-17,123021817,240300100032,1,582.7,291.3
8232,Silver,12-May-17,17-May-17,123021832,240100100581,3,82.5,11.35
8299,Gold,12-May-17,12-May-17,123021841,220100100541,3,128.4,21.5
9333,Silver,12-May-17,16-May-17,123020010,240100100673,3,179.7,25.35
10214,Gold,12-May-17,12-May-17,123018483,240600100107,2,52.4,11.7
10892,Silver,12-May-17,12-May-17,123018502,220200100009,1,63.4,30.5
11358,Silver,12-May-17,14-May-17,123019191,240500100031,1,57.3,25.45
13253,SILVER,12-May-17,22-May-17,123021929,230100200044,3,210.3,35.15
16373,Silver,12-May-17,12-May-17,123018549,240500200101,1,119.4,49.75
16837,Gold,12-May-17,13-May-17,123018559,220200200005,3,141,21.45
17920,Gold,12-May-17,12-May-17,123022070,220100100431,1,57.4,28.8
18403,Silver,12-May-17,18-May-17,123021629,230100200066,2,25.8,5.45
19152,GOLD,12-May-17,12-May-17,123022091,210201000081,1,27.7,12.4
20880,Silver,12-May-17,12-May-17,123021342,240400200049,1,89.9,42.9
20892,Gold,12-May-17,15-May-17,123020570,220101400273,1,47,21.45
20916,Gold,12-May-17,12-May-17,123018597,220200300145,1,80.5,36.65
22139,Gold,12-May-17,17-May-17,123022124,240100100185,3,515.7,80.2
22656,Gold,12-May-17,12-May-17,123018621,220100100228,1,56.7,28.45
22888,Gold,12-May-17,12-May-17,123022177,220100100405,1,12,6.05
22948,SILVER,12-May-17,16-May-17,123018632,230100600016,3,231,38.6
22960,Silver,12-May-17,12-May-17,123018634,220101400183,1,84.1,37.5
23921,Silver,12-May-17,12-May-17,123018643,220200200066,3,264.6,38.4
26066,Silver,12-May-17,12-May-17,123020608,240200100087,2,112.8,25.75
28429,SILVER,12-May-17,12-May-17,123020891,240800200015,1,127.3,63.6
28619,Gold,12-May-17,12-May-17,123018728,220100100354,1,17,8.45
29585,Silver,12-May-17,12-May-17,123022348,240100100571,1,49.6,20.65
29950,Platinum,12-May-17,12-May-17,123020619,220100100431,1,57.4,28.8
29951,Silver,12-May-17,17-May-17,123022360,240100400059,4,683.2,128.3
31231,Silver,12-May-17,17-May-17,123018782,230100500085,2,475.2,97.9
31862,Silver,12-May-17,12-May-17,123020630,220200300155,1,70.7,32.95
32164,Gold,12-May-17,16-May-17,123022449,240500100027,3,136.5,20.2
33724,SILVER,12-May-17,23-May-17,123020098,240100200005,1,32.4,13.65
33738,Silver,12-May-17,12-May-17,123018827,220200300129,3,243.6,37.05
36104,Gold,12-May-17,12-May-17,123022542,230100500041,2,18.4,4.05
37240,Gold,12-May-17,13-May-17,123022556,240500200079,3,97.2,13.55
37589,Gold,12-May-17,13-May-17,123022569,240100100386,1,39.5,16.55
37790,Silver,12-May-17,12-May-17,123022575,230100700004,2,720,199
38455,Gold,12-May-17,12-May-17,123022637,240100100723,3,111.9,15.6
38513,Silver,12-May-17,17-May-17,123022638,240500100002,3,146.4,24.35
38657,Gold,12-May-17,12-May-17,123018889,220200300126,1,54.5,24.3
38987,SILVER,12-May-17,12-May-17,123020677,220100100251,1,25.5,12.85
40614,Silver,12-May-17,12-May-17,123020998,220200200015,1,105.1,47.75
40973,Silver,12-May-17,12-May-17,123022675,220101400328,1,18.8,8.75
41032,Silver,12-May-17,12-May-17,123022688,220101200014,1,88,38.25
42313,Silver,12-May-17,12-May-17,123022728,230100700011,2,504,103.95
42841,Gold,12-May-17,12-May-17,123019206,240100200008,1,30,12.45
43868,Silver,12-May-17,12-May-17,123021387,210200500006,3,72,11.95
44809,Silver,12-May-17,16-May-17,123021396,230100600023,2,146.8,36.8
45201,Gold,12-May-17,15-May-17,123020689,220100100316,1,49.5,24.85
46936,Gold,12-May-17,12-May-17,123019508,220200300142,1,110.3,50.25
47231,SILVER,12-May-17,17-May-17,123020702,220101300011,1,23.8,10.65
47730,Silver,12-May-17,12-May-17,123020710,240100100270,1,11.4,4.7
48029,Gold,12-May-17,17-May-17,123019511,220100100101,3,179.1,29.95
48045,Platinum,12-May-17,17-May-17,123022888,240500100011,1,39.2,17.85
48557,GOLD,12-May-17,12-May-17,123021039,230100500087,2,182.2,37.95
48703,Gold,12-May-17,12-May-17,123022910,220101400044,3,124.8,17.3
48900,GOLD,12-May-17,12-May-17,123020169,230100600036,2,206.4,50.4
50808,Silver,12-May-17,12-May-17,123018984,240200200071,2,37.4,10
52542,GOLD,12-May-17,13-May-17,123018999,240800200027,1,29.8,12.3
52580,SILVER,12-May-17,12-May-17,123019530,220101400394,1,94.8,42.6
53208,Gold,12-May-17,17-May-17,123019023,230100500015,2,16.6,3.3
53614,Gold,12-May-17,12-May-17,123020754,220101300020,1,51.6,20.7
53669,Gold,12-May-17,12-May-17,123020758,240100200012,1,32.2,13.35
53936,GOLD,12-May-17,12-May-17,123019034,220100100528,1,35,17.6
55189,Gold,12-May-17,12-May-17,123019227,220100100097,1,47.5,23.85
56420,Silver,12-May-17,16-May-17,123021110,220200300133,1,28.2,12.95
57325,Silver,12-May-17,18-May-17,123023096,240600100080,2,56.6,8.55
58215,Gold,12-May-17,12-May-17,123020769,210200100001,1,12.8,5.65
58831,Silver,12-May-17,15-May-17,123019556,240700400008,2,55.8,12.1
59047,Silver,12-May-17,13-May-17,123023143,240700200018,2,36.2,9.85
59267,Silver,12-May-17,12-May-17,123023146,220200100099,3,473.4,79
60779,Gold,12-May-17,12-May-17,123020235,220101400174,3,38.7,6.5
60840,Silver,12-May-17,12-May-17,123019137,220200300082,1,71,32.3
61494,Silver,12-May-17,16-May-17,123020784,240700400036,2,12.4,2.75
61763,Gold,12-May-17,12-May-17,123023259,220200100046,1,115.8,58
62186,GOLD,12-May-17,12-May-17,123019154,240200100078,3,479.7,83.1
62930,Gold,12-May-17,31-May-17,123023338,220100400005,1,81.3,40.75
64846,Silver,12-May-17,14-May-17,123019188,230100600002,2,89.6,22.5
65704,Silver,12-May-17,19-May-17,123020816,220101400021,3,162.3,24.55
70482,Silver,12-May-17,15-May-17,123019620,230100200063,2,26,5.55
70688,Silver,12-May-17,12-May-17,123019628,220200100231,1,37.8,19
71074,GOLD,12-May-17,12-May-17,123019633,240200200083,2,228.2,45.75
72462,SILVER,12-May-17,12-May-17,123021158,230100700002,2,440,135
73009,Gold,12-May-17,12-May-17,123019654,240500100055,4,372.8,37.3
73760,Silver,12-May-17,15-May-17,123018304,240200100251,2,11.2,2.85
75529,GOLD,12-May-17,12-May-17,123019692,220200100047,3,224.4,36.85
78276,GOLD,12-May-17,12-May-17,123019246,240500200016,1,31.7,14.5
78334,Gold,12-May-17,15-May-17,123021198,220200300072,1,98.7,45
80002,Silver,12-May-17,12-May-17,123020347,240700400016,2,132.8,34.6
81135,Silver,12-May-17,12-May-17,123018160,240600100195,1,27,11.55
81144,Silver,12-May-17,20-May-17,123020363,220200100060,1,55.4,29.35
82090,Gold,12-May-17,12-May-17,123018179,240100100662,2,85.8,20.3
82883,Silver,12-May-17,12-May-17,123021238,240400200024,1,118.4,49.45
83779,Silver,12-May-17,12-May-17,123021245,220200100190,1,63.5,29.95
84422,SILVER,12-May-17,13-May-17,123021556,220200300133,1,28.2,12.95
84546,SILVER,12-May-17,12-May-17,123020397,240500200004,1,32.5,15.6
85446,Gold,12-May-17,12-May-17,123020406,240600100137,2,44.8,9.3
87662,GOLD,12-May-17,12-May-17,123020420,220100700023,1,93,44.25
93233,Silver,12-May-17,12-May-17,123019943,210200100005,1,13,5.75
93254,Gold,12-May-17,12-May-17,123019266,220100700022,3,155.1,21.9
93464,Silver,12-May-17,16-May-17,123019270,220200300161,3,67.8,9.65
94078,Silver,12-May-17,12-May-17,123019956,220101400092,1,57.7,25.7
1327,Gold,13-May-17,19-May-17,123027178,240500100020,1,51.6,22.9
1810,Gold,13-May-17,13-May-17,123027182,210201000183,4,146.8,16.75
2883,Gold,13-May-17,13-May-17,123023882,240100100341,1,110.9,44.3
2952,Gold,13-May-17,14-May-17,123027198,220100100285,3,220.2,36.8
3031,Gold,13-May-17,13-May-17,123023891,240500200141,1,101.1,48.1
3596,GOLD,13-May-17,13-May-17,123026029,240400200049,1,89.9,42.9
3686,Silver,13-May-17,13-May-17,123027234,240800200009,1,85.6,34.3
7241,Silver,13-May-17,18-May-17,123027306,230100100058,1,48.3,20.5
10445,Silver,13-May-17,13-May-17,123027367,240100400036,3,639.9,104.1
10446,Silver,13-May-17,13-May-17,123026096,240500200074,1,22.6,9.45
10614,Silver,13-May-17,13-May-17,123026380,230100500089,3,420.9,58.4
11982,GOLD,13-May-17,13-May-17,123026846,210200900016,1,13.9,6.55
11983,Gold,13-May-17,18-May-17,123024004,230100600041,2,135,32.15
12041,Gold,13-May-17,13-May-17,123026117,240700400011,2,36,8.2
13354,Silver,13-May-17,16-May-17,123026124,220101200025,1,26.3,11.4
13410,Gold,13-May-17,16-May-17,123024014,230100500016,3,35.7,5.4
14376,Gold,13-May-17,16-May-17,123027499,240700100006,3,70.5,9.5
14583,Gold,13-May-17,13-May-17,123026132,220200100078,1,110.8,55.5
15645,Platinum,13-May-17,13-May-17,123024753,240100100439,1,138.1,69
16902,GOLD,13-May-17,13-May-17,123024065,220100700038,3,300.6,47.75
18367,Silver,13-May-17,13-May-17,123027610,210200500007,1,39.4,17.8
18393,Gold,13-May-17,13-May-17,123026389,220100100298,1,52.9,26.55
19837,SILVER,13-May-17,13-May-17,123026165,240700400036,5,31,2.75
19932,Gold,13-May-17,14-May-17,123027649,240100400099,1,173.2,127
20298,Gold,13-May-17,17-May-17,123026400,220101400263,1,132.2,60.25
20441,Silver,13-May-17,13-May-17,123026169,230100500074,2,272,51.3
20990,Gold,13-May-17,13-May-17,123026174,210200600075,1,12.4,5.25
21566,Silver,13-May-17,16-May-17,123024774,220101000002,1,17.7,8
21568,Gold,13-May-17,16-May-17,123027656,240800100036,1,467.5,193.75
21854,Silver,13-May-17,14-May-17,123026401,220101400370,1,49.8,23.6
22940,Silver,13-May-17,13-May-17,123024106,240500200116,1,47.7,19.85
23367,Gold,13-May-17,13-May-17,123024123,240800200048,1,95.7,41.5
24450,GOLD,13-May-17,13-May-17,123027711,230100600036,2,206.4,50.4
24765,Silver,13-May-17,13-May-17,123024134,240800100027,1,467.6,212.85
26000,SILVER,13-May-17,13-May-17,123026215,220200100077,3,297,49.6
26849,Silver,13-May-17,13-May-17,123026216,210200300004,1,16.9,8.55
27802,Silver,13-May-17,13-May-17,123025543,220100900009,1,87.1,34.9
27872,Silver,13-May-17,19-May-17,123024157,230100600031,2,177,42.45
28825,Gold,13-May-17,13-May-17,123025546,210200900007,1,39.9,16.05
29348,Silver,13-May-17,13-May-17,123024820,240600100089,2,44,9.1
30760,Silver,13-May-17,13-May-17,123026885,240500100054,3,211.5,28.25
32006,Platinum,13-May-17,13-May-17,123027889,230100600022,3,252.3,42.15
34214,Gold,13-May-17,13-May-17,123024603,210200700003,1,21.2,8.3
34612,Gold,13-May-17,13-May-17,123024247,230100300006,1,68.5,34.35
35507,GOLD,13-May-17,13-May-17,123026433,240500200079,1,32.4,13.55
36593,Silver,13-May-17,13-May-17,123025585,220100100073,3,70.5,11.85
37283,Gold,13-May-17,13-May-17,123024265,230100200055,2,495.2,116
40318,Silver,13-May-17,13-May-17,123028067,230100500077,2,346,72.75
40765,Silver,13-May-17,13-May-17,123026903,240100400070,1,175.9,127.95
42104,Silver,13-May-17,15-May-17,123026468,220100700010,1,53.9,25.7
42383,Gold,13-May-17,13-May-17,123024872,240200100114,2,334.8,83.8
42679,Gold,13-May-17,15-May-17,123028143,240800200005,1,22.375,8.95
43298,Silver,13-May-17,13-May-17,123028176,220100100579,1,60.1,30.15
43450,Silver,13-May-17,13-May-17,123023564,240100200012,3,96.6,13.35
43969,Silver,13-May-17,13-May-17,123024332,230100100048,1,122.6,52.8
44080,Gold,13-May-17,18-May-17,123028206,240100100550,3,396,56.7
44990,GOLD,13-May-17,13-May-17,123026271,210200300073,1,13.7,6.9
45010,Silver,13-May-17,13-May-17,123024906,240600100174,2,45.6,9.4
45355,Gold,13-May-17,13-May-17,123024347,240100100437,3,107.4,14.25
45729,Gold,13-May-17,15-May-17,123028228,230100500087,3,273.3,37.95
45770,Gold,13-May-17,13-May-17,123024919,220100400022,3,296.7,47.7
47304,Silver,13-May-17,13-May-17,123024381,240400300028,2,156.6,31.4
47900,Gold,13-May-17,13-May-17,123028279,220100300029,3,569.1,80.9
49819,Gold,13-May-17,14-May-17,123028309,240800200010,1,115.8,46.25
50383,Gold,13-May-17,13-May-17,123024395,240500200007,3,28.5,4.55
50608,GOLD,13-May-17,13-May-17,123024417,210201000157,1,39.8,18.2
51327,Silver,13-May-17,17-May-17,123027131,230100600023,2,146.8,36.8
53590,Silver,13-May-17,13-May-17,123028426,220100800086,1,60.5,28.9
55264,Gold,13-May-17,18-May-17,123024473,240400200056,1,166.4,79.35
55383,SILVER,13-May-17,18-May-17,123025014,240600100098,2,109.4,21.95
55580,Gold,13-May-17,13-May-17,123026536,220100300002,1,77.5,32.25
55924,Silver,13-May-17,13-May-17,123024482,240800200064,1,38.8,15.55
56898,Gold,13-May-17,16-May-17,123028604,240500200103,1,64.2,26.8
57691,Gold,13-May-17,14-May-17,123025022,240500200090,3,48.3,7.75
58148,Silver,13-May-17,14-May-17,123025707,240100100240,1,12.2,5
59294,Gold,13-May-17,13-May-17,123028651,240100400080,1,219.9,109.9
59911,Silver,13-May-17,17-May-17,123028675,240700400020,2,142.6,37.15
59928,SILVER,13-May-17,13-May-17,123025049,210200600026,3,99.9,13.95
62960,Gold,13-May-17,15-May-17,123024564,220200100077,1,99,49.6
63213,Gold,13-May-17,13-May-17,123028817,220200200018,1,66.4,30.25
71510,Silver,13-May-17,15-May-17,123025083,220200100150,3,134.7,22.55
75108,Silver,13-May-17,19-May-17,123027137,230100500092,2,231.2,48.15
75481,Silver,13-May-17,13-May-17,123025152,240100400021,1,91.6,45.75
75693,Gold,13-May-17,13-May-17,123026982,230100500091,5,955,80.45
76045,Silver,13-May-17,13-May-17,123023680,230100500096,1,35.5,17.25
83507,Gold,13-May-17,13-May-17,123025313,220101200032,3,297.9,42.75
83771,SILVER,13-May-17,13-May-17,123024640,240800200010,1,115.8,46.25
84225,Gold,13-May-17,13-May-17,123026714,240500100051,1,58.5,18.75
85019,Silver,13-May-17,13-May-17,123025886,240700400030,3,65.1,9.45
85951,SILVER,13-May-17,13-May-17,123025889,230100500008,2,76,16.8
88549,Gold,13-May-17,13-May-17,123023782,220100100599,1,46.4,23.3
88880,Gold,13-May-17,13-May-17,123025919,210200400072,3,118.5,19.85
89440,Silver,13-May-17,13-May-17,123025366,220200200026,1,92.9,42.55
89728,Gold,13-May-17,13-May-17,123025938,240100100710,3,102.9,14.35
90093,Silver,13-May-17,15-May-17,123025939,240100100354,1,29.9,14.3
92967,Gold,13-May-17,15-May-17,123025428,220100100037,1,24.2,12.2
93035,SILVER,13-May-17,13-May-17,123025995,210201000175,1,39.7,18.1
93093,Gold,13-May-17,19-May-17,123025460,220200300015,3,345,52.4
93632,Gold,13-May-17,13-May-17,123025445,240500200092,1,32.7,15.7
94159,Silver,13-May-17,13-May-17,123026019,220200200066,3,264.6,38.4
2033,Silver,14-May-17,14-May-17,123033028,220200200027,1,98.8,42.95
3583,Gold,14-May-17,18-May-17,123033064,240800200043,1,42.3,18.45
4491,Gold,14-May-17,14-May-17,123031536,220200200018,1,66.4,30.25
4815,Gold,14-May-17,14-May-17,123031546,210200600092,1,6.9,2.8
5828,Gold,14-May-17,14-May-17,123033146,220100500018,1,65.8,30
6188,PLATINUM,14-May-17,14-May-17,123033180,230100600028,2,193.4,48.45
6188,Silver,14-May-17,14-May-17,123033204,240500100039,1,34.5,15.4
7127,Silver,14-May-17,14-May-17,123030915,220200300154,3,217.5,33.8
7237,Silver,14-May-17,14-May-17,123029629,220200100153,1,48.2,24.2
8650,SILVER,14-May-17,14-May-17,123031602,220100100172,3,330.9,55.25
8909,Gold,14-May-17,14-May-17,123029657,230100100036,1,34.3,15.95
8945,Silver,14-May-17,14-May-17,123030924,220200100060,1,55.4,29.35
10809,SILVER,14-May-17,18-May-17,123030929,240100100148,3,77.4,10.95
10999,Silver,14-May-17,19-May-17,123033355,230100600013,2,143.4,35.95
11129,Silver,14-May-17,18-May-17,123030430,240600100115,2,95.8,20
12054,SILVER,14-May-17,14-May-17,123032027,220101400328,1,18.8,8.75
13664,Gold,14-May-17,15-May-17,123033411,240700400008,3,83.7,12.1
15185,Platinum,14-May-17,14-May-17,123033441,240100100678,1,49.8,21.25
15596,Gold,14-May-17,19-May-17,123029693,230100500077,2,346,72.75
18630,Gold,14-May-17,14-May-17,123031673,230100700004,2,720,199
19216,Gold,14-May-17,16-May-17,123033522,240100400091,4,785.2,95.65
19431,Silver,14-May-17,14-May-17,123029726,240400100008,1,21.6,10.65
20027,SILVER,14-May-17,14-May-17,123033557,230100100045,1,124.8,53.6
20063,Silver,14-May-17,14-May-17,123033567,240100100661,1,23.2,9.95
20587,Silver,14-May-17,14-May-17,123030990,240400300035,2,38.2,7.7
21550,Silver,14-May-17,14-May-17,123031687,220100700028,3,363.9,57.8
22269,Gold,14-May-17,18-May-17,123029735,220200100093,1,100.4,50.3
23742,SILVER,14-May-17,14-May-17,123030476,240600100115,2,95.8,20
23945,Gold,14-May-17,14-May-17,123031708,240500100017,1,53.5,23.75
27593,Gold,14-May-17,14-May-17,123031053,220100100618,1,49.5,24.85
29152,Gold,14-May-17,14-May-17,123029803,230100300006,1,68.5,34.35
35459,Silver,14-May-17,17-May-17,123031104,240100100454,1,25.6,12.9
35752,Silver,14-May-17,17-May-17,123029894,220200300062,1,104.7,47.65
35828,Gold,14-May-17,16-May-17,123030281,240500100039,1,34.5,15.4
35902,Silver,14-May-17,14-May-17,123032105,220200300136,1,35.8,16.3
36580,SILVER,14-May-17,14-May-17,123029907,220200100199,3,313.2,52.3
36641,Silver,14-May-17,18-May-17,123029105,220100400005,1,81.3,40.75
36830,Silver,14-May-17,14-May-17,123029915,220200200035,1,101.5,46.25
36832,SILVER,14-May-17,14-May-17,123033878,240500200092,1,32.7,15.7
37221,Gold,14-May-17,15-May-17,123029934,230100600006,2,28,6.5
37913,SILVER,14-May-17,14-May-17,123033936,220101400157,4,127.2,14.15
38104,Silver,14-May-17,15-May-17,123029935,230100100051,1,184.9,78.15
40006,Gold,14-May-17,14-May-17,123029116,240700400017,1,41.4,19.4
40194,Silver,14-May-17,18-May-17,123031138,210200400062,1,56.1,28.15
40260,GOLD,14-May-17,16-May-17,123031800,210200900048,3,109.2,17.7
41101,Silver,14-May-17,14-May-17,123032690,230100600028,2,193.4,48.45
41567,Silver,14-May-17,14-May-17,123031816,230100600039,3,320.4,51.1
46173,Silver,14-May-17,14-May-17,123029196,230100500075,1,181.5,76.3
47828,Silver,14-May-17,14-May-17,123034204,240300100020,1,14.1,6.05
48255,Gold,14-May-17,14-May-17,123030034,240500100029,3,176.7,26.1
49119,Gold,14-May-17,18-May-17,123034237,240500100029,1,58.9,26.1
51344,Gold,14-May-17,14-May-17,123031860,240100200013,1,61.9,25.45
51462,SILVER,14-May-17,14-May-17,123030068,240300200039,1,64.2,29.35
54336,SILVER,14-May-17,15-May-17,123034372,240700400007,2,36.6,8.1
54488,Gold,14-May-17,14-May-17,123031895,240100400143,3,495,82.6
56109,Silver,14-May-17,14-May-17,123032191,220101400043,4,71.6,7.85
56228,Silver,14-May-17,18-May-17,123032705,230100500096,3,106.5,17.25
57868,Gold,14-May-17,14-May-17,123034538,220100300039,1,204.4,87.15
58711,Silver,14-May-17,17-May-17,123030138,220200300157,1,73.4,36.65
58816,Gold,14-May-17,14-May-17,123030148,210201000086,1,17.1,7.65
60290,Gold,14-May-17,14-May-17,123030155,210200400014,1,36.1,18.15
60839,Silver,14-May-17,14-May-17,123034610,220101400175,1,22.3,10
61307,Silver,14-May-17,20-May-17,123032720,230100600036,3,309.6,50.4
62509,GOLD,14-May-17,17-May-17,123030604,240200100235,2,195.6,49
63329,Silver,14-May-17,20-May-17,123032206,220101400391,3,308.7,46.95
70915,Silver,14-May-17,14-May-17,123030610,220200300158,1,87.3,40.7
71694,GOLD,14-May-17,14-May-17,123030636,240500100035,3,192,28.35
73346,SILVER,14-May-17,14-May-17,123030660,210201000107,1,5.6,2.85
73582,SILVER,14-May-17,16-May-17,123030670,240700400013,2,136.4,35.55
74480,SILVER,14-May-17,18-May-17,123031255,220100200016,1,34.4,13.8
74697,Silver,14-May-17,14-May-17,123032303,240700400028,2,76.2,19.75
74925,SILVER,14-May-17,14-May-17,123029316,240100400139,1,255.4,116.05
74993,Silver,14-May-17,14-May-17,123031276,240100400022,1,187.3,87.35
78302,Gold,14-May-17,14-May-17,123029357,230100200044,1,70.1,35.15
79024,Silver,14-May-17,17-May-17,123030306,240500200140,1,28,13.4
79305,Silver,14-May-17,14-May-17,123032357,240800200043,1,42.3,18.45
80393,Silver,14-May-17,19-May-17,123032359,220200100026,1,67,33.6
81124,SILVER,14-May-17,17-May-17,123032801,220200300002,1,37.5,17.05
81415,Gold,14-May-17,14-May-17,123030746,240600100107,2,52.4,11.7
82327,GOLD,14-May-17,14-May-17,123029430,220101400030,1,10.9,4.4
87048,Platinum,14-May-17,14-May-17,123029459,240500100017,1,53.5,23.75
87065,Silver,14-May-17,14-May-17,123029487,240100200012,1,32.2,13.35
88081,Silver,14-May-17,15-May-17,123032856,230100500067,2,78.4,20.05
88385,Gold,14-May-17,14-May-17,123030343,240100400043,1,266,131.5
90972,GOLD,14-May-17,14-May-17,123031423,240100100723,1,37.3,15.6
93371,Gold,14-May-17,14-May-17,123031469,220200100198,3,304.8,50.9
514,Gold,15-May-17,15-May-17,123038729,220100300008,1,85.7,34.35
933,Gold,15-May-17,15-May-17,123038742,210201000073,1,45.9,20.95
1004,Silver,15-May-17,19-May-17,123034726,210200300063,2,143.4,35.95
1006,Gold,15-May-17,15-May-17,123038746,240100400106,3,2191.5,365.2
1349,Gold,15-May-17,16-May-17,123037384,220100300019,3,106.8,16.7
1772,Silver,15-May-17,15-May-17,123038289,220100100205,1,68,34.1
2295,Silver,15-May-17,15-May-17,123037388,220200100208,3,281.7,47.05
2816,Gold,15-May-17,17-May-17,123038293,230100500067,3,117.6,20.05
2890,Gold,15-May-17,15-May-17,123035236,220100200016,1,34.4,13.8
3819,Silver,15-May-17,23-May-17,123036278,220101400235,3,156.9,23.85
4030,GOLD,15-May-17,15-May-17,123038319,230100100062,1,141.7,61
5688,SILVER,15-May-17,15-May-17,123038328,240700400027,2,139.2,36.35
6062,Silver,15-May-17,15-May-17,123036951,210201000081,1,27.7,12.4
6063,Gold,15-May-17,15-May-17,123036293,240200100240,3,72,12.1
7777,GOLD,15-May-17,15-May-17,123035290,230100700009,2,1081.4,276
10250,Gold,15-May-17,18-May-17,123038704,230100700011,2,504,103.95
10614,Silver,15-May-17,15-May-17,123037877,230100500080,2,50,12.2
10818,Gold,15-May-17,15-May-17,123038974,220100100436,1,85.5,42.7
12112,GOLD,15-May-17,15-May-17,123038997,230100600018,3,192.6,32.2
12776,SILVER,15-May-17,15-May-17,123039012,210201000093,1,47,21.45
12890,Silver,15-May-17,15-May-17,123039021,220101400084,1,20,9.2
14258,Silver,15-May-17,15-May-17,123036323,240100100599,1,45.2,18.85
15357,Gold,15-May-17,15-May-17,123037461,230100200043,3,170.1,27.25
15612,Silver,15-May-17,15-May-17,123039055,240300100013,1,48.4,23.5
15896,Gold,15-May-17,15-May-17,123039079,220200100227,1,261.2,130.55
19780,Gold,15-May-17,15-May-17,123037487,220200300076,4,340,38.7
20713,Silver,15-May-17,17-May-17,123035422,230100500022,3,450.3,64.1
21217,Platinum,15-May-17,15-May-17,123037506,220200300102,1,136.6,62.25
21506,Gold,15-May-17,15-May-17,123037064,220200300144,4,332,37.8
23735,Silver,15-May-17,15-May-17,123035438,240400200022,1,93.4,38.95
24240,Gold,15-May-17,15-May-17,123035451,240500100026,1,55.2,24.5
25281,Silver,15-May-17,15-May-17,123039298,240100400019,1,113.4,54.5
25938,Gold,15-May-17,18-May-17,123038421,220200100087,3,341.1,56.95
26454,Gold,15-May-17,17-May-17,123035478,240400200091,1,217,90.4
26491,Silver,15-May-17,15-May-17,123035480,240700100007,2,45.7,9.3
28801,Silver,15-May-17,15-May-17,123037557,210200600021,1,53,25.1
28998,PLATINUM,15-May-17,15-May-17,123037565,220200100121,1,68.6,34.4
29152,Gold,15-May-17,15-May-17,123035525,240100100322,1,255.6,127.75
29426,Gold,15-May-17,15-May-17,123039374,220200200032,1,96.4,43.85
31345,Silver,15-May-17,15-May-17,123035556,240700400031,2,108,27.1
31574,Silver,15-May-17,18-May-17,123039428,230100400018,1,28.1,12.75
31822,GOLD,15-May-17,15-May-17,123037592,230100400002,1,13.2,5.85
32198,Silver,15-May-17,15-May-17,123036422,220200200077,1,126,57.35
32459,Silver,15-May-17,15-May-17,123035585,220101400021,1,54.1,24.55
33820,Silver,15-May-17,15-May-17,123039450,240300200018,1,83.9,38.2
34732,SILVER,15-May-17,15-May-17,123035626,220200100099,1,157.8,79
36672,Silver,15-May-17,20-May-17,123035644,240400200016,1,177.6,50.4
37711,Silver,15-May-17,15-May-17,123038436,220200300077,1,53.8,24.55
38449,SILVER,15-May-17,15-May-17,123035657,220100100589,1,36.1,18.15
39466,Silver,15-May-17,20-May-17,123035684,230100600015,2,156.4,39.2
39692,Silver,15-May-17,18-May-17,123037667,220100800017,1,35.4,16.95
40691,Gold,15-May-17,15-May-17,123035704,220101400115,1,28.8,12.9
40752,Silver,15-May-17,15-May-17,123035707,240800200021,1,89.7,38.9
40939,Gold,15-May-17,15-May-17,123036470,220101400338,3,111.9,16.6
41281,Silver,15-May-17,15-May-17,123035719,220100500010,1,93,41
42840,GOLD,15-May-17,18-May-17,123034864,210200700013,2,20.2,3.6
43026,SILVER,15-May-17,17-May-17,123035759,220200200071,3,286.2,41.45
43053,Platinum,15-May-17,15-May-17,123036491,240200100090,2,27.2,5.85
43104,Gold,15-May-17,15-May-17,123035760,240100100703,3,239.7,34.3
43419,Gold,15-May-17,15-May-17,123039677,240200100186,2,2.8,0.65
44957,Gold,15-May-17,15-May-17,123039724,230100600025,2,251.8,63.05
45363,SILVER,15-May-17,15-May-17,123035766,240500200100,1,22.7,10.85
46513,Gold,15-May-17,16-May-17,123039759,220200200012,1,67.9,30.9
46910,Silver,15-May-17,17-May-17,123039770,240500100001,1,47.6,21.15
48021,Gold,15-May-17,15-May-17,123037958,230100600022,2,168.2,42.15
48034,Gold,15-May-17,16-May-17,123039801,240100400136,3,272.7,45.4
48181,Silver,15-May-17,15-May-17,123036510,240100300006,2,103,22.8
48588,SILVER,15-May-17,15-May-17,123038445,220100100103,1,11.1,5.65
49330,Silver,15-May-17,15-May-17,123039866,210200900022,3,34.2,5.15
50365,SILVER,15-May-17,15-May-17,123037711,240500100036,3,151.5,22.4
50548,GOLD,15-May-17,15-May-17,123039936,240200200090,2,145.6,29.2
50699,Silver,15-May-17,16-May-17,123037968,220100100468,1,90.2,45.05
52361,Silver,15-May-17,20-May-17,123039953,240500100059,3,183,26.55
52714,Silver,15-May-17,15-May-17,123037735,240200100095,2,237,52.55
53023,Silver,15-May-17,16-May-17,123035895,230100500075,3,544.5,76.3
53077,Gold,15-May-17,15-May-17,123037737,240100200013,1,61.9,25.45
53543,Gold,15-May-17,15-May-17,123035951,240500100062,1,54.6,23.85
53810,Gold,15-May-17,15-May-17,123040003,240700100007,2,45.7,9.3
54406,Gold,15-May-17,15-May-17,123035978,220200100174,3,301.5,50.35
54935,Gold,15-May-17,15-May-17,123037162,240100100372,1,28.8,12.3
55046,Gold,15-May-17,15-May-17,123037749,240300300009,1,141.4,64.4
55920,SILVER,15-May-17,15-May-17,123036577,210201000086,1,17.1,7.65
57452,Silver,15-May-17,20-May-17,123037989,240800100039,1,85.8,39.9
57725,Silver,15-May-17,15-May-17,123036582,210200300052,1,21.9,11.05
57936,Gold,15-May-17,20-May-17,123037830,220100700038,1,100.2,47.75
58822,Silver,15-May-17,19-May-17,123037762,220100500010,1,93,41
59487,Gold,15-May-17,15-May-17,123040283,220101300006,1,27.3,12.25
59622,GOLD,15-May-17,15-May-17,123036030,240400300006,2,75.8,15.75
59911,Silver,15-May-17,15-May-17,123040298,230100600016,2,154,38.6
61306,Silver,15-May-17,15-May-17,123036039,220100100565,1,39,19.6
62183,Gold,15-May-17,19-May-17,123036161,220101300003,1,40.1,17.85
65206,Silver,15-May-17,15-May-17,123037825,240100100707,1,95,39.4
71224,Gold,15-May-17,19-May-17,123038030,220100700013,1,67.2,32.35
71888,Gold,15-May-17,15-May-17,123037209,220200300018,1,61.6,28.05
72041,SILVER,15-May-17,15-May-17,123034981,220101400272,2,85.2,19.35
72532,GOLD,15-May-17,15-May-17,123036642,220200200043,1,36.9,18.3
74742,GOLD,15-May-17,15-May-17,123038078,220200300084,1,120.2,54.7
74960,Gold,15-May-17,15-May-17,123038507,220100100185,3,292.8,48.9
76070,GOLD,15-May-17,15-May-17,123036671,240600100080,2,56.6,8.55
77288,Silver,15-May-17,15-May-17,123037238,220100400006,1,113.9,57.05
79857,Gold,15-May-17,15-May-17,123035021,240200200080,1,93.8,9.4
79922,Gold,15-May-17,15-May-17,123038121,240200100036,5,73.5,5.7
80055,Gold,15-May-17,15-May-17,123036723,240500200011,1,30.8,14.35
80603,Gold,15-May-17,18-May-17,123036730,230100200004,2,199.8,50.05
80710,GOLD,15-May-17,15-May-17,123038540,240200100240,2,48,12.1
85103,Silver,15-May-17,18-May-17,123038158,220100700038,3,300.6,47.75
85593,Silver,15-May-17,15-May-17,123036819,240100400148,3,759.3,125.1
86781,Silver,15-May-17,15-May-17,123036847,240600100190,2,76.8,16.7
87095,SILVER,15-May-17,15-May-17,123035130,240100200014,1,55.4,22.8
88389,Silver,15-May-17,18-May-17,123037318,240100100347,1,1.6,0.6
89013,Gold,15-May-17,19-May-17,123036862,230100500095,2,193.8,40
90675,Silver,15-May-17,15-May-17,123036893,240600100187,2,88,18.95
92620,Gold,15-May-17,15-May-17,123035179,220100100106,1,93.1,46.65
261,Silver,16-May-17,16-May-17,123043902,220100800017,1,35.4,16.95
1465,Gold,16-May-17,18-May-17,123045305,240700200007,2,10.2,2.2
1503,Gold,16-May-17,21-May-17,123042327,220200100194,1,122.6,61.4
2928,SILVER,16-May-17,16-May-17,123044545,230100500056,2,16,3.5
4421,Gold,16-May-17,16-May-17,123045432,220100700039,1,55.1,27.65
6298,Gold,16-May-17,19-May-17,123043173,210200100005,1,13,5.75
6629,Gold,16-May-17,19-May-17,123045530,240100400129,1,237.4,111
6882,Gold,16-May-17,16-May-17,123045533,220101100013,1,11.3,4.95
7398,Gold,16-May-17,16-May-17,123041170,230100700004,2,720,199
9909,Silver,16-May-17,19-May-17,123045623,240400300017,2,93,20.45
10024,SILVER,16-May-17,17-May-17,123043984,220101400060,1,32.1,14.7
11411,Gold,16-May-17,16-May-17,123043986,240100200002,1,15.3,6.05
13394,Silver,16-May-17,17-May-17,123045680,240100100385,3,117.3,16.4
13934,Gold,16-May-17,16-May-17,123045754,240100100049,1,226,112.95
15213,Gold,16-May-17,16-May-17,123044019,240200100101,2,38.2,10
15761,Gold,16-May-17,20-May-17,123045802,240800100011,1,136.6,58.8
17050,Gold,16-May-17,16-May-17,123043191,240700400007,2,36.6,8.1
17412,GOLD,16-May-17,16-May-17,123043197,240100400021,4,366.4,45.75
17745,Gold,16-May-17,16-May-17,123045861,220200100126,1,33.4,16.8
18121,SILVER,16-May-17,16-May-17,123045867,230100600028,2,193.4,48.45
19485,Silver,16-May-17,17-May-17,123042461,240700400001,2,125.6,27.3
19533,Gold,16-May-17,20-May-17,123040506,240100100008,1,10.2,4.6
21170,Gold,16-May-17,21-May-17,123045928,240800200009,1,85.6,34.3
22373,Gold,16-May-17,18-May-17,123041431,230100600022,2,168.2,42.15
22987,Gold,16-May-17,19-May-17,123045981,240800200063,1,36.9,16.85
24176,Silver,16-May-17,20-May-17,123044674,240300200017,1,55.4,25.15
24886,Gold,16-May-17,18-May-17,123046141,240100400070,1,175.9,127.95
28231,SILVER,16-May-17,16-May-17,123044178,220100100037,1,24.2,12.2
28355,Silver,16-May-17,19-May-17,123041508,230100600023,2,146.8,36.8
28797,Gold,16-May-17,16-May-17,123042515,220100100317,1,47.2,23.7
28925,Silver,16-May-17,20-May-17,123041522,220200300160,3,322.2,48.85
29477,Silver,16-May-17,17-May-17,123041535,230100500092,2,231.2,48.15
29794,Gold,16-May-17,20-May-17,123042518,220101400003,3,274.8,41.75
30121,Silver,16-May-17,21-May-17,123044186,220200200039,3,286.5,43.55
31275,Silver,16-May-17,16-May-17,123044201,220200300111,1,7.2,3.25
35983,Gold,16-May-17,16-May-17,123046450,230100600039,3,320.4,51.1
36081,Gold,16-May-17,16-May-17,123043267,210200400060,1,64.8,32.5
37537,Gold,16-May-17,16-May-17,123042543,220101000004,1,49.6,21.05
39173,Silver,16-May-17,16-May-17,123044275,210201000148,1,60.2,27.45
40299,Gold,16-May-17,16-May-17,123044306,240500100006,1,46.1,21.05
41056,Silver,16-May-17,16-May-17,123042193,230100100053,1,46.3,20.9
42060,Silver,16-May-17,16-May-17,123042203,240100100669,3,143.4,20.4
43877,Gold,16-May-17,16-May-17,123044347,220200100099,1,157.8,79
44325,Gold,16-May-17,16-May-17,123043325,220101000002,3,53.1,8
44439,Platinum,16-May-17,16-May-17,123041795,220200100086,3,348.3,58.15
44454,GOLD,16-May-17,17-May-17,123044356,220100800099,1,42.8,20.4
44605,Silver,16-May-17,16-May-17,123041837,210200500006,3,72,11.95
45800,Gold,16-May-17,16-May-17,123046729,220200100181,3,366.3,61.15
46542,SILVER,16-May-17,16-May-17,123046755,240500100006,1,46.1,21.05
47622,Silver,16-May-17,16-May-17,123046789,220101400294,1,34,15.5
48112,Silver,16-May-17,16-May-17,123041866,230100500096,3,106.5,17.25
50250,Silver,16-May-17,16-May-17,123043383,220200100198,3,304.8,50.9
50462,Gold,16-May-17,19-May-17,123042621,210200900016,3,41.7,6.55
51614,Silver,16-May-17,19-May-17,123041896,220101300006,1,27.3,12.25
51701,Gold,16-May-17,20-May-17,123041898,230100500082,2,252.2,58.6
52994,Silver,16-May-17,21-May-17,123041924,220200100179,1,134.5,67.35
53710,Gold,16-May-17,20-May-17,123043396,240100100699,1,11.2,4.6
54171,SILVER,16-May-17,18-May-17,123044752,220200200041,1,112.6,51.3
54342,Gold,16-May-17,18-May-17,123043404,240100400089,1,99.8,48.7
55821,Silver,16-May-17,16-May-17,123041968,240500200135,1,47.9,23.8
56117,Silver,16-May-17,22-May-17,123042212,230100300001,1,12.7,5.75
56707,Gold,16-May-17,16-May-17,123043423,220200100099,1,157.8,79
60199,Silver,16-May-17,22-May-17,123042028,240400300035,2,38.2,7.7
64765,Silver,16-May-17,16-May-17,123042148,220101400310,1,31.8,14.2
64898,Gold,16-May-17,17-May-17,123045290,230100200034,2,431,97.85
65206,SILVER,16-May-17,16-May-17,123044515,240400300028,2,156.6,31.4
70708,Gold,16-May-17,16-May-17,123042749,220101400306,1,72.6,33.1
71383,Gold,16-May-17,16-May-17,123045185,220101400251,1,32.7,14.95
72510,GOLD,16-May-17,16-May-17,123043583,220100300017,1,22.4,10.6
72558,Gold,16-May-17,16-May-17,123040734,240700400011,1,18,8.2
74800,Gold,16-May-17,16-May-17,123042252,230100600033,2,170.2,40.65
76529,Gold,16-May-17,16-May-17,123040783,240500100035,1,64,28.35
76587,Gold,16-May-17,16-May-17,123044893,220101500016,1,208.375,83.35
78035,GOLD,16-May-17,16-May-17,123042846,210201000008,3,53.7,8.05
78368,SILVER,16-May-17,16-May-17,123043645,210200900033,3,42.3,6.4
78609,Silver,16-May-17,19-May-17,123042859,220200100120,3,197.1,32.95
78951,Silver,16-May-17,19-May-17,123044915,220200300014,3,252.6,38.35
80662,Gold,16-May-17,20-May-17,123041029,220100100608,1,45,22.6
81932,GOLD,16-May-17,19-May-17,123044947,220200100132,1,89.5,44.85
81969,SILVER,16-May-17,16-May-17,123040846,240700400022,1,32.7,14.45
82060,Gold,16-May-17,21-May-17,123043705,210200300004,1,16.9,8.55
82065,Gold,16-May-17,16-May-17,123044956,230100500040,3,35.7,5.3
84177,SILVER,16-May-17,16-May-17,123040869,230100200052,1,121.7,56.6
85715,Gold,16-May-17,16-May-17,123042280,240500100002,1,48.8,24.35
86274,Silver,16-May-17,16-May-17,123043010,240100100325,1,479.3,239.6
86934,Silver,16-May-17,16-May-17,123040899,240400200027,1,218.7,91.15
87709,Silver,16-May-17,16-May-17,123043032,240100100253,1,104.2,50.9
87813,Gold,16-May-17,16-May-17,123045262,220100100505,1,100.2,50.2
88095,Gold,16-May-17,21-May-17,123040939,240100100490,1,15,7.6
90384,Gold,16-May-17,16-May-17,123043066,210200600109,3,81.9,11.65
91509,Gold,16-May-17,16-May-17,123043847,210200100006,1,11.6,5.15
92032,Gold,16-May-17,16-May-17,123043860,220100100108,1,114.2,57.2
1853,Gold,17-May-17,17-May-17,123049599,240800100053,1,266.7,106.75
6968,GOLD,17-May-17,17-May-17,123049649,240100400050,1,187.2,140
14618,Silver,17-May-17,20-May-17,123047733,220100100143,1,88.1,44.15
26568,SILVER,17-May-17,19-May-17,123050156,240700400036,2,12.4,2.75
28197,Gold,17-May-17,23-May-17,123050179,230100600036,2,206.4,50.4
30955,Gold,17-May-17,17-May-17,123050242,240700200007,2,10.2,2.2
36263,Gold,17-May-17,17-May-17,123048874,230100500085,2,475.2,97.9
37713,Silver,17-May-17,19-May-17,123050359,240100400110,1,232.6,116.25
38701,Silver,17-May-17,23-May-17,123050446,240100100501,1,18.7,8.95
39551,Gold,17-May-17,17-May-17,123048389,240600100067,3,139.2,19.2
40609,GOLD,17-May-17,17-May-17,123048911,230100500081,2,146,30.35
41018,Gold,17-May-17,21-May-17,123049296,220200200011,1,86.2,39.25
43506,Gold,17-May-17,17-May-17,123048404,240800100010,1,79,36.05
44105,SILVER,17-May-17,17-May-17,123047840,240100400059,1,170.8,128.3
48044,Silver,17-May-17,17-May-17,123050582,230100600041,3,202.5,32.15
57608,GOLD,17-May-17,17-May-17,123047928,240200100152,3,881.7,168.05
58900,Gold,17-May-17,17-May-17,123050861,240800200018,1,39.4,16.35
63129,PLATINUM,17-May-17,17-May-17,123050938,220101200015,1,23,9.95
65160,Gold,17-May-17,17-May-17,123047935,240600100089,2,44,9.1
72510,Silver,17-May-17,17-May-17,123048544,240700400031,2,108,27.1
72617,Silver,17-May-17,17-May-17,123048550,220200200067,1,80.8,35.15
72834,Gold,17-May-17,17-May-17,123048554,220200100160,3,104.7,17.55
75044,GOLD,17-May-17,22-May-17,123048016,240600100043,2,13.4,2.7
76808,Gold,17-May-17,17-May-17,123049428,220100300001,1,90.2,38.3
76834,GOLD,17-May-17,17-May-17,123049431,220100500002,3,258.6,38
78148,Silver,17-May-17,17-May-17,123048606,220101400151,1,13.3,6
79535,Gold,17-May-17,17-May-17,123048091,240500100030,1,54.8,24.3
79844,Gold,17-May-17,21-May-17,123049056,220100100288,1,89.6,44.9
82584,GOLD,17-May-17,18-May-17,123047602,220100100036,1,41.2,20.7
84021,SILVER,17-May-17,17-May-17,123048164,220100100133,4,112.4,14.15
86288,Silver,17-May-17,17-May-17,123049089,240200100228,2,303.2,71.1
86727,Gold,17-May-17,23-May-17,123048211,240600100089,2,44,9.1
89206,Gold,17-May-17,17-May-17,123049510,210201000068,1,36.4,16.2
509,GOLD,18-May-17,18-May-17,123054849,220100700024,3,299.1,47.45
1008,Gold,18-May-17,19-May-17,123054895,220101400071,1,23.2,10.65
2090,Silver,18-May-17,18-May-17,123053483,220200100096,1,73.2,36.7
2436,Gold,18-May-17,18-May-17,123051313,220100700024,1,99.7,47.45
4670,Gold,18-May-17,25-May-17,123053521,220100700009,1,100.1,47.65
5481,GOLD,18-May-17,18-May-17,123051357,220100100178,1,63.3,31.75
7012,Silver,18-May-17,18-May-17,123053534,220200100198,1,101.6,50.9
10032,Silver,18-May-17,26-May-17,123051380,240100100649,1,77.1,32.85
11364,Gold,18-May-17,19-May-17,123055140,240800200013,1,80.7,33.65
11965,Silver,18-May-17,18-May-17,123053566,240400100015,1,93.2,43.2
13600,Gold,18-May-17,18-May-17,123055198,240100400050,1,187.2,140
13761,Gold,18-May-17,18-May-17,123052167,220100900023,1,104.5,41.85
13903,Gold,18-May-17,18-May-17,123055241,240800100077,1,476.5,206.15
14867,GOLD,18-May-17,20-May-17,123053962,220200200010,1,66.8,30.35
15397,Silver,18-May-17,23-May-17,123051425,230100500077,3,519,72.75
16631,Gold,18-May-17,18-May-17,123052836,230100100002,1,200.7,85.35
18183,Gold,18-May-17,18-May-17,123051028,240300100032,1,582.7,291.3
20881,Gold,18-May-17,23-May-17,123051482,230100500092,5,578,48.15
21728,SILVER,18-May-17,18-May-17,123052889,220200300015,4,460,52.4
22321,Silver,18-May-17,18-May-17,123051494,230100500098,2,121,30.35
22605,Gold,18-May-17,20-May-17,123051499,240400300035,2,38.2,7.7
23497,Gold,18-May-17,18-May-17,123053640,220200300121,1,84.9,38.7
23797,Silver,18-May-17,18-May-17,123055451,230100200063,2,26,5.55
23939,Gold,18-May-17,20-May-17,123055459,240100100070,3,126.6,19.8
25656,Gold,18-May-17,20-May-17,123051545,230100700011,2,504,103.95
26246,Silver,18-May-17,23-May-17,123051548,220200300161,1,22.6,9.65
26813,Silver,18-May-17,24-May-17,123055563,240500200089,1,17.9,8.5
26944,Silver,18-May-17,18-May-17,123055574,220101400374,1,33.7,15.7
28371,Gold,18-May-17,18-May-17,123051570,240500200143,1,20.8,9.9
30014,Gold,18-May-17,18-May-17,123052045,240400100015,1,93.2,43.2
30921,Silver,18-May-17,18-May-17,123051655,220200300164,1,82,37.45
32352,Silver,18-May-17,18-May-17,123051663,220101400152,1,13.1,5.9
33133,Silver,18-May-17,21-May-17,123051677,220200200078,1,107.7,46.8
33200,GOLD,18-May-17,18-May-17,123053719,240500200142,3,24.9,3.9
33474,Gold,18-May-17,26-May-17,123054470,220200100052,3,589.5,98.35
34066,Gold,18-May-17,18-May-17,123051683,240500200011,1,30.8,14.35
34819,Gold,18-May-17,18-May-17,123051690,240100100027,1,23.5,9.45
35307,Gold,18-May-17,18-May-17,123055744,240400300010,2,92.4,19.2
36465,Gold,18-May-17,18-May-17,123052269,230100600022,2,168.2,42.15
37018,Silver,18-May-17,18-May-17,123051719,240400300003,2,127,26.35
39097,GOLD,18-May-17,18-May-17,123054523,210200900004,1,46,16.05
39435,Silver,18-May-17,18-May-17,123053788,230100500082,2,252.2,58.6
40158,SILVER,18-May-17,22-May-17,123055925,240100100152,3,509.4,82.95
41155,Silver,18-May-17,24-May-17,123054084,220100700022,3,155.1,21.9
41511,Silver,18-May-17,18-May-17,123053009,240500100032,1,54.9,24.35
42920,Silver,18-May-17,18-May-17,123051779,240800100016,1,128.2,57.05
44538,Platinum,18-May-17,18-May-17,123053826,240100100605,3,144.6,20.75
44862,GOLD,18-May-17,20-May-17,123051795,220200100099,1,157.8,79
45838,SILVER,18-May-17,18-May-17,123051812,240700200021,2,38.2,10.15
46570,Silver,18-May-17,18-May-17,123053041,220200200055,1,183.2,91.7
47158,Gold,18-May-17,23-May-17,123053845,220101400197,1,34.6,15.5
47309,Gold,18-May-17,20-May-17,123056112,240100100251,1,203.9,95.1
49445,Gold,18-May-17,18-May-17,123051869,230100400010,1,39.9,16.7
50648,Silver,18-May-17,23-May-17,123053853,220100100203,3,255,42.6
50941,Silver,18-May-17,22-May-17,123053857,220100100044,1,102.1,48.65
51145,Silver,18-May-17,18-May-17,123056181,230100700008,2,988.8,241
53734,Silver,18-May-17,18-May-17,123056238,240500200092,3,98.1,15.7
55432,Gold,18-May-17,18-May-17,123053875,220200100014,1,68.6,33.25
56235,Silver,18-May-17,18-May-17,123056327,240700100004,2,52.4,13.55
56779,Silver,18-May-17,18-May-17,123054098,220200100093,1,100.4,50.3
57310,Gold,18-May-17,18-May-17,123051952,240100100678,1,49.8,21.25
58707,Silver,18-May-17,21-May-17,123052351,220100100040,1,105.2,52.7
59609,Gold,18-May-17,19-May-17,123056415,240100400037,1,231,113.65
59804,Gold,18-May-17,18-May-17,123056421,230100500077,3,519,72.75
60223,SILVER,18-May-17,19-May-17,123051974,230100600010,2,250.6,61.35
61812,Silver,18-May-17,20-May-17,123056466,240600100080,2,56.6,8.55
63990,Silver,18-May-17,20-May-17,123051293,240200100180,3,364.8,62.9
64913,Gold,18-May-17,21-May-17,123052017,230100600015,2,156.4,39.2
65519,Silver,18-May-17,21-May-17,123054815,230100600025,2,251.8,63.05
70292,Gold,18-May-17,23-May-17,123051184,220101400157,1,31.8,14.15
70696,Silver,18-May-17,18-May-17,123052408,220101100015,1,12.1,5.3
75293,Gold,18-May-17,18-May-17,123053238,210200300079,1,32.1,16.15
75879,Silver,18-May-17,18-May-17,123054631,240100100329,1,37.3,18.75
78902,Silver,18-May-17,23-May-17,123054212,220200200018,1,66.4,30.25
82573,Silver,18-May-17,18-May-17,123054262,220101400282,1,39.1,17.8
84252,Gold,18-May-17,18-May-17,123054747,220101300025,1,61.3,28.15
85667,Silver,18-May-17,20-May-17,123051279,240200100186,2,2.8,0.65
87541,Silver,18-May-17,18-May-17,123053359,220200100113,1,139.9,70.05
91567,Gold,18-May-17,18-May-17,123054352,220100400024,1,91.1,43.9
92066,Gold,18-May-17,18-May-17,123054776,220100100022,1,26.9,13.55
93317,Gold,18-May-17,18-May-17,123052714,240600100080,2,56.6,8.55
93808,Gold,18-May-17,18-May-17,123052729,240600100098,2,109.4,21.95
94039,Silver,18-May-17,18-May-17,123051274,240100100273,1,16.9,7.6
5138,Gold,19-May-17,19-May-17,123058869,220200300116,1,84.2,38.35
5429,Gold,19-May-17,19-May-17,123059833,210200900015,1,23,10.3
5431,Gold,19-May-17,19-May-17,123058872,230100600023,2,146.8,36.8
5506,Gold,19-May-17,19-May-17,123058296,220100700052,3,318.3,50.5
6190,Gold,19-May-17,19-May-17,123059273,220100700023,1,93,44.25
9402,Gold,19-May-17,19-May-17,123060299,220200300045,3,196.5,29.8
9878,Silver,19-May-17,19-May-17,123057049,240400300039,2,39.2,7.9
10765,GOLD,19-May-17,25-May-17,123057058,240400200111,1,3.2,1.1
10954,Silver,19-May-17,19-May-17,123057068,240100100736,3,207.3,29.8
11602,SILVER,19-May-17,21-May-17,123060356,240100400038,1,241.7,118.9
13971,Silver,19-May-17,19-May-17,123060404,220101300024,1,24.4,11.7
14025,Silver,19-May-17,19-May-17,123058929,240500100011,3,117.6,17.85
14244,Silver,19-May-17,19-May-17,123060437,240700200021,2,38.2,10.15
14797,GOLD,19-May-17,19-May-17,123059346,240500100005,1,177.5,74.6
17697,Silver,19-May-17,19-May-17,123060537,210200600039,3,70.5,10
18363,Gold,19-May-17,20-May-17,123060543,240100100305,3,26.1,4
19922,SILVER,19-May-17,22-May-17,123060566,230100500092,6,693.6,48.15
20782,Gold,19-May-17,19-May-17,123058959,220100100164,3,208.5,34.85
23235,Gold,19-May-17,19-May-17,123060632,220101400369,1,55.7,25.9
26225,Silver,19-May-17,24-May-17,123058995,220101400060,1,32.1,14.7
26706,Silver,19-May-17,23-May-17,123060692,240700400022,2,65.4,14.45
26884,SILVER,19-May-17,19-May-17,123060696,240700100004,3,78.6,13.55
27496,GOLD,19-May-17,21-May-17,123057200,230100500087,2,182.2,37.95
28654,SILVER,19-May-17,19-May-17,123060770,240500100058,3,144,21.3
29003,Silver,19-May-17,19-May-17,123057778,220200100132,1,89.5,44.85
29603,Silver,19-May-17,21-May-17,123060802,240100200012,1,32.2,13.35
29762,Silver,19-May-17,22-May-17,123060808,240800200008,1,150.25,60.1
30416,Silver,19-May-17,19-May-17,123057785,240600100011,2,70.2,14.7
30923,Gold,19-May-17,19-May-17,123059037,240100200006,1,29.1,12.3
31392,GOLD,19-May-17,20-May-17,123060889,240100400125,1,114.2,44.6
32874,Gold,19-May-17,19-May-17,123057240,240700100004,3,78.6,13.55
34749,Silver,19-May-17,23-May-17,123057286,230100500082,2,252.2,58.6
36234,Silver,19-May-17,19-May-17,123061002,220101400245,3,81.9,12.45
36901,SILVER,19-May-17,19-May-17,123061014,240300200073,1,20.6,5.2
37764,GOLD,19-May-17,23-May-17,123056652,240100100328,1,34.5,15.35
38154,GOLD,19-May-17,20-May-17,123057321,230100500008,2,76,16.8
38343,Silver,19-May-17,19-May-17,123061051,220101400150,1,28.2,12.9
40211,Silver,19-May-17,19-May-17,123057344,240100100341,3,332.7,44.3
40546,Silver,19-May-17,19-May-17,123061195,220100100101,1,59.7,29.95
40850,Silver,19-May-17,19-May-17,123057356,240100100142,1,1.8,0.75
42190,GOLD,19-May-17,23-May-17,123057369,220200300161,1,22.6,9.65
45357,Silver,19-May-17,19-May-17,123059103,240400200027,3,656.1,91.15
46124,Silver,19-May-17,22-May-17,123059915,230100600012,2,46.8,11.4
47269,Silver,19-May-17,19-May-17,123058524,220100900009,1,87.1,34.9
47846,GOLD,19-May-17,19-May-17,123061320,240500200004,3,97.5,15.6
48196,SILVER,19-May-17,19-May-17,123061368,220100700038,1,100.2,47.75
48953,Silver,19-May-17,24-May-17,123061378,240100400043,1,266,131.5
49114,GOLD,19-May-17,19-May-17,123059495,220100800009,1,48.6,23.15
50490,Silver,19-May-17,19-May-17,123056696,240200100165,1,52.9,25.2
50839,Silver,19-May-17,19-May-17,123059124,240500200114,1,8.4,3.95
54351,Silver,19-May-17,20-May-17,123061452,240100100240,1,12.2,5
55979,Silver,19-May-17,19-May-17,123059947,220200200018,4,265.6,30.25
57761,SILVER,19-May-17,19-May-17,123057574,240200100116,3,652.2,123.7
58074,Silver,19-May-17,19-May-17,123057461,240100100213,1,12.4,5.1
58816,Gold,19-May-17,19-May-17,123057466,230100700008,5,2472,241
59818,Gold,19-May-17,19-May-17,123059974,240600100170,2,46.2,9.85
60365,GOLD,19-May-17,19-May-17,123058574,240100400038,3,725.1,118.9
61900,Gold,19-May-17,19-May-17,123058583,220200200071,4,381.6,41.45
64119,Gold,19-May-17,19-May-17,123057513,240800100047,1,355.7,148.05
65070,Gold,19-May-17,19-May-17,123061649,210201000054,1,40.8,18.55
70147,GOLD,19-May-17,19-May-17,123059536,220200100198,1,101.6,50.9
71045,Silver,19-May-17,23-May-17,123057589,240500200042,3,111,17.6
73037,Silver,19-May-17,20-May-17,123057964,220200100122,1,84.7,42.45
74911,Silver,19-May-17,20-May-17,123056722,210201000087,2,40,9.15
75465,Silver,19-May-17,25-May-17,123058016,230100600030,2,172.6,41.4
76758,Gold,19-May-17,19-May-17,123058669,210201000087,1,20,9.15
77712,GOLD,19-May-17,19-May-17,123059638,240500200122,1,22.9,10.9
78124,GOLD,19-May-17,19-May-17,123058053,220100100261,3,117.3,19.65
78365,Gold,19-May-17,21-May-17,123058056,240600100043,3,20.1,2.7
78547,Gold,19-May-17,19-May-17,123058063,240200200017,3,301.5,9.45
81427,Silver,19-May-17,19-May-17,123058136,230100600022,3,252.3,42.15
82256,Silver,19-May-17,19-May-17,123056794,220101400135,2,47,10.75
82605,Silver,19-May-17,20-May-17,123058140,220200300162,3,123,20.45
83584,Gold,19-May-17,19-May-17,123058142,240100400036,3,639.9,104.1
85194,Gold,19-May-17,24-May-17,123059697,220100100424,1,19.2,9.7
87717,Gold,19-May-17,19-May-17,123056897,240500200143,1,20.8,9.9
89621,Silver,19-May-17,19-May-17,123057635,240800200032,1,47,20.5
90874,GOLD,19-May-17,19-May-17,123058797,220100700003,4,434.8,53
91748,Silver,19-May-17,19-May-17,123058217,220200100163,1,115.5,57.85
92395,Silver,19-May-17,19-May-17,123058226,220100100218,1,36.7,18.45
92487,Gold,19-May-17,19-May-17,123058232,240600100146,2,77.6,15.6
92551,GOLD,19-May-17,21-May-17,123058804,240100100440,3,425.7,70.9
92973,Gold,19-May-17,20-May-17,123059738,220100300002,1,77.5,32.25
93153,Gold,19-May-17,19-May-17,123058247,230100500087,2,182.2,37.95
94007,Silver,19-May-17,19-May-17,123057656,240400100009,1,130.6,62.9
483,Gold,20-May-17,20-May-17,123062203,240500200095,1,29.1,13.95
677,SILVER,20-May-17,20-May-17,123062223,240100400021,1,91.6,45.75
1038,SILVER,20-May-17,20-May-17,123064646,220100800096,1,70.6,33.65
1053,SILVER,20-May-17,20-May-17,123064980,240200100185,2,201.6,50.5
4497,Gold,20-May-17,20-May-17,123065532,220101400289,1,60.2,27.4
4575,Gold,20-May-17,20-May-17,123062288,230100100002,1,200.7,85.35
5571,Gold,20-May-17,20-May-17,123065537,220100100019,3,83.1,13.95
5970,Silver,20-May-17,20-May-17,123065539,220101200015,1,23,9.95
8260,Silver,20-May-17,23-May-17,123063077,220100300025,1,103,42.4
9867,Silver,20-May-17,20-May-17,123062347,220101400356,3,116.1,17.25
10333,GOLD,20-May-17,20-May-17,123063737,240400200024,1,118.4,49.45
10547,Silver,20-May-17,20-May-17,123061681,230100500067,1,39.2,20.05
11071,Silver,20-May-17,20-May-17,123065746,240200100157,2,706.2,196.15
11393,Gold,20-May-17,20-May-17,123064671,220200200062,3,266.4,37.8
12779,GOLD,20-May-17,20-May-17,123065821,220101400370,3,149.4,23.6
13250,Silver,20-May-17,20-May-17,123062364,240700100007,2,45.7,9.3
14623,Silver,20-May-17,20-May-17,123065000,210200300021,1,34,17.1
15698,Gold,20-May-17,20-May-17,123065870,240100100581,1,27.5,11.35
15865,SILVER,20-May-17,20-May-17,123063749,220200100099,1,157.8,79
16966,GOLD,20-May-17,20-May-17,123064699,220101400340,1,35.4,15.8
17210,Silver,20-May-17,20-May-17,123063125,240600100089,2,44,9.1
19274,Gold,20-May-17,20-May-17,123064384,240100100159,3,92.4,13.7
20112,SILVER,20-May-17,20-May-17,123065935,230100600013,5,358.5,35.95
20638,Gold,20-May-17,20-May-17,123065038,230100600033,3,255.3,40.65
23935,Silver,20-May-17,24-May-17,123066027,230100600010,2,250.6,61.35
25554,Silver,20-May-17,20-May-17,123062908,240500100044,1,71.2,28.5
26654,Gold,20-May-17,20-May-17,123066111,240400300034,2,68.4,13.75
27767,Gold,20-May-17,20-May-17,123063767,210201000011,1,28.2,12.95
28085,Gold,20-May-17,20-May-17,123065053,240500200092,1,32.7,15.7
30283,Gold,20-May-17,24-May-17,123066158,230100700009,2,1081.4,276
31697,Silver,20-May-17,20-May-17,123064488,240700400008,2,55.8,12.1
32846,Silver,20-May-17,23-May-17,123061856,220101400089,1,36.7,16.75
33758,Gold,20-May-17,20-May-17,123063786,240800100011,1,136.6,58.8
34780,GOLD,20-May-17,20-May-17,123066327,240700300002,1,21.99,7.25
35020,Silver,20-May-17,21-May-17,123063795,240100400148,1,253.1,125.1
35285,Silver,20-May-17,21-May-17,123062566,220200100129,1,78.6,38.75
35981,Gold,20-May-17,20-May-17,123063220,220100100292,1,42.5,21.35
37038,GOLD,20-May-17,20-May-17,123066393,230100600003,2,34.4,7.55
39551,Silver,20-May-17,20-May-17,123063838,240200100180,2,243.2,62.9
40865,SILVER,20-May-17,20-May-17,123066530,240400200003,3,18.6,3
41988,Silver,20-May-17,20-May-17,123066561,220101000002,1,17.7,8
43218,Gold,20-May-17,20-May-17,123066597,220100100342,1,7.7,3.9
44333,Silver,20-May-17,22-May-17,123066626,240100100569,1,44.7,19.25
45045,Silver,20-May-17,20-May-17,123063244,210201000107,3,16.8,2.85
45459,Gold,20-May-17,20-May-17,123062663,240700200005,2,12,2.85
45838,Silver,20-May-17,24-May-17,123062672,230100700011,2,504,103.95
46098,Silver,20-May-17,20-May-17,123064566,220100100102,4,51.6,6.55
46207,Silver,20-May-17,20-May-17,123066690,240100100605,1,48.2,20.75
46761,Silver,20-May-17,23-May-17,123062688,230100500097,3,72,11.7
47485,Gold,20-May-17,20-May-17,123066738,240400200051,1,186.3,88.8
48021,Gold,20-May-17,20-May-17,123064770,220200300103,1,56.3,25.05
49242,Gold,20-May-17,23-May-17,123063892,240100400115,1,335.4,163.65
50610,Gold,20-May-17,20-May-17,123064570,240100200001,1,15.9,6.3
51108,Gold,20-May-17,25-May-17,123063903,240100400057,3,652.5,161.2
51632,Gold,20-May-17,20-May-17,123062932,240800100092,1,479.5,199.05
52126,Gold,20-May-17,25-May-17,123066818,240100400149,1,86,41
52154,Silver,20-May-17,22-May-17,123066821,240600100021,2,124.8,25.7
53435,Gold,20-May-17,20-May-17,123063941,220101400061,1,51,23.3
53826,Gold,20-May-17,23-May-17,123066858,240100100480,1,8.1,3.15
54304,SILVER,20-May-17,20-May-17,123063319,220200200041,1,112.6,51.3
55603,Gold,20-May-17,22-May-17,123063327,240600100024,3,94.5,14.45
55977,Gold,20-May-17,20-May-17,123063385,210200300014,1,13.1,6.6
55985,Gold,20-May-17,20-May-17,123062942,230100100045,1,124.8,53.6
58868,Gold,20-May-17,20-May-17,123067089,240300200024,1,71.1,32.3
59320,GOLD,20-May-17,20-May-17,123062945,220200200018,4,265.6,30.25
59872,Silver,20-May-17,20-May-17,123067120,220101400235,1,52.3,23.85
60018,GOLD,20-May-17,20-May-17,123064800,220101400018,1,22.8,10.45
60036,GOLD,20-May-17,20-May-17,123061976,240100200012,1,32.2,13.35
60496,Silver,20-May-17,20-May-17,123064620,240200100023,2,3.6,0.6
60572,Gold,20-May-17,25-May-17,123061984,240100100447,1,13.5,5.7
60986,Silver,20-May-17,22-May-17,123067148,240100400040,3,1263,205.9
63551,Gold,20-May-17,20-May-17,123064643,240100200006,1,29.1,12.3
64041,Gold,20-May-17,20-May-17,123062876,240100400050,1,187.2,140
70498,Gold,20-May-17,20-May-17,123064038,220100900007,1,18.3,7.4
71541,Silver,20-May-17,25-May-17,123065172,220101400002,1,104.1,47.4
72729,Gold,20-May-17,20-May-17,123064086,240500200073,1,49.5,20.65
73286,Gold,20-May-17,23-May-17,123062008,220101100034,1,11.8,5
77737,Gold,20-May-17,20-May-17,123062041,240200200020,1,138.9,13
79166,Silver,20-May-17,20-May-17,123062062,230100600003,1,17.2,7.55
80432,Silver,20-May-17,24-May-17,123064886,220200100099,1,157.8,79
81366,Silver,20-May-17,22-May-17,123064895,220100900004,1,18.2,8.6
81560,Gold,20-May-17,20-May-17,123063552,220101400169,1,43.6,19.5
81919,Gold,20-May-17,20-May-17,123063560,220100100265,3,134.1,22.45
81932,Gold,20-May-17,23-May-17,123064906,220200100099,3,473.4,79
82202,Silver,20-May-17,20-May-17,123063580,210200600115,4,152.4,16.55
82454,Silver,20-May-17,20-May-17,123064161,210201000026,1,22.4,10.3
83177,Silver,20-May-17,25-May-17,123063591,230100500072,2,52.2,11.9
84595,Gold,20-May-17,20-May-17,123064187,220100100400,4,421.2,50.15
85332,Gold,20-May-17,25-May-17,123063614,240500100020,1,51.6,22.9
86511,Silver,20-May-17,20-May-17,123063629,240100100263,1,29.3,12.25
86515,Gold,20-May-17,25-May-17,123065292,220200100158,3,24.6,5.35
87315,Silver,20-May-17,20-May-17,123064222,220200100026,1,67,33.6
88621,Gold,20-May-17,20-May-17,123064229,240700300002,1,21.99,7.25
90962,Gold,20-May-17,20-May-17,123062995,220200200002,1,66.5,30.2
91294,Silver,20-May-17,20-May-17,123065312,220200200055,1,183.2,91.7
93789,GOLD,20-May-17,20-May-17,123063701,210200700013,1,10.1,3.6
517,Gold,21-May-17,21-May-17,123067802,210200900033,3,42.3,6.4
1844,Gold,21-May-17,26-May-17,123070109,220101400235,1,52.3,23.85
6895,Gold,21-May-17,21-May-17,123067839,230100600015,2,156.4,39.2
6998,Silver,21-May-17,21-May-17,123070554,220100300038,3,423.6,57.95
7068,Gold,21-May-17,21-May-17,123069377,240800200062,1,35.4,16.15
7943,Gold,21-May-17,21-May-17,123067856,240800100034,1,457.3,207.9
7958,Gold,21-May-17,22-May-17,123071525,240800100066,1,187.6,76.3
8136,Gold,21-May-17,21-May-17,123071532,230100100013,1,113.1,58.9
8169,Silver,21-May-17,23-May-17,123067866,240400200106,3,117,15
8491,Gold,21-May-17,24-May-17,123071537,240700400031,2,108,27.1
10281,Platinum,21-May-17,21-May-17,123067906,240500100039,1,34.5,15.4
10637,Silver,21-May-17,21-May-17,123071585,230100600036,2,206.4,50.4
13177,Silver,21-May-17,25-May-17,123067930,220200200066,1,88.2,38.4
13576,Gold,21-May-17,31-May-17,123071716,240100100035,3,264.9,37.8
13787,GOLD,21-May-17,26-May-17,123068764,230100500010,2,8.8,2.25
14083,Platinum,21-May-17,24-May-17,123067371,220100400005,1,81.3,40.75
14295,Silver,21-May-17,21-May-17,123070169,220100300039,3,613.2,87.15
15346,Gold,21-May-17,21-May-17,123070191,240200200015,2,48,10.55
17214,SILVER,21-May-17,21-May-17,123070985,220200300160,3,322.2,48.85
18250,Silver,21-May-17,21-May-17,123070230,220100100611,1,69.8,35
18615,GOLD,21-May-17,21-May-17,123068025,220200100212,1,103.5,51.85
18692,Silver,21-May-17,21-May-17,123071777,240700300002,1,21.99,7.25
18828,SILVER,21-May-17,21-May-17,123068034,240100200007,1,3.3,1.35
19365,Gold,21-May-17,24-May-17,123071792,210200100004,1,36.3,16.15
25210,Gold,21-May-17,21-May-17,123069482,220101400256,1,34.9,15.6
26098,Gold,21-May-17,21-May-17,123068076,240800100026,1,131.3,58.55
26767,SILVER,21-May-17,21-May-17,123067461,240100100328,1,34.5,15.35
27608,Silver,21-May-17,21-May-17,123068838,220200100084,1,106.5,51.55
30529,Gold,21-May-17,22-May-17,123069527,210200300017,1,13.5,6.8
32638,Gold,21-May-17,31-May-17,123070304,240100100253,3,312.6,50.9
33383,SILVER,21-May-17,21-May-17,123071037,210200400040,1,46.5,23.35
33878,Silver,21-May-17,25-May-17,123072032,240600100080,2,56.6,8.55
34110,GOLD,21-May-17,25-May-17,123068189,230100700011,3,756,103.95
36021,SILVER,21-May-17,21-May-17,123072121,240100400151,1,419,209.45
36424,SILVER,21-May-17,21-May-17,123068865,240200100021,2,5.4,1.2
36924,GOLD,21-May-17,26-May-17,123068871,230100500041,6,55.2,4.05
38030,Gold,21-May-17,23-May-17,123072155,240100100305,1,8.7,4
39774,Silver,21-May-17,21-May-17,123069562,220200100023,1,72.8,36.5
42387,Gold,21-May-17,27-May-17,123072300,230100100013,1,113.1,58.9
42648,Silver,21-May-17,24-May-17,123072309,240500200006,1,14.6,7.05
43197,Gold,21-May-17,26-May-17,123072344,240500100004,1,63.5,28
43857,Gold,21-May-17,21-May-17,123072348,220100500020,1,104.4,46.25
44834,Silver,21-May-17,21-May-17,123071084,240200200020,2,277.8,13
45765,Gold,21-May-17,21-May-17,123068913,220100100340,1,41.1,20.65
45794,Silver,21-May-17,21-May-17,123068307,220200100222,1,109,60.05
45798,GOLD,21-May-17,21-May-17,123070380,220200300106,1,78.3,35.75
47010,Gold,21-May-17,21-May-17,123072426,240800100010,1,79,36.05
47796,Gold,21-May-17,21-May-17,123070414,220100100023,1,55.2,27.7
49931,Silver,21-May-17,21-May-17,123072589,230100500066,2,25.4,6.1
50228,Silver,21-May-17,25-May-17,123070679,220200100202,1,92,46.1
51940,Silver,21-May-17,21-May-17,123072626,220100400003,1,161.8,81
52015,Silver,21-May-17,22-May-17,123072629,240600100089,3,66,9.1
52480,Silver,21-May-17,24-May-17,123072644,240400200088,1,197.4,82.25
53770,GOLD,21-May-17,31-May-17,123068981,210200900016,1,13.9,6.55
53962,Gold,21-May-17,21-May-17,123068445,220101400374,1,33.7,15.7
54470,Gold,21-May-17,21-May-17,123072734,210200900033,1,14.1,6.4
56649,Silver,21-May-17,21-May-17,123068989,210201000120,1,20.2,9.25
56738,Gold,21-May-17,21-May-17,123069644,220100100106,3,279.3,46.65
57742,Silver,21-May-17,29-May-17,123072803,220200200032,1,96.4,43.85
58857,Gold,21-May-17,27-May-17,123072812,240100100135,3,672.6,92
59168,Silver,21-May-17,21-May-17,123072825,220200300151,1,78.1,36.4
60825,Gold,21-May-17,21-May-17,123070509,240200100035,2,24,4.45
61055,PLATINUM,21-May-17,22-May-17,123072842,240100400046,1,328.3,165.95
63497,Silver,21-May-17,21-May-17,123072945,230100300012,1,72.6,29.1
64473,Gold,21-May-17,21-May-17,123069034,210200900049,1,39.7,17.95
65784,Silver,21-May-17,21-May-17,123068598,220100100631,1,57.1,28.65
65785,Gold,21-May-17,22-May-17,123069690,210200300075,3,111.6,18.7
70292,GOLD,21-May-17,21-May-17,123067587,240500100019,1,48.4,21.5
74877,SILVER,21-May-17,23-May-17,123070794,220200100034,1,56.3,28.25
76613,SILVER,21-May-17,21-May-17,123069817,240100100570,1,32.6,13.8
77205,Gold,21-May-17,22-May-17,123069836,210201000130,3,88.8,13.2
82870,SILVER,21-May-17,21-May-17,123068648,220100800017,1,35.4,16.95
84833,GOLD,21-May-17,21-May-17,123071228,240200100131,2,148.6,41.35
84835,Silver,21-May-17,21-May-17,123069202,240500100017,3,160.5,23.75
86829,GOLD,21-May-17,24-May-17,123069260,230100500095,2,193.8,40
86981,Silver,21-May-17,21-May-17,123070887,220101400105,1,51.7,23.6
89020,Silver,21-May-17,26-May-17,123070900,220200200078,1,107.7,46.8
92060,Gold,21-May-17,21-May-17,123069306,220101400424,1,111.3,55.55
93917,Silver,21-May-17,21-May-17,123070937,220101300019,3,165.6,22.15
94223,Silver,21-May-17,21-May-17,123071286,230100100044,1,100.6,40.3
180,Gold,22-May-17,22-May-17,123074531,240100400037,1,231,113.65
327,SILVER,22-May-17,25-May-17,123077304,220200200024,1,59.5,32.25
771,Silver,22-May-17,24-May-17,123077313,240100100642,1,72.6,30.95
1053,Gold,22-May-17,23-May-17,123076965,230100700009,2,1081.4,276
1949,Silver,22-May-17,22-May-17,123075321,220100700039,1,55.1,27.65
2813,Gold,22-May-17,22-May-17,123073486,230100500013,2,18.8,4.75
2975,SILVER,22-May-17,25-May-17,123076047,240100200014,1,55.4,22.8
3099,SILVER,22-May-17,22-May-17,123075332,240200100225,2,294.4,74.9
3242,Gold,22-May-17,22-May-17,123073504,240800200024,1,31.7,14
3670,Silver,22-May-17,22-May-17,123076051,240100200012,1,32.2,13.35
4026,Gold,22-May-17,22-May-17,123073507,240700200019,2,33.8,8.6
4070,Gold,22-May-17,22-May-17,123073516,220100100188,1,83.4,41.8
5481,Silver,22-May-17,22-May-17,123073570,240100100511,3,42.3,6.2
6450,PLATINUM,22-May-17,22-May-17,123077426,220100100418,3,86.7,14.55
6510,GOLD,22-May-17,22-May-17,123073589,240700200005,2,12,2.85
6812,Gold,22-May-17,25-May-17,123077437,240500100002,1,48.8,24.35
7229,Gold,22-May-17,22-May-17,123073596,240500200025,3,83.4,11.65
8563,PLATINUM,22-May-17,23-May-17,123075369,220200200020,1,163.5,74.3
8615,GOLD,22-May-17,22-May-17,123073622,240500200018,1,41.2,19.6
10024,Silver,22-May-17,23-May-17,123076118,220101400119,1,34.4,15.75
11860,GOLD,22-May-17,24-May-17,123073034,210201000121,3,88.5,13.55
14497,Silver,22-May-17,22-May-17,123077653,240500100030,1,54.8,24.3
16178,Gold,22-May-17,22-May-17,123073710,220100100277,1,34.6,17.4
16337,Gold,22-May-17,22-May-17,123076165,220100100419,1,49.5,24.85
16408,Silver,22-May-17,22-May-17,123073728,230100600016,2,154,38.6
19270,GOLD,22-May-17,22-May-17,123076195,240500200011,1,30.8,14.35
20285,SILVER,22-May-17,26-May-17,123077727,230100500089,2,280.6,58.4
20453,Gold,22-May-17,22-May-17,123077735,240100100409,1,35.3,18.4
21097,Gold,22-May-17,24-May-17,123076222,220100200006,4,158.4,15.9
21519,Gold,22-May-17,26-May-17,123077265,230100600012,2,46.8,11.4
21655,Gold,22-May-17,22-May-17,123077808,240400300007,2,115,23.85
21943,Gold,22-May-17,26-May-17,123077819,240100100454,3,76.8,12.9
22571,Gold,22-May-17,22-May-17,123073755,240100100487,3,62.1,10.45
22793,Gold,22-May-17,22-May-17,123073763,220200100070,1,72.7,36.45
24295,Gold,22-May-17,23-May-17,123077882,240500200075,3,89.1,12.4
26831,Silver,22-May-17,28-May-17,123077272,230100600003,3,51.6,7.55
27742,GOLD,22-May-17,22-May-17,123076251,220200200015,4,420.4,47.75
27832,Gold,22-May-17,22-May-17,123077023,230100100017,1,175.3,74.95
28211,Gold,22-May-17,22-May-17,123075455,240700400008,2,55.8,12.1
28487,Silver,22-May-17,22-May-17,123076259,240200100169,3,52.2,8.1
28584,Gold,22-May-17,22-May-17,123073876,220100800036,3,125.4,19.9
28637,Silver,22-May-17,25-May-17,123073878,230100200019,2,398.2,95.65
28851,Silver,22-May-17,22-May-17,123074698,240800200021,1,89.7,38.9
28945,Gold,22-May-17,22-May-17,123076268,220100500015,1,57.3,25.25
29162,Gold,22-May-17,22-May-17,123077995,230100600005,3,389.4,63.2
29244,Gold,22-May-17,22-May-17,123077028,220101400101,1,24.6,11.3
29780,Gold,22-May-17,22-May-17,123074437,220200200011,1,86.2,39.25
29938,Gold,22-May-17,25-May-17,123074713,240500200004,3,97.5,15.6
30583,SILVER,22-May-17,22-May-17,123073897,230100100013,1,113.1,58.9
30586,Silver,22-May-17,22-May-17,123076667,220100100317,3,141.6,23.7
32681,Gold,22-May-17,22-May-17,123073944,230100500008,2,76,16.8
33537,Silver,22-May-17,25-May-17,123076586,220101200015,1,23,9.95
33618,Silver,22-May-17,22-May-17,123073136,240600100198,1,57.5,24.2
34505,Gold,22-May-17,22-May-17,123076337,210200100001,1,12.8,5.65
34790,Silver,22-May-17,22-May-17,123076356,220100100223,1,48,24.1
35188,GOLD,22-May-17,22-May-17,123078161,220200100053,3,561.9,93.75
35662,Gold,22-May-17,22-May-17,123073990,240500100061,3,213.6,30.85
36238,Gold,22-May-17,22-May-17,123076374,240200100118,2,351,89.55
36918,Silver,22-May-17,22-May-17,123078199,220101400263,3,396.6,60.25
37163,Gold,22-May-17,22-May-17,123074018,220100100385,1,11.4,5.75
38353,Gold,22-May-17,22-May-17,123078235,240600100027,2,70.8,14.25
41540,Gold,22-May-17,27-May-17,123078304,240700100017,5,131,11.2
42208,Silver,22-May-17,22-May-17,123078319,240200100076,2,898,246.55
42525,Gold,22-May-17,22-May-17,123073156,220101100026,1,19.2,8.05
42912,Silver,22-May-17,22-May-17,123078346,220101400213,1,67.4,30.05
44227,Gold,22-May-17,25-May-17,123076695,240300200073,1,20.6,5.2
44435,Silver,22-May-17,26-May-17,123078377,240100100367,3,195.9,29.8
44775,SILVER,22-May-17,22-May-17,123074102,240800200058,1,40.4,18.25
46050,Gold,22-May-17,22-May-17,123074108,240800100023,1,334.1,151.75
46257,Silver,22-May-17,23-May-17,123074115,230100600023,2,146.8,36.8
46366,Gold,22-May-17,22-May-17,123078446,230100500056,2,16,3.5
46550,Silver,22-May-17,22-May-17,123078464,240800200007,1,19.875,7.95
47235,Gold,22-May-17,23-May-17,123078481,230100600039,2,213.6,51.1
47296,Gold,22-May-17,22-May-17,123073180,240500200105,1,29.2,12.2
48700,Gold,22-May-17,22-May-17,123078513,240500100033,3,196.2,28.95
50954,Gold,22-May-17,22-May-17,123074190,220100100258,3,169.2,28.3
52295,Silver,22-May-17,22-May-17,123074454,240500100044,1,71.2,28.5
54470,Platinum,22-May-17,26-May-17,123078647,240100100554,1,63.8,27.5
54610,GOLD,22-May-17,23-May-17,123076503,220100200005,1,71.7,28.65
54888,Gold,22-May-17,24-May-17,123078653,240600100089,2,44,9.1
55214,GOLD,22-May-17,27-May-17,123074850,240200100224,2,272.2,66.1
56109,SILVER,22-May-17,22-May-17,123076733,220101400201,1,40.2,17.9
56451,Gold,22-May-17,22-May-17,123078704,230100500004,2,6.4,1.35
56517,SILVER,22-May-17,22-May-17,123074243,230100600036,2,206.4,50.4
56694,Silver,22-May-17,22-May-17,123074245,240500200099,1,49.2,22.45
59185,GOLD,22-May-17,25-May-17,123074924,220200100101,1,61,28.75
59487,GOLD,22-May-17,22-May-17,123078812,220200100101,1,61,28.75
60266,Silver,22-May-17,22-May-17,123074468,230100100012,1,179.3,82
60997,Silver,22-May-17,22-May-17,123078839,240500200095,1,29.1,13.95
61534,Silver,22-May-17,27-May-17,123074332,220200100222,1,109,60.05
62778,Platinum,22-May-17,22-May-17,123074393,230100700009,3,1622.1,276
64040,Gold,22-May-17,27-May-17,123073207,210200500006,1,24,11.95
65287,Gold,22-May-17,23-May-17,123078954,230100600031,6,531,42.45
72516,Silver,22-May-17,22-May-17,123076779,220101400386,3,498.3,75.9
72569,Gold,22-May-17,22-May-17,123075670,240400200027,1,218.7,91.15
76613,Silver,22-May-17,22-May-17,123075761,220100100315,1,17,8.6
77277,Gold,22-May-17,22-May-17,123073261,230100600036,1,103.2,50.4
78524,Silver,22-May-17,22-May-17,123075795,220100400027,1,88.1,41.95
79061,Gold,22-May-17,22-May-17,123075803,240100100597,1,103.5,44.05
79128,Gold,22-May-17,24-May-17,123077113,220200200039,1,95.5,43.55
79533,Gold,22-May-17,22-May-17,123075820,210201100001,1,32,14
79548,Gold,22-May-17,22-May-17,123073314,240700400034,1,13.2,5.95
81831,Silver,22-May-17,22-May-17,123075874,220100100292,4,170,21.35
82135,Silver,22-May-17,22-May-17,123075899,220101400196,1,23.7,10.85
83955,Gold,22-May-17,22-May-17,123075154,240600100024,3,94.5,14.45
85821,Silver,22-May-17,22-May-17,123075189,220200100097,1,89.8,45
87889,SILVER,22-May-17,22-May-17,123075934,240100100135,3,672.6,92
90691,Gold,22-May-17,22-May-17,123075247,220100800071,1,29,13.9
90770,SILVER,22-May-17,22-May-17,123075973,220200300015,1,115,52.4
91248,Silver,22-May-17,22-May-17,123077242,210200600059,1,167.2,71.6
92113,SILVER,22-May-17,22-May-17,123075987,240100100378,1,14.8,7.3
92196,Silver,22-May-17,22-May-17,123075272,240200100173,3,1438.8,245.25
92645,Gold,22-May-17,25-May-17,123077250,220200100212,1,103.5,51.85
659,Gold,23-May-17,23-May-17,123082332,220200100099,1,157.8,79
1232,Silver,23-May-17,23-May-17,123083767,220200100230,3,335.1,55.95
5222,Silver,23-May-17,25-May-17,123083873,240800100074,1,316.6,126.7
5696,Gold,23-May-17,24-May-17,123082945,220100100483,1,32.2,19.4
5704,GOLD,23-May-17,23-May-17,123082350,220100500002,1,86.2,38
6391,Silver,23-May-17,23-May-17,123080895,210201000158,1,42.6,19.45
7063,Gold,23-May-17,23-May-17,123079658,220100100431,1,57.4,28.8
7557,Gold,23-May-17,25-May-17,123079662,230100700011,2,504,103.95
7885,Silver,23-May-17,23-May-17,123079674,220200100144,3,159,26.6
8071,Gold,23-May-17,24-May-17,123081701,210200900046,4,70.4,7.1
8390,Silver,23-May-17,23-May-17,123083941,220100500020,1,104.4,46.25
10062,Gold,23-May-17,23-May-17,123082390,240100100355,3,187.5,28.35
11209,Silver,23-May-17,23-May-17,123079720,230100100035,1,70.8,29.8
11763,Silver,23-May-17,23-May-17,123079727,220200100081,3,344.1,57.45
15963,GOLD,23-May-17,23-May-17,123084078,230100700002,2,440,135
15991,Silver,23-May-17,23-May-17,123084082,240100200005,1,32.4,13.65
16002,SILVER,23-May-17,29-May-17,123084084,240100400089,3,299.4,48.7
16082,Gold,23-May-17,25-May-17,123079808,220200100044,1,102.2,51.2
16393,Silver,23-May-17,23-May-17,123079043,230100200063,1,13,5.55
17374,Silver,23-May-17,27-May-17,123084104,240700400020,5,356.5,37.15
17568,Silver,23-May-17,23-May-17,123083035,230100500056,2,16,3.5
21549,GOLD,23-May-17,25-May-17,123084170,240400200014,3,44.4,8.6
21757,GOLD,23-May-17,23-May-17,123084207,240300100059,1,33.3,15.95
21775,Gold,23-May-17,23-May-17,123082473,210200700013,1,10.1,3.6
23122,Gold,23-May-17,23-May-17,123084258,210200800003,1,22,11.1
23706,Silver,23-May-17,28-May-17,123082494,220100100356,3,105.6,17.7
23833,Gold,23-May-17,29-May-17,123081778,210200400076,1,60.1,30.15
24237,Gold,23-May-17,23-May-17,123084328,230100700002,3,660,135
24726,Silver,23-May-17,23-May-17,123083038,220101300020,3,154.8,20.7
26083,Gold,23-May-17,23-May-17,123079921,220200100218,1,75.2,37.7
27582,Silver,23-May-17,28-May-17,123084397,240500100008,1,65.7,29.9
28222,Gold,23-May-17,23-May-17,123084432,230100600028,2,193.4,48.45
28562,Gold,23-May-17,28-May-17,123079075,220101400235,2,104.6,23.85
28939,Silver,23-May-17,23-May-17,123084477,240300300057,1,357.6,149.05
30057,Gold,23-May-17,27-May-17,123079971,230100600018,2,128.4,32.2
30737,Silver,23-May-17,23-May-17,123081018,240600100153,3,68.7,11.3
35103,Gold,23-May-17,23-May-17,123084648,220100100125,1,33.4,16.8
35218,Gold,23-May-17,23-May-17,123082599,240500100033,1,65.4,28.95
35648,Silver,23-May-17,24-May-17,123080099,230100700009,2,1081.4,276
35754,Gold,23-May-17,23-May-17,123080111,240100200005,1,32.4,13.65
38531,Gold,23-May-17,23-May-17,123084746,230100500013,3,28.2,4.75
38878,Gold,23-May-17,23-May-17,123083063,230100600013,2,143.4,35.95
39074,Silver,23-May-17,23-May-17,123082657,220200100123,3,98.4,16.5
39187,SILVER,23-May-17,23-May-17,123082660,230100700002,2,440,135
40073,Gold,23-May-17,23-May-17,123080199,240400200023,1,131.7,55
40467,Gold,23-May-17,25-May-17,123084779,240700400010,2,122.6,31.95
40829,Gold,23-May-17,23-May-17,123084787,220101300012,3,55.2,8.3
41181,Silver,23-May-17,23-May-17,123081843,240100100094,1,68.7,29.95
41562,Gold,23-May-17,23-May-17,123084796,220100100273,3,116.4,19.5
42090,Gold,23-May-17,23-May-17,123080216,220200300145,1,80.5,36.65
42169,Gold,23-May-17,23-May-17,123084822,220100800045,1,54.2,25.85
43104,Gold,23-May-17,23-May-17,123080242,240500200056,3,72.3,11.55
43158,Silver,23-May-17,26-May-17,123079151,220100100418,1,28.9,14.55
43519,Gold,23-May-17,25-May-17,123081864,240100100646,1,109.9,46.8
45099,Platinum,23-May-17,23-May-17,123081073,220101400105,1,51.7,23.6
45581,Silver,23-May-17,23-May-17,123084926,230100600031,2,177,42.45
46465,Silver,23-May-17,23-May-17,123080312,220100700027,1,57.9,29.05
46473,Platinum,23-May-17,23-May-17,123080319,240800100027,1,467.6,212.85
48480,Silver,23-May-17,23-May-17,123080345,220200300129,1,81.2,37.05
49143,Gold,23-May-17,23-May-17,123082761,240700400011,2,36,8.2
49309,Silver,23-May-17,23-May-17,123080384,220200100190,1,63.5,29.95
50159,Gold,23-May-17,26-May-17,123080389,240400300035,3,57.3,7.7
50983,Silver,23-May-17,23-May-17,123080399,220200100046,3,347.4,58
52566,Gold,23-May-17,23-May-17,123083518,240300300055,1,138.8,58.35
52622,Platinum,23-May-17,27-May-17,123081901,240100300001,2,71,17.9
53827,Gold,23-May-17,23-May-17,123082796,240500100035,1,64,28.35
55142,GOLD,23-May-17,23-May-17,123080468,220100300019,3,106.8,16.7
57526,Silver,23-May-17,26-May-17,123079225,240100100326,1,18.6,8.15
57789,Gold,23-May-17,28-May-17,123081171,220100700017,1,78.3,42.5
58168,Silver,23-May-17,23-May-17,123085231,220101300006,1,27.3,12.25
58360,Gold,23-May-17,23-May-17,123083542,230100600041,2,135,32.15
62560,Silver,23-May-17,23-May-17,123080603,220100100289,1,17.3,8.75
63165,SILVER,23-May-17,23-May-17,123085420,240100100430,1,2.8,1
63253,GOLD,23-May-17,23-May-17,123085435,240700300004,1,17,8.1
63546,SILVER,23-May-17,23-May-17,123082898,240500200095,3,87.3,13.95
63670,Silver,23-May-17,27-May-17,123085455,240100100731,1,63.5,27.4
63986,Gold,23-May-17,23-May-17,123082909,240700400008,2,55.8,12.1
65451,Silver,23-May-17,23-May-17,123085503,230100100028,1,250.9,104.2
71919,GOLD,23-May-17,23-May-17,123080784,220100300039,3,613.2,87.15
74274,Gold,23-May-17,23-May-17,123082012,210200200012,2,45.2,9.8
75094,Gold,23-May-17,23-May-17,123081377,220200100002,3,117.3,19.65
75510,Gold,23-May-17,23-May-17,123082049,220200200035,3,304.5,46.25
75883,Silver,23-May-17,23-May-17,123082058,240600100020,2,68.6,15.75
76599,GOLD,23-May-17,23-May-17,123083618,210200600115,1,38.1,16.55
78513,Gold,23-May-17,23-May-17,123083237,230100100034,1,77.7,32.25
78706,Gold,23-May-17,23-May-17,123082076,210200400070,3,124.8,20.9
78716,Silver,23-May-17,23-May-17,123079371,230100200049,1,107.2,48.9
78834,Gold,23-May-17,23-May-17,123079378,240100100703,1,79.9,34.3
78917,Silver,23-May-17,28-May-17,123083246,240200200019,2,259.6,12.25
81086,Silver,23-May-17,23-May-17,123083257,220101400406,4,422.8,52.8
81228,SILVER,23-May-17,23-May-17,123082137,220100300018,1,25.6,12.1
81580,Silver,23-May-17,23-May-17,123081470,220101200025,1,26.3,11.4
83583,Gold,23-May-17,23-May-17,123082178,230100100015,1,106.9,45.5
85856,Gold,23-May-17,23-May-17,123081533,220200100163,4,462,57.85
86036,Gold,23-May-17,28-May-17,123083294,220200100194,1,122.6,61.4
86332,Silver,23-May-17,26-May-17,123078991,240100100386,1,39.5,16.55
88590,Gold,23-May-17,23-May-17,123081596,240600100181,2,73.6,16
88730,Gold,23-May-17,23-May-17,123083678,230100100046,1,134.8,55.1
89258,GOLD,23-May-17,23-May-17,123079541,240200100066,1,288.8,140.55
90580,GOLD,23-May-17,24-May-17,123081646,240400300009,5,310.5,25.8
91200,GOLD,23-May-17,29-May-17,123083353,220100700027,1,57.9,29.05
93978,Silver,23-May-17,23-May-17,123083372,240100400014,1,251.4,125.65
94179,Silver,23-May-17,23-May-17,123083377,240400300032,2,63.8,12.85
969,GOLD,24-May-17,24-May-17,123086149,240600100138,2,53.4,12.65
2216,Gold,24-May-17,24-May-17,123085519,240100200004,1,35.2,14.8
4292,SILVER,24-May-17,12-Jun-17,123087059,220100700001,1,67,32
4606,Silver,24-May-17,24-May-17,123087064,240200100182,2,221.8,55.55
14471,GOLD,24-May-17,25-May-17,123087870,240100400037,1,231,113.65
17028,Silver,24-May-17,24-May-17,123087080,230100600028,2,193.4,48.45
18477,Gold,24-May-17,27-May-17,123085565,240100100283,1,37.9,18
18708,GOLD,24-May-17,26-May-17,123087958,240100100422,1,22.6,7.85
19491,Silver,24-May-17,24-May-17,123086662,240300200003,1,34.9,14.5
19606,Gold,24-May-17,25-May-17,123087053,220100100135,3,107.1,17.95
21442,Gold,24-May-17,30-May-17,123088004,240100400087,1,117.2,58.55
22931,GOLD,24-May-17,26-May-17,123088021,240700400021,2,42,9.55
23603,Silver,24-May-17,24-May-17,123085570,230100500022,1,150.1,64.1
29562,Silver,24-May-17,28-May-17,123087433,220200100090,3,265.8,44.4
33040,Gold,24-May-17,24-May-17,123086710,240100100185,1,171.9,80.2
35706,SILVER,24-May-17,24-May-17,123086277,220200100094,1,119.4,59.8
47430,Gold,24-May-17,24-May-17,123085636,220101300017,1,16.5,7.45
50107,Silver,24-May-17,24-May-17,123087183,240600100098,3,164.1,21.95
51475,SILVER,24-May-17,29-May-17,123088714,240100100379,1,1.5,0.7
56473,Silver,24-May-17,24-May-17,123087440,240500200100,1,22.7,10.85
63431,Silver,24-May-17,24-May-17,123086336,240100400095,1,200.1,97.75
63717,Silver,24-May-17,24-May-17,123086820,220200200010,3,200.4,30.35
64176,Silver,24-May-17,24-May-17,123085758,210200900016,1,13.9,6.55
75063,SILVER,24-May-17,24-May-17,123086842,210200100012,1,17.8,8.4
75428,SILVER,24-May-17,24-May-17,123087508,220100700022,1,51.7,21.9
77281,Gold,24-May-17,24-May-17,123087300,240700400018,2,46,10.2
78856,GOLD,24-May-17,24-May-17,123086902,220100100265,1,44.7,22.45
80830,Silver,24-May-17,24-May-17,123086951,240500100017,1,53.5,23.75
81712,Silver,24-May-17,24-May-17,123085957,240400200066,2,27.6,6.3
84835,Silver,24-May-17,24-May-17,123086495,240800100077,1,476.5,206.15
85883,Silver,24-May-17,27-May-17,123086119,240200100180,3,364.8,62.9
86247,Gold,24-May-17,26-May-17,123087544,220200300129,1,81.2,37.05
86592,Silver,24-May-17,24-May-17,123086982,210200600028,1,40,18.25
86925,SILVER,24-May-17,27-May-17,123086984,240100100273,3,50.7,7.6
87535,SILVER,24-May-17,30-May-17,123086524,240600100071,2,104.4,21.55
93506,Silver,24-May-17,24-May-17,123086569,240100400044,1,353.6,174.75
747,Silver,25-May-17,25-May-17,123091904,230100700011,2,504,103.95
5677,Gold,25-May-17,25-May-17,123093491,240800100020,1,122.4,65.6
6462,Silver,25-May-17,28-May-17,123093498,240600100107,2,52.4,11.7
6691,GOLD,25-May-17,25-May-17,123091940,240200100210,2,1026,242.45
7562,Gold,25-May-17,25-May-17,123089506,230100400018,1,28.1,12.75
8956,Gold,25-May-17,25-May-17,123093566,240800100077,1,476.5,206.15
9616,Silver,25-May-17,25-May-17,123093569,220100700038,3,300.6,47.75
10355,Gold,25-May-17,01-Jun-17,123091317,220200100120,1,65.7,32.95
10647,Gold,25-May-17,25-May-17,123091334,220200100104,1,94.3,47.25
11295,Gold,25-May-17,30-May-17,123089545,230100200004,2,199.8,50.05
11659,Silver,25-May-17,25-May-17,123093642,220101400392,1,99.3,45.15
12754,Silver,25-May-17,25-May-17,123091967,240100100652,1,66.7,28.75
14233,Silver,25-May-17,25-May-17,123089577,230100600022,2,168.2,42.15
16560,Silver,25-May-17,25-May-17,123093769,220200100212,1,103.5,51.85
17160,Silver,25-May-17,25-May-17,123092014,220100100315,1,17,8.6
17384,Silver,25-May-17,29-May-17,123093832,240500200120,1,20.9,9.9
18208,Gold,25-May-17,25-May-17,123092025,230100200049,3,321.6,48.9
19841,Gold,25-May-17,26-May-17,123093884,240200100050,2,27,6.65
20100,GOLD,25-May-17,25-May-17,123092061,220200100098,1,120.7,66.5
20635,Gold,25-May-17,25-May-17,123092528,220100100317,1,47.2,23.7
22181,SILVER,25-May-17,25-May-17,123089749,240100100335,1,36.3,15.45
24694,Silver,25-May-17,25-May-17,123094025,220101200007,1,72.2,28.8
25178,Gold,25-May-17,25-May-17,123094054,220100800031,1,54.4,25.95
25501,Silver,25-May-17,02-Jun-17,123094055,230100100013,1,113.1,58.9
25675,Gold,25-May-17,25-May-17,123094057,210201000087,1,20,9.15
26942,Gold,25-May-17,27-May-17,123094075,240800200052,1,24.3,11.65
28162,SILVER,25-May-17,25-May-17,123089070,230100500089,1,140.3,58.4
30487,Silver,25-May-17,26-May-17,123094180,240500200059,1,31,14.8
30605,Gold,25-May-17,26-May-17,123094199,240600100115,3,143.7,20
30807,Gold,25-May-17,25-May-17,123089891,220100100154,3,236.4,39.5
33378,Gold,25-May-17,25-May-17,123089914,220100800099,1,42.8,20.4
35128,Gold,25-May-17,25-May-17,123090669,240600100113,2,100.8,21.5
36208,Silver,25-May-17,02-Jun-17,123090676,230100500096,3,106.5,17.25
38725,GOLD,25-May-17,25-May-17,123089965,230100500075,2,363,76.3
40035,Silver,25-May-17,25-May-17,123091458,210201100005,5,185.5,16.15
40353,Silver,25-May-17,26-May-17,123092245,220100300039,3,613.2,87.15
40797,Silver,25-May-17,26-May-17,123094512,240700200004,2,8.4,2.2
41304,SILVER,25-May-17,25-May-17,123089991,230100600016,2,154,38.6
41903,Gold,25-May-17,27-May-17,123090684,240300200088,1,25.5,10.6
42240,SILVER,25-May-17,25-May-17,123089999,220200200018,1,66.4,30.25
42490,Silver,25-May-17,25-May-17,123094553,220200200062,1,88.8,37.8
42912,Gold,25-May-17,28-May-17,123094580,240700400036,2,12.4,2.75
43705,Gold,25-May-17,25-May-17,123094598,210200100009,3,104.1,15.5
46780,Gold,25-May-17,30-May-17,123094623,230100600036,2,206.4,50.4
46948,Platinum,25-May-17,25-May-17,123090729,240600100062,2,5.2,1.05
48134,Gold,25-May-17,25-May-17,123094666,220100100261,1,39.1,19.65
49301,Platinum,25-May-17,30-May-17,123094686,240700100009,3,80.97,10.23
49633,SILVER,25-May-17,30-May-17,123094699,240500200093,1,40.9,19.45
49652,Silver,25-May-17,26-May-17,123091514,240100300006,6,309,22.8
53822,Platinum,25-May-17,25-May-17,123092676,230100100040,1,170.6,70.95
55954,Gold,25-May-17,25-May-17,123091570,220200100050,1,75.7,37.95
55973,Silver,25-May-17,25-May-17,123090750,240600100049,2,48.6,11.05
56269,Gold,25-May-17,26-May-17,123092686,220101400143,3,104.7,15.6
56379,GOLD,25-May-17,25-May-17,123092308,220200100163,3,346.5,57.85
56437,Silver,25-May-17,30-May-17,123094881,240400200024,1,118.4,49.45
56555,GOLD,25-May-17,28-May-17,123090753,240500100006,3,138.3,21.05
57105,Gold,25-May-17,25-May-17,123094902,240700200025,2,29.2,6.2
57134,Platinum,25-May-17,25-May-17,123092310,210201000087,3,60,9.15
58949,Gold,25-May-17,25-May-17,123094990,220100100566,1,59,29.6
58988,Silver,25-May-17,25-May-17,123092349,220200100126,1,33.4,16.8
59570,Silver,25-May-17,26-May-17,123093355,230100200036,3,208.2,34.8
63234,Gold,25-May-17,25-May-17,123092377,210200600057,3,282.9,40.5
63544,Gold,25-May-17,25-May-17,123091590,220100100245,1,30,15.1
64258,Gold,25-May-17,25-May-17,123095092,220101400015,1,9.4,4.5
64545,Gold,25-May-17,25-May-17,123093161,220200300005,1,115,52.35
70606,Silver,25-May-17,25-May-17,123091607,230100100048,1,122.6,52.8
72869,Gold,25-May-17,25-May-17,123093197,220200100117,1,187.9,94.05
75556,Gold,25-May-17,25-May-17,123091681,210200300093,3,83.7,14.05
75660,Gold,25-May-17,28-May-17,123089427,240200100229,2,321.6,78.5
76404,Silver,25-May-17,27-May-17,123092775,220101300006,3,81.9,12.25
77852,Silver,25-May-17,27-May-17,123089237,240100200012,2,64.4,13.35
79120,Gold,25-May-17,25-May-17,123091065,220100100156,1,167.8,84
79866,Gold,25-May-17,25-May-17,123091761,240100300006,2,103,22.8
81315,SILVER,25-May-17,26-May-17,123093291,230100400016,1,23.7,9.4
82477,Gold,25-May-17,25-May-17,123091151,240100300004,2,45.8,9.1
83100,Silver,25-May-17,25-May-17,123093296,240100400048,3,878.1,144.65
84450,SILVER,25-May-17,30-May-17,123091824,240100100326,1,18.6,8.15
85346,Gold,25-May-17,25-May-17,123091199,220200300096,1,172.5,78.5
86202,Silver,25-May-17,26-May-17,123092886,240200100207,3,308.7,50.85
88292,Silver,25-May-17,25-May-17,123091853,240400200014,4,59.2,8.6
89795,Silver,25-May-17,25-May-17,123089380,220101300017,1,16.5,7.45
91248,Silver,25-May-17,29-May-17,123093328,230100600025,2,251.8,63.05
91394,Gold,25-May-17,25-May-17,123092924,240700400004,2,26.4,5.95
91977,Silver,25-May-17,25-May-17,123092934,230100600022,3,252.3,42.15
93559,Silver,25-May-17,29-May-17,123089446,240200200053,2,131.4,26.35
326,Silver,26-May-17,26-May-17,123098736,220100800050,1,55,26.2
433,Silver,26-May-17,27-May-17,123098744,220200300161,3,67.8,9.65
970,Gold,26-May-17,27-May-17,123098763,230100500072,3,78.3,11.9
2196,Silver,26-May-17,26-May-17,123096906,220100100285,4,293.6,36.8
2538,Silver,26-May-17,26-May-17,123098811,220200300106,1,78.3,35.75
2977,Silver,26-May-17,26-May-17,123097568,240100100632,1,24.4,17.5
5333,Silver,26-May-17,26-May-17,123095689,240500100032,1,54.9,24.35
5878,Silver,26-May-17,26-May-17,123098884,240300100012,1,23.6,11.35
6939,GOLD,26-May-17,26-May-17,123097583,220100100105,3,352.8,58.9
8776,Silver,26-May-17,29-May-17,123095169,220100100143,2,176.2,44.15
9421,Silver,26-May-17,31-May-17,123096215,240400200012,1,160.9,69.6
9671,SILVER,26-May-17,30-May-17,123097596,220101200031,1,186.3,78.2
10171,Silver,26-May-17,27-May-17,123096375,240700400030,2,43.4,9.45
10450,Gold,26-May-17,04-Jun-17,123099011,240100100278,1,16.4,6.75
14254,SILVER,26-May-17,26-May-17,123099132,240100400021,3,274.8,45.75
14558,Gold,26-May-17,28-May-17,123095761,230100200037,3,226.2,37.8
16070,Silver,26-May-17,27-May-17,123096982,210200300001,1,31.4,15.8
16592,Silver,26-May-17,26-May-17,123099162,220100100038,1,19.7,9.95
16839,Gold,26-May-17,26-May-17,123099172,210200400025,1,54.1,27.15
17089,Gold,26-May-17,26-May-17,123095803,220200100105,1,180.7,90.45
17168,Silver,26-May-17,26-May-17,123099199,210200900033,1,14.1,6.4
19382,Silver,26-May-17,26-May-17,123097009,240400200088,1,197.4,82.25
21218,SILVER,26-May-17,26-May-17,123097012,220100800036,1,41.8,19.9
21335,Gold,26-May-17,28-May-17,123096400,210200300096,3,126.3,21.15
23437,Gold,26-May-17,26-May-17,123099272,220101400175,1,22.3,10
24199,Silver,26-May-17,26-May-17,123096432,230100600028,2,193.4,48.45
25019,GOLD,26-May-17,29-May-17,123099305,220200100072,1,100.4,50.3
25669,Silver,26-May-17,30-May-17,123099329,230100400021,1,19.6,7.9
25953,Silver,26-May-17,26-May-17,123099339,240100400021,1,91.6,45.75
28408,Gold,26-May-17,26-May-17,123095267,210200300105,2,45.2,11.4
29404,Silver,26-May-17,26-May-17,123098400,210200500004,3,290.7,40.65
30163,GOLD,26-May-17,26-May-17,123097078,240100300004,4,91.6,9.1
32244,Silver,26-May-17,27-May-17,123098019,220200100198,1,101.6,50.9
32677,GOLD,26-May-17,27-May-17,123099505,220200100166,1,142.9,71.55
33842,Silver,26-May-17,26-May-17,123099534,210200900016,1,13.9,6.55
35077,SILVER,26-May-17,27-May-17,123099549,240100100235,3,39.6,5.65
35136,GOLD,26-May-17,05-Jun-17,123097746,220100700001,3,201,32
36657,Silver,26-May-17,26-May-17,123096487,240100100700,1,97.9,42.05
43712,Silver,26-May-17,26-May-17,123099762,220100100508,1,51.7,25.95
44584,Gold,26-May-17,26-May-17,123097799,220101300006,1,27.3,12.25
44872,Gold,26-May-17,31-May-17,123099792,240700400023,2,24.2,5.45
45368,Gold,26-May-17,26-May-17,123096240,240300100012,1,23.6,11.35
46131,SILVER,26-May-17,26-May-17,123099809,240800200001,1,169.5,67.8
47945,Gold,26-May-17,01-Jun-17,123095323,220100100099,1,58.1,29.15
50901,Gold,26-May-17,26-May-17,123097834,220200100137,1,50.3,25.25
51202,Gold,26-May-17,27-May-17,123096064,230100700008,2,988.8,241
51890,Gold,26-May-17,30-May-17,123097195,240600100158,5,28.5,2.3
52000,Gold,26-May-17,26-May-17,123099946,240100100661,1,23.2,9.95
52348,GOLD,26-May-17,26-May-17,123096067,230100600036,2,206.4,50.4
52585,Gold,26-May-17,26-May-17,123098085,220100100186,1,75.5,37.85
53543,Silver,26-May-17,26-May-17,123096076,230100400002,1,13.2,5.85
53921,Gold,26-May-17,27-May-17,123098087,220200100171,1,56.3,31.05
55605,Gold,26-May-17,26-May-17,123000000,220101400276,4,271.2,30.9
55698,Platinum,26-May-17,26-May-17,123000006,220100100228,1,56.7,28.45
56604,Silver,26-May-17,26-May-17,123096119,220101300006,4,109.2,12.25
57023,Gold,26-May-17,01-Jun-17,123097889,220100800038,3,371.1,59
57195,PLATINUM,26-May-17,26-May-17,123000013,220100100262,1,62.3,31.25
58289,Silver,26-May-17,27-May-17,123000055,240100100615,1,12.9,5.45
61042,Silver,26-May-17,26-May-17,123000097,240100400118,4,1051.2,125.15
63016,SILVER,26-May-17,06-Jun-17,123097270,240100300006,2,103,22.8
63418,Gold,26-May-17,26-May-17,123000199,220101200011,1,79,31.55
64223,SILVER,26-May-17,29-May-17,123095378,210201000029,1,9.5,4.3
70437,Gold,26-May-17,31-May-17,123095662,240200100119,3,529.2,90.05
70724,GOLD,26-May-17,26-May-17,123096591,220200100002,1,39.1,19.65
71778,Silver,26-May-17,26-May-17,123096281,230100700009,2,1081.4,276
71992,GOLD,26-May-17,26-May-17,123097307,240500100011,1,39.2,17.85
73286,Platinum,26-May-17,26-May-17,123095399,220101200027,1,72.8,31.65
76360,GOLD,26-May-17,30-May-17,123096652,240700400036,2,12.4,2.75
78913,Silver,26-May-17,26-May-17,123096302,240100200004,1,35.2,14.8
80002,Gold,26-May-17,26-May-17,123097380,240100400111,1,103.3,49.2
81185,Gold,26-May-17,29-May-17,123096767,240200100114,2,334.8,83.8
81351,Silver,26-May-17,26-May-17,123096775,240600100088,2,88.4,19.05
81634,Silver,26-May-17,30-May-17,123098557,220200100225,1,64.1,30.2
82034,Silver,26-May-17,01-Jun-17,123098561,220200100099,1,157.8,79
84462,GOLD,26-May-17,28-May-17,123098580,220200100226,1,133.2,66.7
86979,Gold,26-May-17,30-May-17,123097406,210200300105,1,22.6,11.4
87265,Gold,26-May-17,26-May-17,123098282,240800200007,1,19.875,7.95
87345,Gold,26-May-17,30-May-17,123097411,240100100516,1,25.3,10.95
87846,Silver,26-May-17,28-May-17,123096830,230100500003,2,7.8,1.6
88802,GOLD,26-May-17,26-May-17,123097446,220101400131,1,22.3,7.75
89156,SILVER,26-May-17,26-May-17,123095600,230100600006,1,14,6.5
89209,Gold,26-May-17,30-May-17,123096864,220200200067,3,242.4,35.15
93357,Silver,26-May-17,28-May-17,123095640,220100100467,1,72.1,36
93528,PLATINUM,26-May-17,26-May-17,123095649,230100500089,1,140.3,58.4
1018,Gold,27-May-17,01-Jun-17,123004214,240100100433,1,3,1.15
1235,SILVER,27-May-17,27-May-17,123004226,230100100025,1,30.3,13.15
1597,Silver,27-May-17,27-May-17,123000804,220101400289,1,60.2,27.4
3343,Gold,27-May-17,27-May-17,123004242,220101400211,1,34.9,15.6
3766,Gold,27-May-17,27-May-17,123004263,210201000209,1,54.2,24.2
4117,Silver,27-May-17,27-May-17,123002955,210201000043,1,12.2,5.5
4627,Gold,27-May-17,27-May-17,123004290,240800200020,1,163.4,74.3
5744,Silver,27-May-17,27-May-17,123004299,230100700011,2,504,103.95
8040,Gold,27-May-17,27-May-17,123004367,220100100023,1,55.2,27.7
9019,Silver,27-May-17,27-May-17,123004400,220100100117,1,40,20.1
9048,SILVER,27-May-17,27-May-17,123004413,220101200011,3,237,31.55
9110,Silver,27-May-17,27-May-17,123000907,240600100021,2,124.8,25.7
10445,Silver,27-May-17,27-May-17,123004437,220100300016,1,17.1,8.65
12350,Silver,27-May-17,27-May-17,123000921,220100100182,1,89.6,44.9
12674,Gold,27-May-17,27-May-17,123004539,230100100006,1,176,74.55
14357,Gold,27-May-17,27-May-17,123002324,240100100135,4,896.8,92
17452,Gold,27-May-17,27-May-17,123003017,240300200017,1,55.4,25.15
19638,Silver,27-May-17,27-May-17,123001611,220200100107,1,179,89.6
19660,Gold,27-May-17,27-May-17,123002330,240600100013,2,6.8,1.25
20143,Silver,27-May-17,02-Jun-17,123003895,220200100142,1,105.4,52.8
20441,Gold,27-May-17,27-May-17,123003060,230100600018,2,128.4,32.2
22714,GOLD,27-May-17,27-May-17,123001007,220100300038,1,141.2,57.95
22833,Gold,27-May-17,04-Jun-17,123004739,240400200093,1,155.8,64.95
22841,Gold,27-May-17,29-May-17,123003423,220200200018,1,66.4,30.25
23108,Gold,27-May-17,27-May-17,123004765,240500200083,3,201.9,28
23790,Silver,27-May-17,27-May-17,123001026,220100100125,1,33.4,16.8
27359,Gold,27-May-17,27-May-17,123001034,210201000036,1,19.5,8.9
27776,Silver,27-May-17,31-May-17,123004902,240800200001,1,169.5,67.8
27843,Silver,27-May-17,27-May-17,123004920,210201000041,1,25,11.45
27947,SILVER,27-May-17,31-May-17,123001045,230100500013,3,28.2,4.75
28847,Silver,27-May-17,27-May-17,123003450,220100100040,3,315.6,52.7
29944,SILVER,27-May-17,27-May-17,123003128,220200100077,1,99,49.6
31424,Gold,27-May-17,27-May-17,123003144,220100300037,1,115.8,48.7
32529,Gold,27-May-17,28-May-17,123000369,240100100699,1,11.2,4.6
33473,Gold,27-May-17,27-May-17,123000375,240200100073,1,21.3,12.05
34036,Silver,27-May-17,28-May-17,123001100,240400200106,1,39,15
35267,PLATINUM,27-May-17,31-May-17,123001114,220200100153,4,192.8,24.2
36081,Gold,27-May-17,27-May-17,123002389,240800200040,1,66.6,30.3
36684,Silver,27-May-17,27-May-17,123001160,220200100210,1,93.9,47.05
40044,Gold,27-May-17,27-May-17,123003207,240200200068,2,597.6,151.55
42090,Gold,27-May-17,27-May-17,123001202,220200300088,3,378.6,57.45
42610,Silver,27-May-17,27-May-17,123003476,230100500077,2,346,72.75
42843,GOLD,27-May-17,27-May-17,123005263,240500200113,3,126.6,20.05
43669,Gold,27-May-17,27-May-17,123002430,240100400125,1,114.2,44.6
43755,Silver,27-May-17,28-May-17,123003927,220200300036,1,93.8,41.75
44140,Silver,27-May-17,27-May-17,123000439,220101000007,3,71.4,10.65
44330,Gold,27-May-17,27-May-17,123005275,240100100480,1,8.1,3.15
44454,GOLD,27-May-17,28-May-17,123003248,220101000004,4,198.4,21.05
46687,GOLD,27-May-17,27-May-17,123003257,210200200012,2,45.2,9.8
47769,GOLD,27-May-17,27-May-17,123005358,240400200095,3,670.8,101.6
47901,GOLD,27-May-17,27-May-17,123000469,240100100512,1,13.1,5.55
48034,Gold,27-May-17,27-May-17,123005366,220100700038,3,300.6,47.75
48235,Silver,27-May-17,27-May-17,123001459,230100600031,2,177,42.45
48517,SILVER,27-May-17,27-May-17,123001267,240400200095,1,223.6,101.6
52846,Gold,27-May-17,27-May-17,123005449,240700200021,3,57.3,10.15
53253,Silver,27-May-17,27-May-17,123005472,240700200019,3,50.7,8.6
53352,Silver,27-May-17,27-May-17,123003516,240800100031,1,201.8,91.5
59420,Silver,27-May-17,27-May-17,123001364,240500100042,1,109.2,43.75
61055,Silver,27-May-17,28-May-17,123005787,240800100011,1,136.6,58.8
62444,Gold,27-May-17,31-May-17,123001387,240400200024,1,118.4,49.45
64204,Silver,27-May-17,27-May-17,123003564,220200100089,3,396.6,66.2
65456,Gold,27-May-17,27-May-17,123003976,240200200014,2,258.4,13.3
65590,Silver,27-May-17,27-May-17,123001807,220100100142,1,27.9,14.05
70435,SILVER,27-May-17,27-May-17,123002536,210200900010,1,45.9,19.45
73305,Gold,27-May-17,27-May-17,123001886,210200600059,1,167.2,71.6
73783,Silver,27-May-17,30-May-17,123002607,210200400072,1,39.5,19.85
77238,Silver,27-May-17,29-May-17,123004052,240500200069,3,30.6,4.85
78391,Gold,27-May-17,27-May-17,123003625,220200200068,1,100.9,43.9
79169,Gold,27-May-17,27-May-17,123003632,220100100235,1,32.6,16.4
80836,Silver,27-May-17,27-May-17,123002697,220100100038,1,19.7,9.95
81725,Gold,27-May-17,29-May-17,123003659,220200100063,1,66.5,33.35
83194,Silver,27-May-17,27-May-17,123000609,220100100154,2,157.6,39.5
83408,Gold,27-May-17,27-May-17,123002069,220200300029,1,71.6,32.6
83771,SILVER,27-May-17,27-May-17,123001498,220100900027,3,149.7,20
83823,SILVER,27-May-17,27-May-17,123002121,210200600122,3,210,30.45
84262,Silver,27-May-17,27-May-17,123002745,240800200059,1,40.8,18.45
85098,Gold,27-May-17,27-May-17,123003681,230100600018,2,128.4,32.2
85826,Gold,27-May-17,27-May-17,123002752,210201000109,1,23.8,10.75
87709,Gold,27-May-17,27-May-17,123002171,240200100131,2,148.6,41.35
89331,Silver,27-May-17,27-May-17,123004139,220100300038,1,141.2,57.95
90872,Silver,27-May-17,27-May-17,123004149,240500200004,1,32.5,15.6
91123,Gold,27-May-17,27-May-17,123002214,220100200004,1,6.5,2.6
91190,Gold,27-May-17,27-May-17,123004157,240100200014,1,55.4,22.8
91629,SILVER,27-May-17,29-May-17,123000779,240200200026,2,192.6,38.55
92166,Silver,27-May-17,30-May-17,123002833,240100100646,4,439.6,46.8
92910,Gold,27-May-17,27-May-17,123000747,240200100046,1,18.1,9.15
1064,Gold,28-May-17,28-May-17,123009791,220101400181,4,198,22.1
1871,Gold,28-May-17,28-May-17,123008054,210200600037,1,22.7,10.3
2729,SILVER,28-May-17,02-Jun-17,123009807,240800200058,1,40.4,18.25
4785,SILVER,28-May-17,28-May-17,123008523,210200600012,1,30.2,15.05
5214,Gold,28-May-17,28-May-17,123006548,240200200091,3,528.3,70.5
6538,Gold,28-May-17,31-May-17,123009872,240100400144,1,352.8,174.4
6763,Gold,28-May-17,28-May-17,123008536,220200100019,1,98.1,49.15
7012,Silver,28-May-17,28-May-17,123008549,210201100001,1,32,14
9135,Gold,28-May-17,28-May-17,123006591,220100300041,1,171.3,69.25
9696,Gold,28-May-17,29-May-17,123009967,240800200021,1,89.7,38.9
10072,Gold,28-May-17,28-May-17,123009992,220200100099,1,157.8,79
10466,Silver,28-May-17,30-May-17,123005887,240100100272,1,12.7,5.25
10508,SILVER,28-May-17,02-Jun-17,123007516,240200100211,2,242,60.65
11056,Silver,28-May-17,28-May-17,123009410,240100100736,3,207.3,29.8
11914,SILVER,28-May-17,28-May-17,123006620,240200200042,2,101.2,20.3
12062,Silver,28-May-17,28-May-17,123008117,210200500006,1,24,11.95
12465,Silver,28-May-17,31-May-17,123006624,230100600013,2,143.4,35.95
14051,Silver,28-May-17,28-May-17,123010078,240400300033,2,71.4,14.35
16695,SILVER,28-May-17,30-May-17,123005898,240100100487,1,20.7,10.45
18061,Silver,28-May-17,28-May-17,123006702,230100600010,3,375.9,61.35
18896,Silver,28-May-17,28-May-17,123006723,220100100615,1,50.6,25.4
19261,Platinum,28-May-17,31-May-17,123008601,220100700022,1,51.7,21.9
19274,Gold,28-May-17,01-Jun-17,123008610,210200400029,3,146.1,24.45
21630,Silver,28-May-17,28-May-17,123008139,240400200012,1,160.9,69.6
21847,GOLD,28-May-17,28-May-17,123008625,240100200014,1,55.4,22.8
22104,Silver,28-May-17,01-Jun-17,123005980,220100300018,1,25.6,12.1
26312,Silver,28-May-17,28-May-17,123006816,240800200014,1,78.8,34.2
27075,Silver,28-May-17,29-May-17,123006819,220200200070,1,120.3,54.75
27146,SILVER,28-May-17,28-May-17,123006830,220200300078,3,156.3,23.8
27562,Gold,28-May-17,31-May-17,123008990,240300100056,1,48.1,24
27884,Gold,28-May-17,28-May-17,123010420,220101400405,1,70.9,35.4
29631,GOLD,28-May-17,28-May-17,123010485,240100100142,1,1.8,0.75
30225,Silver,28-May-17,31-May-17,123006872,230100500074,2,272,51.3
34450,Gold,28-May-17,02-Jun-17,123009456,240200100114,3,502.2,83.8
35207,Gold,28-May-17,28-May-17,123006098,240100200004,3,105.6,14.8
37386,Gold,28-May-17,28-May-17,123008204,230100600018,2,128.4,32.2
38535,Gold,28-May-17,28-May-17,123009481,240100200012,1,32.2,13.35
40023,Silver,28-May-17,28-May-17,123009022,220101400208,1,38.7,17.25
40073,Gold,28-May-17,04-Jun-17,123006997,220101500016,1,208.375,83.35
41106,Gold,28-May-17,28-May-17,123008215,240200100022,2,7.4,1.75
43470,Gold,28-May-17,28-May-17,123008719,240100100231,1,11.4,5.3
44770,Platinum,28-May-17,28-May-17,123010832,220101400121,1,65.1,28.95
44840,Silver,28-May-17,28-May-17,123009044,220100100038,1,19.7,9.95
46138,GOLD,28-May-17,03-Jun-17,123008249,240100100365,1,191.6,87.4
46677,Gold,28-May-17,28-May-17,123007663,210200600128,1,17.9,7.85
47793,Silver,28-May-17,31-May-17,123006156,240100100596,1,79.2,34
48640,Silver,28-May-17,28-May-17,123008747,220200100038,1,106.6,53.4
48745,Silver,28-May-17,30-May-17,123007111,240400300021,3,216,32.65
49155,Silver,28-May-17,28-May-17,123009486,220100100340,1,41.1,20.65
51068,GOLD,28-May-17,28-May-17,123011003,210200600085,1,36.6,16.55
51365,Silver,28-May-17,28-May-17,123009107,240400300034,2,68.4,13.75
51393,Silver,28-May-17,28-May-17,123008270,220200200038,1,38.2,18.95
52043,Gold,28-May-17,28-May-17,123011015,240100400012,1,175.4,81.4
52220,Gold,28-May-17,02-Jun-17,123009505,210200500006,1,24,11.95
53125,SILVER,28-May-17,28-May-17,123011039,230100700009,2,1081.4,276
54304,SILVER,28-May-17,04-Jun-17,123007736,220100700046,1,137.4,65.5
55378,Gold,28-May-17,28-May-17,123007190,220100100408,1,6.7,3.4
56826,Gold,28-May-17,02-Jun-17,123009529,220200300003,1,33.7,15.45
57129,GOLD,28-May-17,03-Jun-17,123011174,220200200012,3,203.7,30.9
57725,GOLD,28-May-17,30-May-17,123007744,240200200071,2,37.4,10
58091,SILVER,28-May-17,01-Jun-17,123011183,240800100021,1,129.3,57.6
59627,GOLD,28-May-17,28-May-17,123007297,230100300027,1,54.5,23.65
61279,Gold,28-May-17,28-May-17,123008840,240100400148,1,253.1,125.1
61289,Silver,28-May-17,28-May-17,123007233,240200100095,2,237,52.55
62068,Silver,28-May-17,28-May-17,123008850,240100400091,1,196.3,95.65
62541,GOLD,28-May-17,28-May-17,123008324,220100100505,1,100.2,50.2
63302,Gold,28-May-17,29-May-17,123008326,210200600039,3,70.5,10
63466,Silver,28-May-17,03-Jun-17,123007271,240400100015,1,93.2,43.2
64732,Gold,28-May-17,01-Jun-17,123007281,220200100029,1,104.3,52.25
71516,Gold,28-May-17,31-May-17,123006230,240100100739,1,134.4,57.2
71625,Silver,28-May-17,28-May-17,123009625,220100700045,3,342.6,54.4
72378,GOLD,28-May-17,30-May-17,123006503,240200100210,2,1026,242.45
72418,Gold,28-May-17,01-Jun-17,123006467,240200100129,2,23.8,6
73400,Silver,28-May-17,28-May-17,123009168,220200100224,1,144.9,72.55
74462,Silver,28-May-17,28-May-17,123008351,240100400076,1,112.3,68.6
75824,Silver,28-May-17,28-May-17,123008375,240100400069,1,93.3,39.95
78519,SILVER,28-May-17,28-May-17,123007897,220200300131,1,70.1,31.95
78913,Silver,28-May-17,02-Jun-17,123007356,240500100026,1,55.2,24.5
82304,SILVER,28-May-17,28-May-17,123006339,230100200032,1,147.6,67.05
85810,Gold,28-May-17,02-Jun-17,123007951,240200100232,2,56.4,14.2
85869,Silver,28-May-17,29-May-17,123007960,220101400181,4,198,22.1
86523,Gold,28-May-17,01-Jun-17,123006380,220100700038,1,100.2,47.75
87573,Silver,28-May-17,31-May-17,123009262,220100700001,3,201,32
87815,GOLD,28-May-17,28-May-17,123008457,220200100084,1,106.5,51.55
88014,Gold,28-May-17,28-May-17,123009275,240200100227,2,305.4,71.6
88398,SILVER,28-May-17,28-May-17,123008459,240100300006,4,206,22.8
89655,Platinum,28-May-17,29-May-17,123006419,210201000199,2,82.8,18.85
90092,GOLD,28-May-17,28-May-17,123008008,220101300006,1,27.3,12.25
90307,Gold,28-May-17,03-Jun-17,123008016,240700400013,2,136.4,35.55
90371,Gold,28-May-17,31-May-17,123008025,220200100182,1,129.7,64.95
90385,Gold,28-May-17,28-May-17,123008470,220200100041,1,170.7,85.45
90773,Silver,28-May-17,28-May-17,123009341,210200500007,1,39.4,17.8
91241,Silver,28-May-17,30-May-17,123009343,220200200005,1,47,21.45
91247,GOLD,28-May-17,31-May-17,123006478,240200100225,2,294.4,74.9
91581,Gold,28-May-17,28-May-17,123007420,230100700011,2,504,103.95
93414,Gold,28-May-17,28-May-17,123008509,210200400052,1,41.6,20.9
291,Platinum,29-May-17,13-Jun-17,123015210,240500100064,1,55.7,24.2
296,Gold,29-May-17,29-May-17,123015498,220100400022,1,98.9,47.7
968,GOLD,29-May-17,03-Jun-17,123011928,230100500067,2,78.4,20.05
2520,Gold,29-May-17,04-Jun-17,123014399,220101300005,1,25.7,11.5
5229,Silver,29-May-17,29-May-17,123011990,240800200001,1,169.5,67.8
6880,Silver,29-May-17,29-May-17,123014439,220101400112,1,40.9,18.6
7660,Gold,29-May-17,29-May-17,123013714,220101000002,1,17.7,8
9458,Gold,29-May-17,02-Jun-17,123012063,230100500007,2,14,3.35
10062,Gold,29-May-17,29-May-17,123014444,240400100012,1,496.3,71.35
10273,Gold,29-May-17,02-Jun-17,123014447,220100700038,1,100.2,47.75
11289,SILVER,29-May-17,04-Jun-17,123015781,230100500075,2,363,76.3
11544,Gold,29-May-17,29-May-17,123012102,230100100034,1,77.7,32.25
12264,Silver,29-May-17,30-May-17,123012119,230100200050,2,255.6,58.05
12886,Silver,29-May-17,01-Jun-17,123012914,240100100329,1,37.3,18.75
15745,SILVER,29-May-17,29-May-17,123013121,240100100403,1,168.7,76.55
17757,Gold,29-May-17,01-Jun-17,123012201,230100500056,2,16,3.5
20176,Gold,29-May-17,29-May-17,123012228,240100400036,3,639.9,104.1
23813,SILVER,29-May-17,01-Jun-17,123014513,220101400322,1,28.1,12.9
23948,SILVER,29-May-17,29-May-17,123012264,240800200001,1,169.5,67.8
24821,Silver,29-May-17,01-Jun-17,123016037,240800200020,1,163.4,74.3
25490,Gold,29-May-17,29-May-17,123016086,230100500004,5,16,1.35
25639,SILVER,29-May-17,29-May-17,123016095,240300100020,1,14.1,6.05
25763,Gold,29-May-17,29-May-17,123013200,220100100467,1,72.1,36
26221,Gold,29-May-17,29-May-17,123012338,240400300035,2,38.2,7.7
26324,Gold,29-May-17,29-May-17,123014536,220200300152,3,235.2,39.15
26507,Gold,29-May-17,04-Jun-17,123016118,240500100043,1,26,8.8
28408,Gold,29-May-17,03-Jun-17,123011454,240100200012,1,32.2,13.35
30993,Gold,29-May-17,29-May-17,123016167,220100100264,3,172.2,28.8
31682,Gold,29-May-17,29-May-17,123012431,230100500096,2,71,17.25
32059,Silver,29-May-17,29-May-17,123014871,210200300092,3,152.1,25.45
33978,Gold,29-May-17,29-May-17,123014574,210201000146,1,29.9,13.7
34955,Silver,29-May-17,29-May-17,123011467,240400200093,2,311.6,64.95
35813,Gold,29-May-17,29-May-17,123012511,240100400069,1,93.3,39.95
36077,SILVER,29-May-17,29-May-17,123012521,210201000157,1,39.8,18.2
36530,Silver,29-May-17,29-May-17,123012561,240800100016,1,128.2,57.05
37139,Gold,29-May-17,29-May-17,123012566,240500100042,1,109.2,43.75
37755,Silver,29-May-17,30-May-17,123013676,220200300158,4,349.2,40.7
38300,Gold,29-May-17,30-May-17,123016325,240100400063,1,219.4,106.95
38513,Silver,29-May-17,03-Jun-17,123016328,210201000151,1,23.9,10.7
40600,Silver,29-May-17,29-May-17,123013265,210200300105,1,22.6,11.4
41064,Gold,29-May-17,29-May-17,123013850,230100200006,2,186.2,46.65
42684,Gold,29-May-17,31-May-17,123014918,220200100229,1,165.5,82.85
45146,Silver,29-May-17,29-May-17,123016504,240200100154,2,53.2,11.95
45261,GOLD,29-May-17,29-May-17,123013882,240100100550,1,132,56.7
45760,Silver,29-May-17,29-May-17,123016510,220100100568,3,252.3,42.15
45792,SILVER,29-May-17,29-May-17,123016516,240100400019,1,113.4,54.5
47631,Silver,29-May-17,09-Jun-17,123016560,240100400066,1,238.3,116.2
49987,Silver,29-May-17,04-Jun-17,123016653,240800200006,1,225.5,112.85
50049,Silver,29-May-17,31-May-17,123014698,220200100092,1,83,41.6
50462,Silver,29-May-17,29-May-17,123013283,220200300161,1,22.6,9.65
50807,GOLD,29-May-17,30-May-17,123015352,220200200067,3,242.4,35.15
51077,GOLD,29-May-17,29-May-17,123016689,240600100017,3,159,23.25
52290,Gold,29-May-17,30-May-17,123016747,210200600067,3,201,28.9
53573,Silver,29-May-17,29-May-17,123013324,240600100047,2,81.2,18.65
55082,Silver,29-May-17,29-May-17,123016834,210201000017,1,46.3,19.15
56856,Platinum,29-May-17,03-Jun-17,123013328,210200600055,1,85.5,36.7
57075,Gold,29-May-17,30-May-17,123016954,240100100508,1,48.3,19.25
57095,SILVER,29-May-17,30-May-17,123016975,240100100453,1,29.2,14.7
57660,Silver,29-May-17,30-May-17,123011590,220100400023,1,93.6,40.75
58198,SILVER,29-May-17,01-Jun-17,123016984,240100100065,1,34.7,13.8
58250,Silver,29-May-17,29-May-17,123014729,220101200031,1,186.3,78.2
59311,Silver,29-May-17,31-May-17,123014742,220100400026,1,120.5,54.85
59391,Gold,29-May-17,29-May-17,123013333,210200600044,1,56.7,24.9
60980,Gold,29-May-17,03-Jun-17,123014015,210200500004,1,96.9,40.65
61378,Gold,29-May-17,29-May-17,123013339,240200100077,2,298.2,90.7
62284,Gold,29-May-17,29-May-17,123017113,240300300070,1,499.9,227.4
63011,Silver,29-May-17,31-May-17,123012877,230100600026,3,355.8,59.4
65773,Silver,29-May-17,29-May-17,123012901,220200200004,1,63.5,28.9
70844,Silver,29-May-17,04-Jun-17,123014060,210200700002,1,12.1,5.45
71069,Silver,29-May-17,29-May-17,123012985,240800200006,1,225.5,112.85
72081,Silver,29-May-17,29-May-17,123013396,220200100150,1,44.9,22.55
76234,Silver,29-May-17,29-May-17,123015380,240500200011,5,154,14.35
77991,GOLD,29-May-17,29-May-17,123014194,240100100554,3,191.4,27.5
78813,Gold,29-May-17,30-May-17,123013428,240500200139,1,24.3,11
79889,Gold,29-May-17,29-May-17,123011675,240200100134,1,9.6,4.75
80643,Gold,29-May-17,01-Jun-17,123015086,240200100043,3,423.6,69.4
80933,Silver,29-May-17,29-May-17,123013480,240400300039,2,39.2,7.9
81548,Gold,29-May-17,02-Jun-17,123011699,220100100306,1,42.8,21.5
81769,Gold,29-May-17,29-May-17,123014247,240100100171,1,7.3,3.3
81945,Silver,29-May-17,29-May-17,123011704,240400300021,1,72,32.65
83442,Gold,29-May-17,29-May-17,123014280,220200200081,1,109.9,51.2
84268,Silver,29-May-17,29-May-17,123014315,240200100152,2,587.8,168.05
84559,Silver,29-May-17,01-Jun-17,123014318,240100100552,1,169.2,71.95
87441,Silver,29-May-17,03-Jun-17,123011772,240100100652,1,66.7,28.75
87560,Silver,29-May-17,29-May-17,123014330,220101300003,1,40.1,17.85
88886,Silver,29-May-17,29-May-17,123012997,240100100184,1,183.1,85.4
89342,Gold,29-May-17,29-May-17,123015165,230100100034,1,77.7,32.25
89706,SILVER,29-May-17,29-May-17,123015178,230100600022,3,252.3,42.15
89711,Gold,29-May-17,03-Jun-17,123011819,220100400024,2,182.2,43.9
90845,Silver,29-May-17,29-May-17,123015186,220200300126,1,54.5,24.3
91356,Gold,29-May-17,29-May-17,123011833,240400200095,2,447.2,101.6
92547,Silver,29-May-17,29-May-17,123014381,240100100112,3,18.3,2.95
93268,Gold,29-May-17,29-May-17,123011855,240100100600,1,19.5,8.35
551,Silver,30-May-17,05-Jun-17,123021643,240800100036,1,467.5,193.75
1065,Gold,30-May-17,30-May-17,123019674,240100300005,2,90,19.2
2502,Silver,30-May-17,02-Jun-17,123021658,210201000086,1,17.1,7.65
2532,Gold,30-May-17,03-Jun-17,123021665,240400300026,3,278.1,40.3
2907,SILVER,30-May-17,30-May-17,123021693,220100100038,1,19.7,9.95
3011,Gold,30-May-17,30-May-17,123021716,220200200011,1,86.2,39.25
4469,Silver,30-May-17,31-May-17,123017903,230100700011,2,504,103.95
5593,Gold,30-May-17,30-May-17,123021813,220101100014,3,33.6,4.85
5731,Silver,30-May-17,30-May-17,123017953,220100600008,1,294.2,140.05
6812,Gold,30-May-17,02-Jun-17,123021844,240700200005,3,18,2.85
7067,Silver,30-May-17,30-May-17,123017962,220100400019,1,71.8,32.95
8169,Gold,30-May-17,30-May-17,123017979,240100400037,1,231,113.65
8821,Gold,30-May-17,30-May-17,123021906,220200300089,1,119.3,53.1
9297,Gold,30-May-17,31-May-17,123019694,210201100005,4,148.4,16.15
10434,Gold,30-May-17,30-May-17,123021984,220100100186,1,75.5,37.85
10696,Silver,30-May-17,30-May-17,123022010,240100100661,3,69.6,9.95
13801,Platinum,30-May-17,02-Jun-17,123019751,210201000043,3,36.6,5.5
13869,Silver,30-May-17,30-May-17,123018070,240100100644,4,239.2,25.2
15908,Silver,30-May-17,30-May-17,123020380,210201000087,1,20,9.15
15931,Silver,30-May-17,04-Jun-17,123020388,220101400174,3,38.7,6.5
15950,Platinum,30-May-17,02-Jun-17,123020896,220200300142,3,330.9,50.25
16408,Gold,30-May-17,30-May-17,123018102,240700200019,2,33.8,8.6
17843,GOLD,30-May-17,01-Jun-17,123018114,220200100229,1,165.5,82.85
18208,Gold,30-May-17,30-May-17,123020416,240100200007,1,3.3,1.35
18978,Gold,30-May-17,30-May-17,123018145,220200300111,1,7.2,3.25
21776,Gold,30-May-17,30-May-17,123020517,240200200019,3,389.4,12.25
22154,Silver,30-May-17,30-May-17,123019797,240100400112,1,114,54.8
23566,Silver,30-May-17,01-Jun-17,123020546,220100100316,4,198,24.85
23578,Gold,30-May-17,30-May-17,123018203,220200200071,1,95.4,41.45
23712,Silver,30-May-17,01-Jun-17,123018212,240400300003,3,190.5,26.35
24128,Gold,30-May-17,30-May-17,123018227,210200600072,1,73.2,30.8
24791,Silver,30-May-17,03-Jun-17,123022246,240100100651,1,29.2,12.9
24869,Silver,30-May-17,01-Jun-17,123020937,220200300161,3,67.8,9.65
27295,Gold,30-May-17,30-May-17,123019162,240600100196,2,115.6,25.5
27342,Gold,30-May-17,30-May-17,123022301,240700100001,5,117,12.2
28205,Gold,30-May-17,01-Jun-17,123022319,230100500082,3,378.3,58.6
28512,Gold,30-May-17,30-May-17,123020587,220200200047,1,135.8,68
29853,Silver,30-May-17,30-May-17,123019829,240100100570,1,32.6,13.8
30026,Gold,30-May-17,30-May-17,123019177,240800200043,1,42.3,18.45
30432,Silver,30-May-17,05-Jun-17,123019837,240100400142,1,153.8,77
30538,Silver,30-May-17,03-Jun-17,123019180,240600100107,2,52.4,11.7
31533,Silver,30-May-17,30-May-17,123022394,230100500085,2,475.2,97.9
32561,Platinum,30-May-17,31-May-17,123018426,210200700011,1,10.6,4.65
32561,Silver,30-May-17,30-May-17,123018413,220200100047,1,74.8,36.85
32619,GOLD,30-May-17,30-May-17,123022407,220101200028,1,50.6,21.9
33451,Silver,30-May-17,30-May-17,123022439,240100400098,1,251.8,125.85
34235,Silver,30-May-17,05-Jun-17,123022477,210200900038,1,19.5,8.95
34399,Gold,30-May-17,30-May-17,123021337,210200600049,1,18.3,8.15
34918,Silver,30-May-17,02-Jun-17,123018435,230100100013,1,113.1,58.9
35025,SILVER,30-May-17,30-May-17,123017356,230100600022,1,84.1,42.15
35608,GOLD,30-May-17,04-Jun-17,123021604,230100100031,1,460.4,209.35
36837,Silver,30-May-17,30-May-17,123022562,220101400084,1,20,9.2
37174,Gold,30-May-17,30-May-17,123022576,220200100008,1,58.1,29.15
37286,Gold,30-May-17,30-May-17,123022582,210200100013,1,42.3,18.85
37691,Silver,30-May-17,04-Jun-17,123018480,230100700011,2,504,103.95
38092,Gold,30-May-17,04-Jun-17,123022618,240800200034,1,66.7,30.25
39313,Gold,30-May-17,30-May-17,123022657,230100500096,2,71,17.25
39518,Platinum,30-May-17,30-May-17,123022681,240300300069,1,494.4,225.15
40036,Gold,30-May-17,02-Jun-17,123023406,240100100317,1,25.2,11.05
40103,Gold,30-May-17,30-May-17,123022694,240100100552,3,507.6,71.95
40330,Silver,30-May-17,03-Jun-17,123018537,240400300013,2,99.8,20.8
42490,Silver,30-May-17,30-May-17,123022784,240500200072,1,47,22.4
43156,Gold,30-May-17,04-Jun-17,123022785,240400200095,1,223.6,101.6
43485,Silver,30-May-17,30-May-17,123017404,240700300004,1,17,8.1
43628,Silver,30-May-17,15-Jun-17,123022794,220200300095,3,351,53.3
43913,Gold,30-May-17,30-May-17,123019259,220100100125,1,33.4,16.8
44560,Gold,30-May-17,30-May-17,123022818,240800100088,1,191.8,76.8
46174,Gold,30-May-17,02-Jun-17,123022882,230100200074,2,95.6,23.35
46617,Gold,30-May-17,02-Jun-17,123020686,230100600023,2,146.8,36.8
47445,GOLD,30-May-17,30-May-17,123020695,230100700002,2,440,135
49810,Platinum,30-May-17,30-May-17,123018651,220200100083,3,468.9,78.25
54402,GOLD,30-May-17,30-May-17,123018746,230100600039,3,320.4,51.1
54459,Gold,30-May-17,30-May-17,123023093,230100600003,2,34.4,7.55
56882,Gold,30-May-17,30-May-17,123020734,210200100017,4,153.2,17.05
57305,Silver,30-May-17,11-Jun-17,123023186,240100100581,1,27.5,11.35
58110,SILVER,30-May-17,30-May-17,123023200,230100100037,1,47.9,21.4
58695,Gold,30-May-17,30-May-17,123023214,220200100218,1,75.2,37.7
58953,Silver,30-May-17,31-May-17,123018956,210200600059,1,167.2,71.6
59094,Gold,30-May-17,30-May-17,123019991,210200300092,1,50.7,25.45
59622,Gold,30-May-17,03-Jun-17,123018847,230100200056,2,540,125.65
61005,Silver,30-May-17,02-Jun-17,123023329,240100400057,4,870,161.2
61491,Silver,30-May-17,03-Jun-17,123023341,230100500082,2,252.2,58.6
61603,Silver,30-May-17,30-May-17,123023351,240100100665,3,124.5,17.25
61817,Silver,30-May-17,31-May-17,123018963,230100500008,3,114,16.8
61887,Gold,30-May-17,01-Jun-17,123017817,240200200050,2,95.2,19.1
62100,Silver,30-May-17,02-Jun-17,123018870,230100600036,2,206.4,50.4
62624,Silver,30-May-17,30-May-17,123021389,220200100101,1,61,28.75
63337,Silver,30-May-17,30-May-17,123021403,220200100197,1,138.5,69.35
64847,SILVER,30-May-17,30-May-17,123020832,230100200044,2,140.2,35.15
70529,Silver,30-May-17,30-May-17,123020018,240700400036,3,18.6,2.75
70795,Gold,30-May-17,02-Jun-17,123021414,230100600005,2,259.6,63.2
71605,Silver,30-May-17,30-May-17,123019381,220200100213,1,116.3,56.3
72997,Gold,30-May-17,03-Jun-17,123017525,220100100171,1,170.4,85.3
73085,GOLD,30-May-17,30-May-17,123020063,240700400010,2,122.6,31.95
73257,Silver,30-May-17,30-May-17,123017538,220101400190,1,5.4,2.4
74033,Gold,30-May-17,30-May-17,123020093,210200600110,1,25,11.35
74065,Silver,30-May-17,30-May-17,123019399,220100100405,1,12,6.05
75084,GOLD,30-May-17,30-May-17,123021101,230100600017,2,111.4,27.95
76586,Silver,30-May-17,02-Jun-17,123021450,230100500082,2,252.2,58.6
77485,Gold,30-May-17,30-May-17,123017584,210201000130,2,59.2,13.2
77727,SILVER,30-May-17,30-May-17,123019035,210200300090,3,40.8,6.85
82038,Gold,30-May-17,30-May-17,123019036,240100100329,3,111.9,18.75
82598,Silver,30-May-17,30-May-17,123020188,240700400031,2,108,27.1
82859,GOLD,30-May-17,02-Jun-17,123021500,220200100238,1,209.3,104.6
83210,Gold,30-May-17,30-May-17,123019046,230100100037,1,47.9,21.4
85284,Silver,30-May-17,30-May-17,123021194,240400300009,2,124.2,25.8
85905,Gold,30-May-17,30-May-17,123019570,220200200052,1,199.2,90.6
86077,Silver,30-May-17,30-May-17,123020204,240300100034,1,47.9,21.75
86621,SILVER,30-May-17,02-Jun-17,123021212,220101200036,1,41.6,18
86848,Gold,30-May-17,30-May-17,123019580,240500100054,1,70.5,28.25
88356,Silver,30-May-17,30-May-17,123017734,240100100737,2,88.8,19.15
90158,Gold,30-May-17,01-Jun-17,123019602,240100100578,1,57.1,23.75
90655,Gold,30-May-17,30-May-17,123020246,240700400003,3,37.2,5.6
92489,Silver,30-May-17,03-Jun-17,123019081,240500100006,3,138.3,21.05
92590,GOLD,30-May-17,31-May-17,123019631,220200300072,1,98.7,45
723,Gold,31-May-17,31-May-17,123023811,240200100136,2,1513.4,436.9
2103,Silver,31-May-17,31-May-17,123025832,240700100009,2,53.98,10.23
4050,GOLD,31-May-17,31-May-17,123025867,240300300106,1,51.6,22.05
5442,Silver,31-May-17,31-May-17,123024413,240100100115,1,26.2,11.75
7065,Gold,31-May-17,31-May-17,123025941,220200200018,1,66.4,30.25
7203,Gold,31-May-17,31-May-17,123024434,210200600111,4,79.2,8.45
11346,Platinum,31-May-17,01-Jun-17,123025323,230100500013,2,18.8,4.75
13756,GOLD,31-May-17,31-May-17,123026077,220101400205,3,74.1,11.1
14303,Gold,31-May-17,31-May-17,123026092,210200900048,1,36.4,17.7
17605,Gold,31-May-17,02-Jun-17,123024477,210200500015,4,71.2,8.25
22630,GOLD,31-May-17,31-May-17,123026347,240500100039,1,34.5,15.4
26492,SILVER,31-May-17,31-May-17,123026421,240500100059,1,61,26.55
27134,Silver,31-May-17,04-Jun-17,123025751,230100500093,2,265.6,55.85
30403,Silver,31-May-17,02-Jun-17,123026517,240100400128,1,192.4,89.9
31787,GOLD,31-May-17,31-May-17,123026550,220200100224,1,144.9,72.55
38605,Silver,31-May-17,31-May-17,123026656,220100900027,3,149.7,20
40233,Silver,31-May-17,31-May-17,123025036,240100100581,1,27.5,11.35
42578,Silver,31-May-17,31-May-17,123026759,220100100506,4,112.4,14.15
46430,Silver,31-May-17,02-Jun-17,123024606,240100300004,2,45.8,9.1
51023,SILVER,31-May-17,31-May-17,123024657,240200100198,2,118.2,29.05
53666,Silver,31-May-17,31-May-17,123025506,240100100186,1,273,122.8
65598,Silver,31-May-17,31-May-17,123027166,220100900031,1,86.7,34.7
75219,Silver,31-May-17,31-May-17,123025605,240100400081,3,360.3,56.45
75264,Silver,31-May-17,31-May-17,123024763,240200200042,2,101.2,20.3
75709,Gold,31-May-17,31-May-17,123025150,220200100179,1,134.5,67.35
75724,Gold,31-May-17,31-May-17,123025159,220101400435,1,61,30.45
75874,SILVER,31-May-17,31-May-17,123024105,240600100089,2,44,9.1
78768,Gold,31-May-17,31-May-17,123024793,240100100184,1,183.1,85.4
85122,SILVER,31-May-17,31-May-17,123024221,220200300083,1,53,26.6
87123,Gold,31-May-17,31-May-17,123024238,240200100222,2,169.4,42.45
88565,GOLD,31-May-17,31-May-17,123024266,240500200098,1,44,20.95
88590,Gold,31-May-17,31-May-17,123024287,240200100222,2,169.4,42.45
89301,Gold,31-May-17,31-May-17,123024886,240600100190,2,76.8,16.7
90158,SILVER,31-May-17,31-May-17,123024362,240200200084,2,140.6,28.4
90749,SILVER,31-May-17,31-May-17,123025272,220101200029,1,52.3,22.65
90926,SILVER,31-May-17,31-May-17,123024384,240600100027,3,106.2,14.25
91394,Silver,31-May-17,31-May-17,123025294,220200300081,1,59.4,26.45
93432,Gold,31-May-17,01-Jun-17,123024935,210201000006,1,23.4,10.5
192,Silver,01-Jun-17,05-Jun-17,123030631,240700400036,3,18.6,2.75
2669,SILVER,01-Jun-17,01-Jun-17,123030672,210200600072,2,146.4,30.8
3446,Platinum,01-Jun-17,01-Jun-17,123030723,220100100135,2,71.4,17.95
5606,GOLD,01-Jun-17,01-Jun-17,123030762,220100100575,2,77.4,19.45
6551,Platinum,01-Jun-17,07-Jun-17,123028497,230100700008,2,988.8,241
6565,GOLD,01-Jun-17,05-Jun-17,123029851,220101400097,2,110.6,25.25
8136,Silver,01-Jun-17,01-Jun-17,123030810,220100700022,2,103.4,21.9
9425,PLATINUM,01-Jun-17,01-Jun-17,123030873,230100600036,4,412.8,50.4
9592,Gold,01-Jun-17,06-Jun-17,123029878,220200200060,2,117,26.65
10187,GOLD,01-Jun-17,01-Jun-17,123030881,230100600010,2,250.6,61.35
10913,Silver,01-Jun-17,01-Jun-17,123029107,240800100045,1,228.2,97.05
12522,Silver,01-Jun-17,06-Jun-17,123028547,240600100080,4,113.2,8.55
14315,Silver,01-Jun-17,01-Jun-17,123027763,240700300002,1,21.99,7.25
14926,SILVER,01-Jun-17,04-Jun-17,123029904,220101400205,2,49.4,11.1
14957,Silver,01-Jun-17,04-Jun-17,123030979,240500200059,3,93,14.8
15425,SILVER,01-Jun-17,01-Jun-17,123027192,240100100454,2,51.2,12.9
15439,Silver,01-Jun-17,01-Jun-17,123027787,220101400328,3,56.4,8.75
15463,Silver,01-Jun-17,01-Jun-17,123031007,220101200025,2,52.6,11.4
15880,Silver,01-Jun-17,01-Jun-17,123027793,220101100006,2,27.4,5.5
16774,SILVER,01-Jun-17,01-Jun-17,123029524,220200100037,2,205.2,51.4
17965,Silver,01-Jun-17,01-Jun-17,123031119,220101400138,2,93.4,23.45
19307,GOLD,01-Jun-17,02-Jun-17,123027832,230100600030,4,345.2,41.4
19378,Silver,01-Jun-17,01-Jun-17,123029554,220200300098,2,266.6,60.65
20738,Gold,01-Jun-17,04-Jun-17,123031207,240100100430,2,5.6,1
21415,SILVER,01-Jun-17,03-Jun-17,123031216,240500100038,2,113.8,25.25
22095,Silver,01-Jun-17,03-Jun-17,123028573,230100600041,2,135,32.15
22501,Gold,01-Jun-17,06-Jun-17,123030601,230100200034,2,431,97.85
25153,Silver,01-Jun-17,01-Jun-17,123027903,220100100277,2,69.2,17.4
26109,Silver,01-Jun-17,01-Jun-17,123029918,240600100163,2,119.4,25.15
27198,Gold,01-Jun-17,04-Jun-17,123031334,240800200015,1,127.3,63.6
29294,GOLD,01-Jun-17,01-Jun-17,123028596,220200100098,2,241.4,66.5
30147,Silver,01-Jun-17,01-Jun-17,123027991,240100100283,2,75.8,18
31061,Gold,01-Jun-17,01-Jun-17,123029164,220100100419,2,99,24.85
32735,Gold,01-Jun-17,01-Jun-17,123029637,220200100126,2,66.8,16.8
35204,Gold,01-Jun-17,03-Jun-17,123031430,240100400129,2,474.8,111
36659,Platinum,01-Jun-17,01-Jun-17,123028013,220100300016,1,17.1,8.65
38995,Gold,01-Jun-17,01-Jun-17,123029959,240500200073,2,99,20.65
41975,Silver,01-Jun-17,01-Jun-17,123029972,220200100155,5,630,63.1
43955,Silver,01-Jun-17,01-Jun-17,123031735,220200100057,5,629,63
44216,Gold,01-Jun-17,01-Jun-17,123029987,240200100180,4,486.4,62.9
44651,Silver,01-Jun-17,01-Jun-17,123029994,220200200062,3,266.4,37.8
45121,Gold,01-Jun-17,01-Jun-17,123029725,230100700011,4,1008,103.95
49435,Silver,01-Jun-17,01-Jun-17,123029193,220200200054,3,587.1,97.95
49445,Gold,01-Jun-17,01-Jun-17,123028099,240500100029,3,176.7,26.1
52351,Gold,01-Jun-17,01-Jun-17,123028152,220100800066,2,92.4,22
52809,Platinum,01-Jun-17,01-Jun-17,123031912,240300300079,1,208.7,95.2
53078,Silver,01-Jun-17,02-Jun-17,123031918,240100400057,2,435,161.2
53929,Gold,01-Jun-17,05-Jun-17,123030022,240300100039,1,13.7,6
55308,Gold,01-Jun-17,03-Jun-17,123028195,220101400007,3,127.2,19.35
55920,Gold,01-Jun-17,04-Jun-17,123028645,230100600031,4,354,42.45
56415,Silver,01-Jun-17,06-Jun-17,123032109,240800200020,1,163.4,74.3
57531,Silver,01-Jun-17,01-Jun-17,123029798,220200100240,2,80,20.1
58127,Silver,01-Jun-17,01-Jun-17,123028664,240500200114,3,25.2,3.95
59484,Silver,01-Jun-17,05-Jun-17,123030027,240300300057,1,357.6,149.05
62745,Silver,01-Jun-17,02-Jun-17,123030402,230100700008,5,2472,241
63280,Gold,01-Jun-17,04-Jun-17,123028681,230100600041,4,270,32.15
63833,Gold,01-Jun-17,02-Jun-17,123028288,230100600028,4,386.8,48.45
70795,GOLD,01-Jun-17,01-Jun-17,123030414,240100400062,2,226.4,54
70938,Silver,01-Jun-17,07-Jun-17,123030420,230100100043,2,164,32.9
71616,Gold,01-Jun-17,01-Jun-17,123029259,210200300001,2,62.8,15.8
72123,Gold,01-Jun-17,01-Jun-17,123029268,240100300006,5,257.5,22.8
77256,Silver,01-Jun-17,01-Jun-17,123029313,220200300082,2,142,32.3
78736,Gold,01-Jun-17,05-Jun-17,123027454,210201000045,2,68,15.5
81606,Silver,01-Jun-17,01-Jun-17,123028888,220200100170,3,336.3,56.15
82747,Gold,01-Jun-17,01-Jun-17,123028901,240200100106,2,14,3.1
83486,Gold,01-Jun-17,12-Jun-17,123030180,230100200016,2,376.2,90.35
83746,Silver,01-Jun-17,01-Jun-17,123030554,240400200048,1,88.5,39.3
84524,Gold,01-Jun-17,01-Jun-17,123028914,210200500015,2,35.6,8.25
84858,Platinum,01-Jun-17,03-Jun-17,123027541,240200100073,2,42.6,12.05
85438,SILVER,01-Jun-17,06-Jun-17,123027545,240200100154,2,53.2,11.95
85991,SILVER,01-Jun-17,01-Jun-17,123027469,240100100404,3,187.5,32.75
86456,Gold,01-Jun-17,03-Jun-17,123027473,220100700001,1,67,32
88303,Silver,01-Jun-17,01-Jun-17,123028970,220200100098,3,362.1,66.5
88356,Silver,01-Jun-17,01-Jun-17,123027479,230100500092,1,115.6,48.15
89542,Gold,01-Jun-17,01-Jun-17,123030235,220100700001,2,134,32
90044,Silver,01-Jun-17,06-Jun-17,123030614,230100500087,2,182.2,37.95
90186,Gold,01-Jun-17,01-Jun-17,123029414,210200500004,2,193.8,40.65
91900,Silver,01-Jun-17,01-Jun-17,123028998,210200600048,2,79.8,18.75
91950,Silver,01-Jun-17,04-Jun-17,123027556,240200200011,2,271.4,13
1316,Gold,02-Jun-17,02-Jun-17,123033733,240200100066,4,1155.2,140.55
1371,Gold,02-Jun-17,02-Jun-17,123032774,230100300028,1,38,17.7
2108,Silver,02-Jun-17,02-Jun-17,123036126,220100100489,2,102.2,25.65
2231,Gold,02-Jun-17,06-Jun-17,123032789,230100500068,2,3.4,0.8
3811,Silver,02-Jun-17,02-Jun-17,123035377,240200100246,4,64.8,7.9
5417,Gold,02-Jun-17,07-Jun-17,123034957,210200600075,2,24.8,5.25
6695,Gold,02-Jun-17,02-Jun-17,123036230,240800100063,1,277.5,116.6
6715,Gold,02-Jun-17,02-Jun-17,123033775,240600100103,4,168,17.45
8729,Silver,02-Jun-17,02-Jun-17,123033783,220100700027,3,173.7,29.05
10782,Gold,02-Jun-17,02-Jun-17,123032926,220101400116,2,152.8,34.85
11724,Gold,02-Jun-17,05-Jun-17,123035008,220100900014,2,57,11.9
11742,Gold,02-Jun-17,06-Jun-17,123036363,240500200004,2,65,15.6
11779,Gold,02-Jun-17,02-Jun-17,123035795,220200100087,2,227.4,56.95
12608,Silver,02-Jun-17,06-Jun-17,123034400,210200600095,2,62.8,13.9
